BUKRS,BELNR,GJAHR,BUZEI,HKONT,BLART,BLDAT,BUDAT,WAERS,KURSF,DMBTR_SIGNED,MWSKZ,KUNNR,STCEG,NAME1,PRCTR
1000,DOC1001,2026,1,140000,F2,2026-06-03,2026-06-03,MYR,1.0,5400.00,SST-S,C1,MYB0000001,Buyer 1,PC01
1000,DOC1001,2026,2,400000,F2,2026-06-03,2026-06-03,MYR,1.0,-5000.00,SST-S,C1,MYB0000001,Buyer 1,PC01
1000,DOC1001,2026,3,230000,F2,2026-06-03,2026-06-03,MYR,1.0,-400.00,SST-S,C1,MYB0000001,Buyer 1,PC01
1000,DOC1002,2026,1,140000,F2,2026-06-04,2026-06-04,MYR,1.0,8775.00,SST-S,C2,MYB0000002,Buyer 2,PC01
1000,DOC1002,2026,2,400000,F2,2026-06-04,2026-06-04,MYR,1.0,-8125.00,SST-S,C2,MYB0000002,Buyer 2,PC01
1000,DOC1002,2026,3,230000,F2,2026-06-04,2026-06-04,MYR,1.0,-650.00,SST-S,C2,MYB0000002,Buyer 2,PC01
1000,WEXGL1,2026,1,140000,F2,2026-06-06,2026-06-06,MYR,1.0,6750.00,SST-S,C3,MYB0000003,Buyer 3,PC01
1000,WEXGL1,2026,2,400000,F2,2026-06-06,2026-06-06,MYR,1.0,-6250.00,SST-S,C3,MYB0000003,Buyer 3,PC01
1000,WEXGL1,2026,3,230000,F2,2026-06-06,2026-06-06,MYR,1.0,-500.00,SST-S,C3,MYB0000003,Buyer 3,PC01
1000,WEXGL2,2026,1,140000,F2,2026-06-06,2026-06-06,MYR,1.0,6750.00,SST-S,C3,MYB0000003,Buyer 3,PC01
1000,WEXGL2,2026,2,400000,F2,2026-06-06,2026-06-06,MYR,1.0,-6250.00,SST-S,C3,MYB0000003,Buyer 3,PC01
1000,WEXGL2,2026,3,230000,F2,2026-06-06,2026-06-06,MYR,1.0,-500.00,SST-S,C3,MYB0000003,Buyer 3,PC01
1000,DEG700,2026,1,140000,F2,2026-06-12,2026-06-12,MYR,1.0,6750.00,SST-S,C7,MYB0000007,Buyer 7,PC01
1000,DEG700,2026,2,400000,F2,2026-06-12,2026-06-12,MYR,1.0,-6250.00,SST-S,C7,MYB0000007,Buyer 7,PC01
1000,DEG700,2026,3,230000,F2,2026-06-12,2026-06-12,MYR,1.0,-500.00,SST-S,C7,MYB0000007,Buyer 7,PC01
1000,DEG701,2026,1,140000,F2,2026-06-12,2026-06-12,MYR,1.0,6750.00,SST-S,C7,MYB0000007,Buyer 7,PC01
1000,DEG701,2026,2,400000,F2,2026-06-12,2026-06-12,MYR,1.0,-6250.00,SST-S,C7,MYB0000007,Buyer 7,PC01
1000,DEG701,2026,3,230000,F2,2026-06-12,2026-06-12,MYR,1.0,-500.00,SST-S,C7,MYB0000007,Buyer 7,PC01
1000,DEG702,2026,1,140000,F2,2026-06-12,2026-06-12,MYR,1.0,6750.00,SST-S,C7,MYB0000007,Buyer 7,PC01
1000,DEG702,2026,2,400000,F2,2026-06-12,2026-06-12,MYR,1.0,-6250.00,SST-S,C7,MYB0000007,Buyer 7,PC01
1000,DEG702,2026,3,230000,F2,2026-06-12,2026-06-12,MYR,1.0,-500.00,SST-S,C7,MYB0000007,Buyer 7,PC01
1000,DEG703,2026,1,140000,F2,2026-06-12,2026-06-12,MYR,1.0,6750.00,SST-S,C7,MYB0000007,Buyer 7,PC01
1000,DEG703,2026,2,400000,F2,2026-06-12,2026-06-12,MYR,1.0,-6250.00,SST-S,C7,MYB0000007,Buyer 7,PC01
1000,DEG703,2026,3,230000,F2,2026-06-12,2026-06-12,MYR,1.0,-500.00,SST-S,C7,MYB0000007,Buyer 7,PC01
1000,DEG704,2026,1,140000,F2,2026-06-12,2026-06-12,MYR,1.0,6750.00,SST-S,C7,MYB0000007,Buyer 7,PC01
1000,DEG704,2026,2,400000,F2,2026-06-12,2026-06-12,MYR,1.0,-6250.00,SST-S,C7,MYB0000007,Buyer 7,PC01
1000,DEG704,2026,3,230000,F2,2026-06-12,2026-06-12,MYR,1.0,-500.00,SST-S,C7,MYB0000007,Buyer 7,PC01
1000,DEG705,2026,1,140000,F2,2026-06-12,2026-06-12,MYR,1.0,6750.00,SST-S,C7,MYB0000007,Buyer 7,PC01
1000,DEG705,2026,2,400000,F2,2026-06-12,2026-06-12,MYR,1.0,-6250.00,SST-S,C7,MYB0000007,Buyer 7,PC01
1000,DEG705,2026,3,230000,F2,2026-06-12,2026-06-12,MYR,1.0,-500.00,SST-S,C7,MYB0000007,Buyer 7,PC01
1000,DEG706,2026,1,140000,F2,2026-06-12,2026-06-12,MYR,1.0,6750.00,SST-S,C7,MYB0000007,Buyer 7,PC01
1000,DEG706,2026,2,400000,F2,2026-06-12,2026-06-12,MYR,1.0,-6250.00,SST-S,C7,MYB0000007,Buyer 7,PC01
1000,DEG706,2026,3,230000,F2,2026-06-12,2026-06-12,MYR,1.0,-500.00,SST-S,C7,MYB0000007,Buyer 7,PC01
1000,DEG707,2026,1,140000,F2,2026-06-12,2026-06-12,MYR,1.0,6750.00,SST-S,C7,MYB0000007,Buyer 7,PC01
1000,DEG707,2026,2,400000,F2,2026-06-12,2026-06-12,MYR,1.0,-6250.00,SST-S,C7,MYB0000007,Buyer 7,PC01
1000,DEG707,2026,3,230000,F2,2026-06-12,2026-06-12,MYR,1.0,-500.00,SST-S,C7,MYB0000007,Buyer 7,PC01
1000,DEG708,2026,1,140000,F2,2026-06-12,2026-06-12,MYR,1.0,6750.00,SST-S,C7,MYB0000007,Buyer 7,PC01
1000,DEG708,2026,2,400000,F2,2026-06-12,2026-06-12,MYR,1.0,-6250.00,SST-S,C7,MYB0000007,Buyer 7,PC01
1000,DEG708,2026,3,230000,F2,2026-06-12,2026-06-12,MYR,1.0,-500.00,SST-S,C7,MYB0000007,Buyer 7,PC01
1000,DEG709,2026,1,140000,F2,2026-06-12,2026-06-12,MYR,1.0,6750.00,SST-S,C7,MYB0000007,Buyer 7,PC01
1000,DEG709,2026,2,400000,F2,2026-06-12,2026-06-12,MYR,1.0,-6250.00,SST-S,C7,MYB0000007,Buyer 7,PC01
1000,DEG709,2026,3,230000,F2,2026-06-12,2026-06-12,MYR,1.0,-500.00,SST-S,C7,MYB0000007,Buyer 7,PC01
1000,E2A8,2026,1,140000,F2,2026-06-05,2026-06-05,MYR,1.0,9720.00,SST-S,C8,MYB0000008,Buyer 8,PC01
1000,E2A8,2026,2,400000,F2,2026-06-05,2026-06-05,MYR,1.0,-9000.00,SST-S,C8,MYB0000008,Buyer 8,PC01
1000,E2A8,2026,3,230000,F2,2026-06-05,2026-06-05,MYR,1.0,-720.00,SST-S,C8,MYB0000008,Buyer 8,PC01
1000,E2A9,2026,1,140000,F2,2026-06-05,2026-06-05,MYR,1.0,4495.50,SST-S,C9,MYB0000009,Buyer 9,PC01
1000,E2A9,2026,2,400000,F2,2026-06-05,2026-06-05,MYR,1.0,-4162.50,SST-S,C9,MYB0000009,Buyer 9,PC01
1000,E2A9,2026,3,230000,F2,2026-06-05,2026-06-05,MYR,1.0,-333.00,SST-S,C9,MYB0000009,Buyer 9,PC01
1000,E4A11,2026,1,110000,SA,2026-06-20,2026-06-20,MYR,1.0,2835.00,SST-S,C11,MYB0000011,Buyer 11,PC01
1000,E4A11,2026,2,400000,SA,2026-06-20,2026-06-20,MYR,1.0,-2625.00,SST-S,C11,MYB0000011,Buyer 11,PC01
1000,E4A11,2026,3,230000,SA,2026-06-20,2026-06-20,MYR,1.0,-210.00,SST-S,C11,MYB0000011,Buyer 11,PC01
1000,E5A12,2026,1,140000,F2,2026-06-15,2026-06-15,MYR,1.0,11880.00,SST-S,C12,MYB0000012,Buyer 12,PC01
1000,E5A12,2026,2,490000,F2,2026-06-15,2026-06-15,MYR,1.0,-11000.00,SST-S,C12,MYB0000012,Buyer 12,PC01
1000,E5A12,2026,3,230000,F2,2026-06-15,2026-06-15,MYR,1.0,-880.00,SST-S,C12,MYB0000012,Buyer 12,PC01
1000,E5A13,2026,1,140000,F2,2026-06-16,2026-06-16,MYR,1.0,2025.00,SST-S,C13,MYB0000013,Buyer 13,PC01
1000,E5A13,2026,2,450000,F2,2026-06-16,2026-06-16,MYR,1.0,-1875.00,SST-S,C13,MYB0000013,Buyer 13,PC01
1000,E5A13,2026,3,230000,F2,2026-06-16,2026-06-16,MYR,1.0,-150.00,SST-S,C13,MYB0000013,Buyer 13,PC01
1000,E6A14,2026,1,110000,DZ,2026-06-18,2026-06-18,MYR,1.0,5000.00,SST-S,C14,MYB0000014,Buyer 14,PC01
1000,E6A14,2026,2,140000,DZ,2026-06-18,2026-06-18,MYR,1.0,-5000.00,SST-S,C14,MYB0000014,Buyer 14,PC01
1000,WHT16,2026,1,140000,F2,2026-06-11,2026-06-11,MYR,1.0,6125.00,SST-S,C16,MYB0000016,Buyer 16,PC01
1000,WHT16,2026,2,231000,F2,2026-06-11,2026-06-11,MYR,1.0,625.00,SST-S,C16,MYB0000016,Buyer 16,PC01
1000,WHT16,2026,3,400000,F2,2026-06-11,2026-06-11,MYR,1.0,-6250.00,SST-S,C16,MYB0000016,Buyer 16,PC01
1000,WHT16,2026,4,230000,F2,2026-06-11,2026-06-11,MYR,1.0,-500.00,SST-S,C16,MYB0000016,Buyer 16,PC01
1000,RND18,2026,1,140000,F2,2026-06-13,2026-06-13,MYR,1.0,5089.52,SST-S,C18,MYB0000018,Buyer 18,PC01
1000,RND18,2026,2,400000,F2,2026-06-13,2026-06-13,MYR,1.0,-4712.50,SST-S,C18,MYB0000018,Buyer 18,PC01
1000,RND18,2026,3,230000,F2,2026-06-13,2026-06-13,MYR,1.0,-377.00,SST-S,C18,MYB0000018,Buyer 18,PC01
1000,RND18,2026,4,880000,F2,2026-06-13,2026-06-13,MYR,1.0,-0.02,SST-S,C18,MYB0000018,Buyer 18,PC01
1000,MULTI19,2026,1,140000,F2,2026-06-14,2026-06-14,MYR,1.0,33750.00,SST-S,C19,MYB0000019,Buyer 19,PC01
1000,MULTI19,2026,2,400000,F2,2026-06-14,2026-06-14,MYR,1.0,-10000.00,SST-S,C19,MYB0000019,Buyer 19,PC01
1000,MULTI19,2026,3,400000,F2,2026-06-14,2026-06-14,MYR,1.0,-8000.00,SST-S,C19,MYB0000019,Buyer 19,PC01
1000,MULTI19,2026,4,400000,F2,2026-06-14,2026-06-14,MYR,1.0,-7000.00,SST-S,C19,MYB0000019,Buyer 19,PC01
1000,MULTI19,2026,5,230000,F2,2026-06-14,2026-06-14,MYR,1.0,-2000.00,SST-S,C19,MYB0000019,Buyer 19,PC01
1000,WTC20,2026,1,140000,F2,2026-06-17,2026-06-17,MYR,1.0,6500.00,SST-S,C20,MYB0000020,Buyer 20,PC01
1000,WTC20,2026,2,400000,F2,2026-06-17,2026-06-17,MYR,1.0,-6250.00,SST-S,C20,MYB0000020,Buyer 20,PC01
1000,WTC20,2026,3,230000,F2,2026-06-17,2026-06-17,MYR,1.0,-250.00,SST-S,C20,MYB0000020,Buyer 20,PC01
1000,CN21,2026,1,140000,G2,2026-06-21,2026-06-21,MYR,1.0,-3510.00,SST-S,C21,MYB0000021,Buyer 21,PC01
1000,CN21,2026,2,400000,G2,2026-06-21,2026-06-21,MYR,1.0,3250.00,SST-S,C21,MYB0000021,Buyer 21,PC01
1000,CN21,2026,3,230000,G2,2026-06-21,2026-06-21,MYR,1.0,260.00,SST-S,C21,MYB0000021,Buyer 21,PC01
1000,CUT22,2026,1,140000,F2,2026-07-02,2026-07-02,MYR,1.0,5535.00,SST-S,C22,MYB0000022,Buyer 22,PC01
1000,CUT22,2026,2,400000,F2,2026-07-02,2026-07-02,MYR,1.0,-5125.00,SST-S,C22,MYB0000022,Buyer 22,PC01
1000,CUT22,2026,3,230000,F2,2026-07-02,2026-07-02,MYR,1.0,-410.00,SST-S,C22,MYB0000022,Buyer 22,PC01
1000,FX23,2026,1,140000,F2,2026-06-22,2026-06-22,MYR,1.0,9465.00,SST-S,C23,MYB0000023,Buyer 23,PC01
1000,FX23,2026,2,400000,F2,2026-06-22,2026-06-22,MYR,1.0,-8750.00,SST-S,C23,MYB0000023,Buyer 23,PC01
1000,FX23,2026,3,230000,F2,2026-06-22,2026-06-22,MYR,1.0,-700.00,SST-S,C23,MYB0000023,Buyer 23,PC01
1000,FX23,2026,4,880000,F2,2026-06-22,2026-06-22,MYR,1.0,-15.00,SST-S,C23,MYB0000023,Buyer 23,PC01
1000,CN24,2026,1,140000,G2,2026-06-23,2026-06-23,MYR,1.0,-2430.00,SST-S,C24,MYB0000024,Buyer 24,PC01
1000,CN24,2026,2,400000,G2,2026-06-23,2026-06-23,MYR,1.0,2250.00,SST-S,C24,MYB0000024,Buyer 24,PC01
1000,CN24,2026,3,230000,G2,2026-06-23,2026-06-23,MYR,1.0,180.00,SST-S,C24,MYB0000024,Buyer 24,PC01
1000,DUP26,2026,1,140000,F2,2026-06-26,2026-06-26,MYR,1.0,7492.50,SST-S,C26,MYB0000026,Buyer 26,PC01
1000,DUP26,2026,2,400000,F2,2026-06-26,2026-06-26,MYR,1.0,-6937.50,SST-S,C26,MYB0000026,Buyer 26,PC01
1000,DUP26,2026,3,230000,F2,2026-06-26,2026-06-26,MYR,1.0,-555.00,SST-S,C26,MYB0000026,Buyer 26,PC01
1000,FIL1000,2026,1,140000,F2,2026-06-02,2026-06-02,MYR,1.0,4050.00,SST-S,K1000,MYF0001000,Filler 1000,PC01
1000,FIL1000,2026,2,400000,F2,2026-06-02,2026-06-02,MYR,1.0,-3750.00,SST-S,K1000,MYF0001000,Filler 1000,PC01
1000,FIL1000,2026,3,230000,F2,2026-06-02,2026-06-02,MYR,1.0,-300.00,SST-S,K1000,MYF0001000,Filler 1000,PC01
1000,FIL1001,2026,1,140000,F2,2026-06-03,2026-06-03,MYR,1.0,4063.50,SST-S,K1001,MYF0001001,Filler 1001,PC01
1000,FIL1001,2026,2,400000,F2,2026-06-03,2026-06-03,MYR,1.0,-3762.50,SST-S,K1001,MYF0001001,Filler 1001,PC01
1000,FIL1001,2026,3,230000,F2,2026-06-03,2026-06-03,MYR,1.0,-301.00,SST-S,K1001,MYF0001001,Filler 1001,PC01
1000,FIL1002,2026,1,140000,F2,2026-06-04,2026-06-04,MYR,1.0,4077.00,SST-S,K1002,MYF0001002,Filler 1002,PC01
1000,FIL1002,2026,2,400000,F2,2026-06-04,2026-06-04,MYR,1.0,-3775.00,SST-S,K1002,MYF0001002,Filler 1002,PC01
1000,FIL1002,2026,3,230000,F2,2026-06-04,2026-06-04,MYR,1.0,-302.00,SST-S,K1002,MYF0001002,Filler 1002,PC01
1000,FIL1003,2026,1,140000,F2,2026-06-05,2026-06-05,MYR,1.0,4090.50,SST-S,K1003,MYF0001003,Filler 1003,PC01
1000,FIL1003,2026,2,400000,F2,2026-06-05,2026-06-05,MYR,1.0,-3787.50,SST-S,K1003,MYF0001003,Filler 1003,PC01
1000,FIL1003,2026,3,230000,F2,2026-06-05,2026-06-05,MYR,1.0,-303.00,SST-S,K1003,MYF0001003,Filler 1003,PC01
1000,FIL1004,2026,1,140000,F2,2026-06-06,2026-06-06,MYR,1.0,4104.00,SST-S,K1004,MYF0001004,Filler 1004,PC01
1000,FIL1004,2026,2,400000,F2,2026-06-06,2026-06-06,MYR,1.0,-3800.00,SST-S,K1004,MYF0001004,Filler 1004,PC01
1000,FIL1004,2026,3,230000,F2,2026-06-06,2026-06-06,MYR,1.0,-304.00,SST-S,K1004,MYF0001004,Filler 1004,PC01
1000,FIL1005,2026,1,140000,F2,2026-06-07,2026-06-07,MYR,1.0,4117.50,SST-S,K1005,MYF0001005,Filler 1005,PC01
1000,FIL1005,2026,2,400000,F2,2026-06-07,2026-06-07,MYR,1.0,-3812.50,SST-S,K1005,MYF0001005,Filler 1005,PC01
1000,FIL1005,2026,3,230000,F2,2026-06-07,2026-06-07,MYR,1.0,-305.00,SST-S,K1005,MYF0001005,Filler 1005,PC01
1000,FIL1006,2026,1,140000,F2,2026-06-08,2026-06-08,MYR,1.0,4131.00,SST-S,K1006,MYF0001006,Filler 1006,PC01
1000,FIL1006,2026,2,400000,F2,2026-06-08,2026-06-08,MYR,1.0,-3825.00,SST-S,K1006,MYF0001006,Filler 1006,PC01
1000,FIL1006,2026,3,230000,F2,2026-06-08,2026-06-08,MYR,1.0,-306.00,SST-S,K1006,MYF0001006,Filler 1006,PC01
1000,FIL1007,2026,1,140000,F2,2026-06-09,2026-06-09,MYR,1.0,4144.50,SST-S,K1007,MYF0001007,Filler 1007,PC01
1000,FIL1007,2026,2,400000,F2,2026-06-09,2026-06-09,MYR,1.0,-3837.50,SST-S,K1007,MYF0001007,Filler 1007,PC01
1000,FIL1007,2026,3,230000,F2,2026-06-09,2026-06-09,MYR,1.0,-307.00,SST-S,K1007,MYF0001007,Filler 1007,PC01
1000,FIL1008,2026,1,140000,F2,2026-06-10,2026-06-10,MYR,1.0,4158.00,SST-S,K1008,MYF0001008,Filler 1008,PC01
1000,FIL1008,2026,2,400000,F2,2026-06-10,2026-06-10,MYR,1.0,-3850.00,SST-S,K1008,MYF0001008,Filler 1008,PC01
1000,FIL1008,2026,3,230000,F2,2026-06-10,2026-06-10,MYR,1.0,-308.00,SST-S,K1008,MYF0001008,Filler 1008,PC01
1000,FIL1009,2026,1,140000,F2,2026-06-11,2026-06-11,MYR,1.0,4171.50,SST-S,K1009,MYF0001009,Filler 1009,PC01
1000,FIL1009,2026,2,400000,F2,2026-06-11,2026-06-11,MYR,1.0,-3862.50,SST-S,K1009,MYF0001009,Filler 1009,PC01
1000,FIL1009,2026,3,230000,F2,2026-06-11,2026-06-11,MYR,1.0,-309.00,SST-S,K1009,MYF0001009,Filler 1009,PC01
1000,FIL1010,2026,1,140000,F2,2026-06-12,2026-06-12,MYR,1.0,4185.00,SST-S,K1010,MYF0001010,Filler 1010,PC01
1000,FIL1010,2026,2,400000,F2,2026-06-12,2026-06-12,MYR,1.0,-3875.00,SST-S,K1010,MYF0001010,Filler 1010,PC01
1000,FIL1010,2026,3,230000,F2,2026-06-12,2026-06-12,MYR,1.0,-310.00,SST-S,K1010,MYF0001010,Filler 1010,PC01
1000,FIL1011,2026,1,140000,F2,2026-06-13,2026-06-13,MYR,1.0,4198.50,SST-S,K1011,MYF0001011,Filler 1011,PC01
1000,FIL1011,2026,2,400000,F2,2026-06-13,2026-06-13,MYR,1.0,-3887.50,SST-S,K1011,MYF0001011,Filler 1011,PC01
1000,FIL1011,2026,3,230000,F2,2026-06-13,2026-06-13,MYR,1.0,-311.00,SST-S,K1011,MYF0001011,Filler 1011,PC01
1000,FIL1012,2026,1,140000,F2,2026-06-14,2026-06-14,MYR,1.0,4212.00,SST-S,K1012,MYF0001012,Filler 1012,PC01
1000,FIL1012,2026,2,400000,F2,2026-06-14,2026-06-14,MYR,1.0,-3900.00,SST-S,K1012,MYF0001012,Filler 1012,PC01
1000,FIL1012,2026,3,230000,F2,2026-06-14,2026-06-14,MYR,1.0,-312.00,SST-S,K1012,MYF0001012,Filler 1012,PC01
1000,FIL1013,2026,1,140000,F2,2026-06-15,2026-06-15,MYR,1.0,4225.50,SST-S,K1013,MYF0001013,Filler 1013,PC01
1000,FIL1013,2026,2,400000,F2,2026-06-15,2026-06-15,MYR,1.0,-3912.50,SST-S,K1013,MYF0001013,Filler 1013,PC01
1000,FIL1013,2026,3,230000,F2,2026-06-15,2026-06-15,MYR,1.0,-313.00,SST-S,K1013,MYF0001013,Filler 1013,PC01
1000,FIL1014,2026,1,140000,F2,2026-06-16,2026-06-16,MYR,1.0,4239.00,SST-S,K1014,MYF0001014,Filler 1014,PC01
1000,FIL1014,2026,2,400000,F2,2026-06-16,2026-06-16,MYR,1.0,-3925.00,SST-S,K1014,MYF0001014,Filler 1014,PC01
1000,FIL1014,2026,3,230000,F2,2026-06-16,2026-06-16,MYR,1.0,-314.00,SST-S,K1014,MYF0001014,Filler 1014,PC01
1000,FIL1015,2026,1,140000,F2,2026-06-17,2026-06-17,MYR,1.0,4252.50,SST-S,K1015,MYF0001015,Filler 1015,PC01
1000,FIL1015,2026,2,400000,F2,2026-06-17,2026-06-17,MYR,1.0,-3937.50,SST-S,K1015,MYF0001015,Filler 1015,PC01
1000,FIL1015,2026,3,230000,F2,2026-06-17,2026-06-17,MYR,1.0,-315.00,SST-S,K1015,MYF0001015,Filler 1015,PC01
1000,FIL1016,2026,1,140000,F2,2026-06-18,2026-06-18,MYR,1.0,4266.00,SST-S,K1016,MYF0001016,Filler 1016,PC01
1000,FIL1016,2026,2,400000,F2,2026-06-18,2026-06-18,MYR,1.0,-3950.00,SST-S,K1016,MYF0001016,Filler 1016,PC01
1000,FIL1016,2026,3,230000,F2,2026-06-18,2026-06-18,MYR,1.0,-316.00,SST-S,K1016,MYF0001016,Filler 1016,PC01
1000,FIL1017,2026,1,140000,F2,2026-06-19,2026-06-19,MYR,1.0,4279.50,SST-S,K1017,MYF0001017,Filler 1017,PC01
1000,FIL1017,2026,2,400000,F2,2026-06-19,2026-06-19,MYR,1.0,-3962.50,SST-S,K1017,MYF0001017,Filler 1017,PC01
1000,FIL1017,2026,3,230000,F2,2026-06-19,2026-06-19,MYR,1.0,-317.00,SST-S,K1017,MYF0001017,Filler 1017,PC01
1000,FIL1018,2026,1,140000,F2,2026-06-20,2026-06-20,MYR,1.0,4293.00,SST-S,K1018,MYF0001018,Filler 1018,PC01
1000,FIL1018,2026,2,400000,F2,2026-06-20,2026-06-20,MYR,1.0,-3975.00,SST-S,K1018,MYF0001018,Filler 1018,PC01
1000,FIL1018,2026,3,230000,F2,2026-06-20,2026-06-20,MYR,1.0,-318.00,SST-S,K1018,MYF0001018,Filler 1018,PC01
1000,FIL1019,2026,1,140000,F2,2026-06-21,2026-06-21,MYR,1.0,4306.50,SST-S,K1019,MYF0001019,Filler 1019,PC01
1000,FIL1019,2026,2,400000,F2,2026-06-21,2026-06-21,MYR,1.0,-3987.50,SST-S,K1019,MYF0001019,Filler 1019,PC01
1000,FIL1019,2026,3,230000,F2,2026-06-21,2026-06-21,MYR,1.0,-319.00,SST-S,K1019,MYF0001019,Filler 1019,PC01
1000,FIL1020,2026,1,140000,F2,2026-06-22,2026-06-22,MYR,1.0,4320.00,SST-S,K1020,MYF0001020,Filler 1020,PC01
1000,FIL1020,2026,2,400000,F2,2026-06-22,2026-06-22,MYR,1.0,-4000.00,SST-S,K1020,MYF0001020,Filler 1020,PC01
1000,FIL1020,2026,3,230000,F2,2026-06-22,2026-06-22,MYR,1.0,-320.00,SST-S,K1020,MYF0001020,Filler 1020,PC01
1000,FIL1021,2026,1,140000,F2,2026-06-23,2026-06-23,MYR,1.0,4333.50,SST-S,K1021,MYF0001021,Filler 1021,PC01
1000,FIL1021,2026,2,400000,F2,2026-06-23,2026-06-23,MYR,1.0,-4012.50,SST-S,K1021,MYF0001021,Filler 1021,PC01
1000,FIL1021,2026,3,230000,F2,2026-06-23,2026-06-23,MYR,1.0,-321.00,SST-S,K1021,MYF0001021,Filler 1021,PC01
1000,FIL1022,2026,1,140000,F2,2026-06-24,2026-06-24,MYR,1.0,4347.00,SST-S,K1022,MYF0001022,Filler 1022,PC01
1000,FIL1022,2026,2,400000,F2,2026-06-24,2026-06-24,MYR,1.0,-4025.00,SST-S,K1022,MYF0001022,Filler 1022,PC01
1000,FIL1022,2026,3,230000,F2,2026-06-24,2026-06-24,MYR,1.0,-322.00,SST-S,K1022,MYF0001022,Filler 1022,PC01
1000,FIL1023,2026,1,140000,F2,2026-06-25,2026-06-25,MYR,1.0,4360.50,SST-S,K1023,MYF0001023,Filler 1023,PC01
1000,FIL1023,2026,2,400000,F2,2026-06-25,2026-06-25,MYR,1.0,-4037.50,SST-S,K1023,MYF0001023,Filler 1023,PC01
1000,FIL1023,2026,3,230000,F2,2026-06-25,2026-06-25,MYR,1.0,-323.00,SST-S,K1023,MYF0001023,Filler 1023,PC01
1000,FIL1024,2026,1,140000,F2,2026-06-26,2026-06-26,MYR,1.0,4374.00,SST-S,K1024,MYF0001024,Filler 1024,PC01
1000,FIL1024,2026,2,400000,F2,2026-06-26,2026-06-26,MYR,1.0,-4050.00,SST-S,K1024,MYF0001024,Filler 1024,PC01
1000,FIL1024,2026,3,230000,F2,2026-06-26,2026-06-26,MYR,1.0,-324.00,SST-S,K1024,MYF0001024,Filler 1024,PC01
1000,FIL1025,2026,1,140000,F2,2026-06-27,2026-06-27,MYR,1.0,4387.50,SST-S,K1025,MYF0001025,Filler 1025,PC01
1000,FIL1025,2026,2,400000,F2,2026-06-27,2026-06-27,MYR,1.0,-4062.50,SST-S,K1025,MYF0001025,Filler 1025,PC01
1000,FIL1025,2026,3,230000,F2,2026-06-27,2026-06-27,MYR,1.0,-325.00,SST-S,K1025,MYF0001025,Filler 1025,PC01
1000,FIL1026,2026,1,140000,F2,2026-06-01,2026-06-01,MYR,1.0,4401.00,SST-S,K1026,MYF0001026,Filler 1026,PC01
1000,FIL1026,2026,2,400000,F2,2026-06-01,2026-06-01,MYR,1.0,-4075.00,SST-S,K1026,MYF0001026,Filler 1026,PC01
1000,FIL1026,2026,3,230000,F2,2026-06-01,2026-06-01,MYR,1.0,-326.00,SST-S,K1026,MYF0001026,Filler 1026,PC01
1000,FIL1027,2026,1,140000,F2,2026-06-02,2026-06-02,MYR,1.0,4414.50,SST-S,K1027,MYF0001027,Filler 1027,PC01
1000,FIL1027,2026,2,400000,F2,2026-06-02,2026-06-02,MYR,1.0,-4087.50,SST-S,K1027,MYF0001027,Filler 1027,PC01
1000,FIL1027,2026,3,230000,F2,2026-06-02,2026-06-02,MYR,1.0,-327.00,SST-S,K1027,MYF0001027,Filler 1027,PC01
1000,FIL1028,2026,1,140000,F2,2026-06-03,2026-06-03,MYR,1.0,4428.00,SST-S,K1028,MYF0001028,Filler 1028,PC01
1000,FIL1028,2026,2,400000,F2,2026-06-03,2026-06-03,MYR,1.0,-4100.00,SST-S,K1028,MYF0001028,Filler 1028,PC01
1000,FIL1028,2026,3,230000,F2,2026-06-03,2026-06-03,MYR,1.0,-328.00,SST-S,K1028,MYF0001028,Filler 1028,PC01
1000,FIL1029,2026,1,140000,F2,2026-06-04,2026-06-04,MYR,1.0,4441.50,SST-S,K1029,MYF0001029,Filler 1029,PC01
1000,FIL1029,2026,2,400000,F2,2026-06-04,2026-06-04,MYR,1.0,-4112.50,SST-S,K1029,MYF0001029,Filler 1029,PC01
1000,FIL1029,2026,3,230000,F2,2026-06-04,2026-06-04,MYR,1.0,-329.00,SST-S,K1029,MYF0001029,Filler 1029,PC01
1000,FIL1030,2026,1,140000,F2,2026-06-05,2026-06-05,MYR,1.0,4455.00,SST-S,K1030,MYF0001030,Filler 1030,PC01
1000,FIL1030,2026,2,400000,F2,2026-06-05,2026-06-05,MYR,1.0,-4125.00,SST-S,K1030,MYF0001030,Filler 1030,PC01
1000,FIL1030,2026,3,230000,F2,2026-06-05,2026-06-05,MYR,1.0,-330.00,SST-S,K1030,MYF0001030,Filler 1030,PC01
1000,FIL1031,2026,1,140000,F2,2026-06-06,2026-06-06,MYR,1.0,4468.50,SST-S,K1031,MYF0001031,Filler 1031,PC01
1000,FIL1031,2026,2,400000,F2,2026-06-06,2026-06-06,MYR,1.0,-4137.50,SST-S,K1031,MYF0001031,Filler 1031,PC01
1000,FIL1031,2026,3,230000,F2,2026-06-06,2026-06-06,MYR,1.0,-331.00,SST-S,K1031,MYF0001031,Filler 1031,PC01
1000,FIL1032,2026,1,140000,F2,2026-06-07,2026-06-07,MYR,1.0,4482.00,SST-S,K1032,MYF0001032,Filler 1032,PC01
1000,FIL1032,2026,2,400000,F2,2026-06-07,2026-06-07,MYR,1.0,-4150.00,SST-S,K1032,MYF0001032,Filler 1032,PC01
1000,FIL1032,2026,3,230000,F2,2026-06-07,2026-06-07,MYR,1.0,-332.00,SST-S,K1032,MYF0001032,Filler 1032,PC01
1000,FIL1033,2026,1,140000,F2,2026-06-08,2026-06-08,MYR,1.0,4495.50,SST-S,K1033,MYF0001033,Filler 1033,PC01
1000,FIL1033,2026,2,400000,F2,2026-06-08,2026-06-08,MYR,1.0,-4162.50,SST-S,K1033,MYF0001033,Filler 1033,PC01
1000,FIL1033,2026,3,230000,F2,2026-06-08,2026-06-08,MYR,1.0,-333.00,SST-S,K1033,MYF0001033,Filler 1033,PC01
1000,FIL1034,2026,1,140000,F2,2026-06-09,2026-06-09,MYR,1.0,4509.00,SST-S,K1034,MYF0001034,Filler 1034,PC01
1000,FIL1034,2026,2,400000,F2,2026-06-09,2026-06-09,MYR,1.0,-4175.00,SST-S,K1034,MYF0001034,Filler 1034,PC01
1000,FIL1034,2026,3,230000,F2,2026-06-09,2026-06-09,MYR,1.0,-334.00,SST-S,K1034,MYF0001034,Filler 1034,PC01
1000,FIL1035,2026,1,140000,F2,2026-06-10,2026-06-10,MYR,1.0,4522.50,SST-S,K1035,MYF0001035,Filler 1035,PC01
1000,FIL1035,2026,2,400000,F2,2026-06-10,2026-06-10,MYR,1.0,-4187.50,SST-S,K1035,MYF0001035,Filler 1035,PC01
1000,FIL1035,2026,3,230000,F2,2026-06-10,2026-06-10,MYR,1.0,-335.00,SST-S,K1035,MYF0001035,Filler 1035,PC01
1000,FIL1036,2026,1,140000,F2,2026-06-11,2026-06-11,MYR,1.0,4536.00,SST-S,K1036,MYF0001036,Filler 1036,PC01
1000,FIL1036,2026,2,400000,F2,2026-06-11,2026-06-11,MYR,1.0,-4200.00,SST-S,K1036,MYF0001036,Filler 1036,PC01
1000,FIL1036,2026,3,230000,F2,2026-06-11,2026-06-11,MYR,1.0,-336.00,SST-S,K1036,MYF0001036,Filler 1036,PC01
1000,FIL1037,2026,1,140000,F2,2026-06-12,2026-06-12,MYR,1.0,4549.50,SST-S,K1037,MYF0001037,Filler 1037,PC01
1000,FIL1037,2026,2,400000,F2,2026-06-12,2026-06-12,MYR,1.0,-4212.50,SST-S,K1037,MYF0001037,Filler 1037,PC01
1000,FIL1037,2026,3,230000,F2,2026-06-12,2026-06-12,MYR,1.0,-337.00,SST-S,K1037,MYF0001037,Filler 1037,PC01
1000,FIL1038,2026,1,140000,F2,2026-06-13,2026-06-13,MYR,1.0,4563.00,SST-S,K1038,MYF0001038,Filler 1038,PC01
1000,FIL1038,2026,2,400000,F2,2026-06-13,2026-06-13,MYR,1.0,-4225.00,SST-S,K1038,MYF0001038,Filler 1038,PC01
1000,FIL1038,2026,3,230000,F2,2026-06-13,2026-06-13,MYR,1.0,-338.00,SST-S,K1038,MYF0001038,Filler 1038,PC01
1000,FIL1039,2026,1,140000,F2,2026-06-14,2026-06-14,MYR,1.0,4576.50,SST-S,K1039,MYF0001039,Filler 1039,PC01
1000,FIL1039,2026,2,400000,F2,2026-06-14,2026-06-14,MYR,1.0,-4237.50,SST-S,K1039,MYF0001039,Filler 1039,PC01
1000,FIL1039,2026,3,230000,F2,2026-06-14,2026-06-14,MYR,1.0,-339.00,SST-S,K1039,MYF0001039,Filler 1039,PC01
1000,FIL1040,2026,1,140000,F2,2026-06-15,2026-06-15,MYR,1.0,4590.00,SST-S,K1040,MYF0001040,Filler 1040,PC01
1000,FIL1040,2026,2,400000,F2,2026-06-15,2026-06-15,MYR,1.0,-4250.00,SST-S,K1040,MYF0001040,Filler 1040,PC01
1000,FIL1040,2026,3,230000,F2,2026-06-15,2026-06-15,MYR,1.0,-340.00,SST-S,K1040,MYF0001040,Filler 1040,PC01
1000,FIL1041,2026,1,140000,F2,2026-06-16,2026-06-16,MYR,1.0,4603.50,SST-S,K1041,MYF0001041,Filler 1041,PC01
1000,FIL1041,2026,2,400000,F2,2026-06-16,2026-06-16,MYR,1.0,-4262.50,SST-S,K1041,MYF0001041,Filler 1041,PC01
1000,FIL1041,2026,3,230000,F2,2026-06-16,2026-06-16,MYR,1.0,-341.00,SST-S,K1041,MYF0001041,Filler 1041,PC01
1000,FIL1042,2026,1,140000,F2,2026-06-17,2026-06-17,MYR,1.0,4617.00,SST-S,K1042,MYF0001042,Filler 1042,PC01
1000,FIL1042,2026,2,400000,F2,2026-06-17,2026-06-17,MYR,1.0,-4275.00,SST-S,K1042,MYF0001042,Filler 1042,PC01
1000,FIL1042,2026,3,230000,F2,2026-06-17,2026-06-17,MYR,1.0,-342.00,SST-S,K1042,MYF0001042,Filler 1042,PC01
1000,FIL1043,2026,1,140000,F2,2026-06-18,2026-06-18,MYR,1.0,4630.50,SST-S,K1043,MYF0001043,Filler 1043,PC01
1000,FIL1043,2026,2,400000,F2,2026-06-18,2026-06-18,MYR,1.0,-4287.50,SST-S,K1043,MYF0001043,Filler 1043,PC01
1000,FIL1043,2026,3,230000,F2,2026-06-18,2026-06-18,MYR,1.0,-343.00,SST-S,K1043,MYF0001043,Filler 1043,PC01
1000,FIL1044,2026,1,140000,F2,2026-06-19,2026-06-19,MYR,1.0,4644.00,SST-S,K1044,MYF0001044,Filler 1044,PC01
1000,FIL1044,2026,2,400000,F2,2026-06-19,2026-06-19,MYR,1.0,-4300.00,SST-S,K1044,MYF0001044,Filler 1044,PC01
1000,FIL1044,2026,3,230000,F2,2026-06-19,2026-06-19,MYR,1.0,-344.00,SST-S,K1044,MYF0001044,Filler 1044,PC01
1000,FIL1045,2026,1,140000,F2,2026-06-20,2026-06-20,MYR,1.0,4657.50,SST-S,K1045,MYF0001045,Filler 1045,PC01
1000,FIL1045,2026,2,400000,F2,2026-06-20,2026-06-20,MYR,1.0,-4312.50,SST-S,K1045,MYF0001045,Filler 1045,PC01
1000,FIL1045,2026,3,230000,F2,2026-06-20,2026-06-20,MYR,1.0,-345.00,SST-S,K1045,MYF0001045,Filler 1045,PC01
1000,FIL1046,2026,1,140000,F2,2026-06-21,2026-06-21,MYR,1.0,4671.00,SST-S,K1046,MYF0001046,Filler 1046,PC01
1000,FIL1046,2026,2,400000,F2,2026-06-21,2026-06-21,MYR,1.0,-4325.00,SST-S,K1046,MYF0001046,Filler 1046,PC01
1000,FIL1046,2026,3,230000,F2,2026-06-21,2026-06-21,MYR,1.0,-346.00,SST-S,K1046,MYF0001046,Filler 1046,PC01
1000,FIL1047,2026,1,140000,F2,2026-06-22,2026-06-22,MYR,1.0,4684.50,SST-S,K1047,MYF0001047,Filler 1047,PC01
1000,FIL1047,2026,2,400000,F2,2026-06-22,2026-06-22,MYR,1.0,-4337.50,SST-S,K1047,MYF0001047,Filler 1047,PC01
1000,FIL1047,2026,3,230000,F2,2026-06-22,2026-06-22,MYR,1.0,-347.00,SST-S,K1047,MYF0001047,Filler 1047,PC01
1000,FIL1048,2026,1,140000,F2,2026-06-23,2026-06-23,MYR,1.0,4698.00,SST-S,K1048,MYF0001048,Filler 1048,PC01
1000,FIL1048,2026,2,400000,F2,2026-06-23,2026-06-23,MYR,1.0,-4350.00,SST-S,K1048,MYF0001048,Filler 1048,PC01
1000,FIL1048,2026,3,230000,F2,2026-06-23,2026-06-23,MYR,1.0,-348.00,SST-S,K1048,MYF0001048,Filler 1048,PC01
1000,FIL1049,2026,1,140000,F2,2026-06-24,2026-06-24,MYR,1.0,4711.50,SST-S,K1049,MYF0001049,Filler 1049,PC01
1000,FIL1049,2026,2,400000,F2,2026-06-24,2026-06-24,MYR,1.0,-4362.50,SST-S,K1049,MYF0001049,Filler 1049,PC01
1000,FIL1049,2026,3,230000,F2,2026-06-24,2026-06-24,MYR,1.0,-349.00,SST-S,K1049,MYF0001049,Filler 1049,PC01
1000,FIL1050,2026,1,140000,F2,2026-06-25,2026-06-25,MYR,1.0,4725.00,SST-S,K1050,MYF0001050,Filler 1050,PC01
1000,FIL1050,2026,2,400000,F2,2026-06-25,2026-06-25,MYR,1.0,-4375.00,SST-S,K1050,MYF0001050,Filler 1050,PC01
1000,FIL1050,2026,3,230000,F2,2026-06-25,2026-06-25,MYR,1.0,-350.00,SST-S,K1050,MYF0001050,Filler 1050,PC01
1000,FIL1051,2026,1,140000,F2,2026-06-26,2026-06-26,MYR,1.0,4738.50,SST-S,K1051,MYF0001051,Filler 1051,PC01
1000,FIL1051,2026,2,400000,F2,2026-06-26,2026-06-26,MYR,1.0,-4387.50,SST-S,K1051,MYF0001051,Filler 1051,PC01
1000,FIL1051,2026,3,230000,F2,2026-06-26,2026-06-26,MYR,1.0,-351.00,SST-S,K1051,MYF0001051,Filler 1051,PC01
1000,FIL1052,2026,1,140000,F2,2026-06-27,2026-06-27,MYR,1.0,4752.00,SST-S,K1052,MYF0001052,Filler 1052,PC01
1000,FIL1052,2026,2,400000,F2,2026-06-27,2026-06-27,MYR,1.0,-4400.00,SST-S,K1052,MYF0001052,Filler 1052,PC01
1000,FIL1052,2026,3,230000,F2,2026-06-27,2026-06-27,MYR,1.0,-352.00,SST-S,K1052,MYF0001052,Filler 1052,PC01
1000,FIL1053,2026,1,140000,F2,2026-06-01,2026-06-01,MYR,1.0,4765.50,SST-S,K1053,MYF0001053,Filler 1053,PC01
1000,FIL1053,2026,2,400000,F2,2026-06-01,2026-06-01,MYR,1.0,-4412.50,SST-S,K1053,MYF0001053,Filler 1053,PC01
1000,FIL1053,2026,3,230000,F2,2026-06-01,2026-06-01,MYR,1.0,-353.00,SST-S,K1053,MYF0001053,Filler 1053,PC01
1000,FIL1054,2026,1,140000,F2,2026-06-02,2026-06-02,MYR,1.0,4779.00,SST-S,K1054,MYF0001054,Filler 1054,PC01
1000,FIL1054,2026,2,400000,F2,2026-06-02,2026-06-02,MYR,1.0,-4425.00,SST-S,K1054,MYF0001054,Filler 1054,PC01
1000,FIL1054,2026,3,230000,F2,2026-06-02,2026-06-02,MYR,1.0,-354.00,SST-S,K1054,MYF0001054,Filler 1054,PC01
1000,FIL1055,2026,1,140000,F2,2026-06-03,2026-06-03,MYR,1.0,4792.50,SST-S,K1055,MYF0001055,Filler 1055,PC01
1000,FIL1055,2026,2,400000,F2,2026-06-03,2026-06-03,MYR,1.0,-4437.50,SST-S,K1055,MYF0001055,Filler 1055,PC01
1000,FIL1055,2026,3,230000,F2,2026-06-03,2026-06-03,MYR,1.0,-355.00,SST-S,K1055,MYF0001055,Filler 1055,PC01
1000,FIL1056,2026,1,140000,F2,2026-06-04,2026-06-04,MYR,1.0,4806.00,SST-S,K1056,MYF0001056,Filler 1056,PC01
1000,FIL1056,2026,2,400000,F2,2026-06-04,2026-06-04,MYR,1.0,-4450.00,SST-S,K1056,MYF0001056,Filler 1056,PC01
1000,FIL1056,2026,3,230000,F2,2026-06-04,2026-06-04,MYR,1.0,-356.00,SST-S,K1056,MYF0001056,Filler 1056,PC01
1000,FIL1057,2026,1,140000,F2,2026-06-05,2026-06-05,MYR,1.0,4819.50,SST-S,K1057,MYF0001057,Filler 1057,PC01
1000,FIL1057,2026,2,400000,F2,2026-06-05,2026-06-05,MYR,1.0,-4462.50,SST-S,K1057,MYF0001057,Filler 1057,PC01
1000,FIL1057,2026,3,230000,F2,2026-06-05,2026-06-05,MYR,1.0,-357.00,SST-S,K1057,MYF0001057,Filler 1057,PC01
1000,FIL1058,2026,1,140000,F2,2026-06-06,2026-06-06,MYR,1.0,4833.00,SST-S,K1058,MYF0001058,Filler 1058,PC01
1000,FIL1058,2026,2,400000,F2,2026-06-06,2026-06-06,MYR,1.0,-4475.00,SST-S,K1058,MYF0001058,Filler 1058,PC01
1000,FIL1058,2026,3,230000,F2,2026-06-06,2026-06-06,MYR,1.0,-358.00,SST-S,K1058,MYF0001058,Filler 1058,PC01
1000,FIL1059,2026,1,140000,F2,2026-06-07,2026-06-07,MYR,1.0,4846.50,SST-S,K1059,MYF0001059,Filler 1059,PC01
1000,FIL1059,2026,2,400000,F2,2026-06-07,2026-06-07,MYR,1.0,-4487.50,SST-S,K1059,MYF0001059,Filler 1059,PC01
1000,FIL1059,2026,3,230000,F2,2026-06-07,2026-06-07,MYR,1.0,-359.00,SST-S,K1059,MYF0001059,Filler 1059,PC01
1000,FIL1060,2026,1,140000,F2,2026-06-08,2026-06-08,MYR,1.0,4860.00,SST-S,K1060,MYF0001060,Filler 1060,PC01
1000,FIL1060,2026,2,400000,F2,2026-06-08,2026-06-08,MYR,1.0,-4500.00,SST-S,K1060,MYF0001060,Filler 1060,PC01
1000,FIL1060,2026,3,230000,F2,2026-06-08,2026-06-08,MYR,1.0,-360.00,SST-S,K1060,MYF0001060,Filler 1060,PC01
1000,FIL1061,2026,1,140000,F2,2026-06-09,2026-06-09,MYR,1.0,4873.50,SST-S,K1061,MYF0001061,Filler 1061,PC01
1000,FIL1061,2026,2,400000,F2,2026-06-09,2026-06-09,MYR,1.0,-4512.50,SST-S,K1061,MYF0001061,Filler 1061,PC01
1000,FIL1061,2026,3,230000,F2,2026-06-09,2026-06-09,MYR,1.0,-361.00,SST-S,K1061,MYF0001061,Filler 1061,PC01
1000,FIL1062,2026,1,140000,F2,2026-06-10,2026-06-10,MYR,1.0,4887.00,SST-S,K1062,MYF0001062,Filler 1062,PC01
1000,FIL1062,2026,2,400000,F2,2026-06-10,2026-06-10,MYR,1.0,-4525.00,SST-S,K1062,MYF0001062,Filler 1062,PC01
1000,FIL1062,2026,3,230000,F2,2026-06-10,2026-06-10,MYR,1.0,-362.00,SST-S,K1062,MYF0001062,Filler 1062,PC01
1000,FIL1063,2026,1,140000,F2,2026-06-11,2026-06-11,MYR,1.0,4900.50,SST-S,K1063,MYF0001063,Filler 1063,PC01
1000,FIL1063,2026,2,400000,F2,2026-06-11,2026-06-11,MYR,1.0,-4537.50,SST-S,K1063,MYF0001063,Filler 1063,PC01
1000,FIL1063,2026,3,230000,F2,2026-06-11,2026-06-11,MYR,1.0,-363.00,SST-S,K1063,MYF0001063,Filler 1063,PC01
1000,FIL1064,2026,1,140000,F2,2026-06-12,2026-06-12,MYR,1.0,4914.00,SST-S,K1064,MYF0001064,Filler 1064,PC01
1000,FIL1064,2026,2,400000,F2,2026-06-12,2026-06-12,MYR,1.0,-4550.00,SST-S,K1064,MYF0001064,Filler 1064,PC01
1000,FIL1064,2026,3,230000,F2,2026-06-12,2026-06-12,MYR,1.0,-364.00,SST-S,K1064,MYF0001064,Filler 1064,PC01
1000,FIL1065,2026,1,140000,F2,2026-06-13,2026-06-13,MYR,1.0,4927.50,SST-S,K1065,MYF0001065,Filler 1065,PC01
1000,FIL1065,2026,2,400000,F2,2026-06-13,2026-06-13,MYR,1.0,-4562.50,SST-S,K1065,MYF0001065,Filler 1065,PC01
1000,FIL1065,2026,3,230000,F2,2026-06-13,2026-06-13,MYR,1.0,-365.00,SST-S,K1065,MYF0001065,Filler 1065,PC01
1000,FIL1066,2026,1,140000,F2,2026-06-14,2026-06-14,MYR,1.0,4941.00,SST-S,K1066,MYF0001066,Filler 1066,PC01
1000,FIL1066,2026,2,400000,F2,2026-06-14,2026-06-14,MYR,1.0,-4575.00,SST-S,K1066,MYF0001066,Filler 1066,PC01
1000,FIL1066,2026,3,230000,F2,2026-06-14,2026-06-14,MYR,1.0,-366.00,SST-S,K1066,MYF0001066,Filler 1066,PC01
1000,FIL1067,2026,1,140000,F2,2026-06-15,2026-06-15,MYR,1.0,4954.50,SST-S,K1067,MYF0001067,Filler 1067,PC01
1000,FIL1067,2026,2,400000,F2,2026-06-15,2026-06-15,MYR,1.0,-4587.50,SST-S,K1067,MYF0001067,Filler 1067,PC01
1000,FIL1067,2026,3,230000,F2,2026-06-15,2026-06-15,MYR,1.0,-367.00,SST-S,K1067,MYF0001067,Filler 1067,PC01
1000,FIL1068,2026,1,140000,F2,2026-06-16,2026-06-16,MYR,1.0,4968.00,SST-S,K1068,MYF0001068,Filler 1068,PC01
1000,FIL1068,2026,2,400000,F2,2026-06-16,2026-06-16,MYR,1.0,-4600.00,SST-S,K1068,MYF0001068,Filler 1068,PC01
1000,FIL1068,2026,3,230000,F2,2026-06-16,2026-06-16,MYR,1.0,-368.00,SST-S,K1068,MYF0001068,Filler 1068,PC01
1000,FIL1069,2026,1,140000,F2,2026-06-17,2026-06-17,MYR,1.0,4981.50,SST-S,K1069,MYF0001069,Filler 1069,PC01
1000,FIL1069,2026,2,400000,F2,2026-06-17,2026-06-17,MYR,1.0,-4612.50,SST-S,K1069,MYF0001069,Filler 1069,PC01
1000,FIL1069,2026,3,230000,F2,2026-06-17,2026-06-17,MYR,1.0,-369.00,SST-S,K1069,MYF0001069,Filler 1069,PC01
1000,FIL1070,2026,1,140000,F2,2026-06-18,2026-06-18,MYR,1.0,4995.00,SST-S,K1070,MYF0001070,Filler 1070,PC01
1000,FIL1070,2026,2,400000,F2,2026-06-18,2026-06-18,MYR,1.0,-4625.00,SST-S,K1070,MYF0001070,Filler 1070,PC01
1000,FIL1070,2026,3,230000,F2,2026-06-18,2026-06-18,MYR,1.0,-370.00,SST-S,K1070,MYF0001070,Filler 1070,PC01
1000,FIL1071,2026,1,140000,F2,2026-06-19,2026-06-19,MYR,1.0,5008.50,SST-S,K1071,MYF0001071,Filler 1071,PC01
1000,FIL1071,2026,2,400000,F2,2026-06-19,2026-06-19,MYR,1.0,-4637.50,SST-S,K1071,MYF0001071,Filler 1071,PC01
1000,FIL1071,2026,3,230000,F2,2026-06-19,2026-06-19,MYR,1.0,-371.00,SST-S,K1071,MYF0001071,Filler 1071,PC01
1000,FIL1072,2026,1,140000,F2,2026-06-20,2026-06-20,MYR,1.0,5022.00,SST-S,K1072,MYF0001072,Filler 1072,PC01
1000,FIL1072,2026,2,400000,F2,2026-06-20,2026-06-20,MYR,1.0,-4650.00,SST-S,K1072,MYF0001072,Filler 1072,PC01
1000,FIL1072,2026,3,230000,F2,2026-06-20,2026-06-20,MYR,1.0,-372.00,SST-S,K1072,MYF0001072,Filler 1072,PC01
1000,FIL1073,2026,1,140000,F2,2026-06-21,2026-06-21,MYR,1.0,5035.50,SST-S,K1073,MYF0001073,Filler 1073,PC01
1000,FIL1073,2026,2,400000,F2,2026-06-21,2026-06-21,MYR,1.0,-4662.50,SST-S,K1073,MYF0001073,Filler 1073,PC01
1000,FIL1073,2026,3,230000,F2,2026-06-21,2026-06-21,MYR,1.0,-373.00,SST-S,K1073,MYF0001073,Filler 1073,PC01
1000,FIL1074,2026,1,140000,F2,2026-06-22,2026-06-22,MYR,1.0,5049.00,SST-S,K1074,MYF0001074,Filler 1074,PC01
1000,FIL1074,2026,2,400000,F2,2026-06-22,2026-06-22,MYR,1.0,-4675.00,SST-S,K1074,MYF0001074,Filler 1074,PC01
1000,FIL1074,2026,3,230000,F2,2026-06-22,2026-06-22,MYR,1.0,-374.00,SST-S,K1074,MYF0001074,Filler 1074,PC01
1000,FIL1075,2026,1,140000,F2,2026-06-23,2026-06-23,MYR,1.0,5062.50,SST-S,K1075,MYF0001075,Filler 1075,PC01
1000,FIL1075,2026,2,400000,F2,2026-06-23,2026-06-23,MYR,1.0,-4687.50,SST-S,K1075,MYF0001075,Filler 1075,PC01
1000,FIL1075,2026,3,230000,F2,2026-06-23,2026-06-23,MYR,1.0,-375.00,SST-S,K1075,MYF0001075,Filler 1075,PC01
1000,FIL1076,2026,1,140000,F2,2026-06-24,2026-06-24,MYR,1.0,5076.00,SST-S,K1076,MYF0001076,Filler 1076,PC01
1000,FIL1076,2026,2,400000,F2,2026-06-24,2026-06-24,MYR,1.0,-4700.00,SST-S,K1076,MYF0001076,Filler 1076,PC01
1000,FIL1076,2026,3,230000,F2,2026-06-24,2026-06-24,MYR,1.0,-376.00,SST-S,K1076,MYF0001076,Filler 1076,PC01
1000,FIL1077,2026,1,140000,F2,2026-06-25,2026-06-25,MYR,1.0,5089.50,SST-S,K1077,MYF0001077,Filler 1077,PC01
1000,FIL1077,2026,2,400000,F2,2026-06-25,2026-06-25,MYR,1.0,-4712.50,SST-S,K1077,MYF0001077,Filler 1077,PC01
1000,FIL1077,2026,3,230000,F2,2026-06-25,2026-06-25,MYR,1.0,-377.00,SST-S,K1077,MYF0001077,Filler 1077,PC01
1000,FIL1078,2026,1,140000,F2,2026-06-26,2026-06-26,MYR,1.0,5103.00,SST-S,K1078,MYF0001078,Filler 1078,PC01
1000,FIL1078,2026,2,400000,F2,2026-06-26,2026-06-26,MYR,1.0,-4725.00,SST-S,K1078,MYF0001078,Filler 1078,PC01
1000,FIL1078,2026,3,230000,F2,2026-06-26,2026-06-26,MYR,1.0,-378.00,SST-S,K1078,MYF0001078,Filler 1078,PC01
1000,FIL1079,2026,1,140000,F2,2026-06-27,2026-06-27,MYR,1.0,5116.50,SST-S,K1079,MYF0001079,Filler 1079,PC01
1000,FIL1079,2026,2,400000,F2,2026-06-27,2026-06-27,MYR,1.0,-4737.50,SST-S,K1079,MYF0001079,Filler 1079,PC01
1000,FIL1079,2026,3,230000,F2,2026-06-27,2026-06-27,MYR,1.0,-379.00,SST-S,K1079,MYF0001079,Filler 1079,PC01
1000,FIL1080,2026,1,140000,F2,2026-06-01,2026-06-01,MYR,1.0,5130.00,SST-S,K1080,MYF0001080,Filler 1080,PC01
1000,FIL1080,2026,2,400000,F2,2026-06-01,2026-06-01,MYR,1.0,-4750.00,SST-S,K1080,MYF0001080,Filler 1080,PC01
1000,FIL1080,2026,3,230000,F2,2026-06-01,2026-06-01,MYR,1.0,-380.00,SST-S,K1080,MYF0001080,Filler 1080,PC01
1000,FIL1081,2026,1,140000,F2,2026-06-02,2026-06-02,MYR,1.0,5143.50,SST-S,K1081,MYF0001081,Filler 1081,PC01
1000,FIL1081,2026,2,400000,F2,2026-06-02,2026-06-02,MYR,1.0,-4762.50,SST-S,K1081,MYF0001081,Filler 1081,PC01
1000,FIL1081,2026,3,230000,F2,2026-06-02,2026-06-02,MYR,1.0,-381.00,SST-S,K1081,MYF0001081,Filler 1081,PC01
1000,FIL1082,2026,1,140000,F2,2026-06-03,2026-06-03,MYR,1.0,5157.00,SST-S,K1082,MYF0001082,Filler 1082,PC01
1000,FIL1082,2026,2,400000,F2,2026-06-03,2026-06-03,MYR,1.0,-4775.00,SST-S,K1082,MYF0001082,Filler 1082,PC01
1000,FIL1082,2026,3,230000,F2,2026-06-03,2026-06-03,MYR,1.0,-382.00,SST-S,K1082,MYF0001082,Filler 1082,PC01
1000,FIL1083,2026,1,140000,F2,2026-06-04,2026-06-04,MYR,1.0,5170.50,SST-S,K1083,MYF0001083,Filler 1083,PC01
1000,FIL1083,2026,2,400000,F2,2026-06-04,2026-06-04,MYR,1.0,-4787.50,SST-S,K1083,MYF0001083,Filler 1083,PC01
1000,FIL1083,2026,3,230000,F2,2026-06-04,2026-06-04,MYR,1.0,-383.00,SST-S,K1083,MYF0001083,Filler 1083,PC01
1000,FIL1084,2026,1,140000,F2,2026-06-05,2026-06-05,MYR,1.0,5184.00,SST-S,K1084,MYF0001084,Filler 1084,PC01
1000,FIL1084,2026,2,400000,F2,2026-06-05,2026-06-05,MYR,1.0,-4800.00,SST-S,K1084,MYF0001084,Filler 1084,PC01
1000,FIL1084,2026,3,230000,F2,2026-06-05,2026-06-05,MYR,1.0,-384.00,SST-S,K1084,MYF0001084,Filler 1084,PC01
1000,FIL1085,2026,1,140000,F2,2026-06-06,2026-06-06,MYR,1.0,5197.50,SST-S,K1085,MYF0001085,Filler 1085,PC01
1000,FIL1085,2026,2,400000,F2,2026-06-06,2026-06-06,MYR,1.0,-4812.50,SST-S,K1085,MYF0001085,Filler 1085,PC01
1000,FIL1085,2026,3,230000,F2,2026-06-06,2026-06-06,MYR,1.0,-385.00,SST-S,K1085,MYF0001085,Filler 1085,PC01
1000,FIL1086,2026,1,140000,F2,2026-06-07,2026-06-07,MYR,1.0,5211.00,SST-S,K1086,MYF0001086,Filler 1086,PC01
1000,FIL1086,2026,2,400000,F2,2026-06-07,2026-06-07,MYR,1.0,-4825.00,SST-S,K1086,MYF0001086,Filler 1086,PC01
1000,FIL1086,2026,3,230000,F2,2026-06-07,2026-06-07,MYR,1.0,-386.00,SST-S,K1086,MYF0001086,Filler 1086,PC01
1000,FIL1087,2026,1,140000,F2,2026-06-08,2026-06-08,MYR,1.0,5224.50,SST-S,K1087,MYF0001087,Filler 1087,PC01
1000,FIL1087,2026,2,400000,F2,2026-06-08,2026-06-08,MYR,1.0,-4837.50,SST-S,K1087,MYF0001087,Filler 1087,PC01
1000,FIL1087,2026,3,230000,F2,2026-06-08,2026-06-08,MYR,1.0,-387.00,SST-S,K1087,MYF0001087,Filler 1087,PC01
1000,FIL1088,2026,1,140000,F2,2026-06-09,2026-06-09,MYR,1.0,5238.00,SST-S,K1088,MYF0001088,Filler 1088,PC01
1000,FIL1088,2026,2,400000,F2,2026-06-09,2026-06-09,MYR,1.0,-4850.00,SST-S,K1088,MYF0001088,Filler 1088,PC01
1000,FIL1088,2026,3,230000,F2,2026-06-09,2026-06-09,MYR,1.0,-388.00,SST-S,K1088,MYF0001088,Filler 1088,PC01
1000,FIL1089,2026,1,140000,F2,2026-06-10,2026-06-10,MYR,1.0,5251.50,SST-S,K1089,MYF0001089,Filler 1089,PC01
1000,FIL1089,2026,2,400000,F2,2026-06-10,2026-06-10,MYR,1.0,-4862.50,SST-S,K1089,MYF0001089,Filler 1089,PC01
1000,FIL1089,2026,3,230000,F2,2026-06-10,2026-06-10,MYR,1.0,-389.00,SST-S,K1089,MYF0001089,Filler 1089,PC01
1000,FIL1090,2026,1,140000,F2,2026-06-11,2026-06-11,MYR,1.0,5265.00,SST-S,K1090,MYF0001090,Filler 1090,PC01
1000,FIL1090,2026,2,400000,F2,2026-06-11,2026-06-11,MYR,1.0,-4875.00,SST-S,K1090,MYF0001090,Filler 1090,PC01
1000,FIL1090,2026,3,230000,F2,2026-06-11,2026-06-11,MYR,1.0,-390.00,SST-S,K1090,MYF0001090,Filler 1090,PC01
1000,FIL1091,2026,1,140000,F2,2026-06-12,2026-06-12,MYR,1.0,5278.50,SST-S,K1091,MYF0001091,Filler 1091,PC01
1000,FIL1091,2026,2,400000,F2,2026-06-12,2026-06-12,MYR,1.0,-4887.50,SST-S,K1091,MYF0001091,Filler 1091,PC01
1000,FIL1091,2026,3,230000,F2,2026-06-12,2026-06-12,MYR,1.0,-391.00,SST-S,K1091,MYF0001091,Filler 1091,PC01
1000,FIL1092,2026,1,140000,F2,2026-06-13,2026-06-13,MYR,1.0,5292.00,SST-S,K1092,MYF0001092,Filler 1092,PC01
1000,FIL1092,2026,2,400000,F2,2026-06-13,2026-06-13,MYR,1.0,-4900.00,SST-S,K1092,MYF0001092,Filler 1092,PC01
1000,FIL1092,2026,3,230000,F2,2026-06-13,2026-06-13,MYR,1.0,-392.00,SST-S,K1092,MYF0001092,Filler 1092,PC01
1000,FIL1093,2026,1,140000,F2,2026-06-14,2026-06-14,MYR,1.0,5305.50,SST-S,K1093,MYF0001093,Filler 1093,PC01
1000,FIL1093,2026,2,400000,F2,2026-06-14,2026-06-14,MYR,1.0,-4912.50,SST-S,K1093,MYF0001093,Filler 1093,PC01
1000,FIL1093,2026,3,230000,F2,2026-06-14,2026-06-14,MYR,1.0,-393.00,SST-S,K1093,MYF0001093,Filler 1093,PC01
1000,FIL1094,2026,1,140000,F2,2026-06-15,2026-06-15,MYR,1.0,5319.00,SST-S,K1094,MYF0001094,Filler 1094,PC01
1000,FIL1094,2026,2,400000,F2,2026-06-15,2026-06-15,MYR,1.0,-4925.00,SST-S,K1094,MYF0001094,Filler 1094,PC01
1000,FIL1094,2026,3,230000,F2,2026-06-15,2026-06-15,MYR,1.0,-394.00,SST-S,K1094,MYF0001094,Filler 1094,PC01
1000,FIL1095,2026,1,140000,F2,2026-06-16,2026-06-16,MYR,1.0,5332.50,SST-S,K1095,MYF0001095,Filler 1095,PC01
1000,FIL1095,2026,2,400000,F2,2026-06-16,2026-06-16,MYR,1.0,-4937.50,SST-S,K1095,MYF0001095,Filler 1095,PC01
1000,FIL1095,2026,3,230000,F2,2026-06-16,2026-06-16,MYR,1.0,-395.00,SST-S,K1095,MYF0001095,Filler 1095,PC01
1000,FIL1096,2026,1,140000,F2,2026-06-17,2026-06-17,MYR,1.0,5346.00,SST-S,K1096,MYF0001096,Filler 1096,PC01
1000,FIL1096,2026,2,400000,F2,2026-06-17,2026-06-17,MYR,1.0,-4950.00,SST-S,K1096,MYF0001096,Filler 1096,PC01
1000,FIL1096,2026,3,230000,F2,2026-06-17,2026-06-17,MYR,1.0,-396.00,SST-S,K1096,MYF0001096,Filler 1096,PC01
1000,FIL1097,2026,1,140000,F2,2026-06-18,2026-06-18,MYR,1.0,5359.50,SST-S,K1097,MYF0001097,Filler 1097,PC01
1000,FIL1097,2026,2,400000,F2,2026-06-18,2026-06-18,MYR,1.0,-4962.50,SST-S,K1097,MYF0001097,Filler 1097,PC01
1000,FIL1097,2026,3,230000,F2,2026-06-18,2026-06-18,MYR,1.0,-397.00,SST-S,K1097,MYF0001097,Filler 1097,PC01
1000,FIL1098,2026,1,140000,F2,2026-06-19,2026-06-19,MYR,1.0,5373.00,SST-S,K1098,MYF0001098,Filler 1098,PC01
1000,FIL1098,2026,2,400000,F2,2026-06-19,2026-06-19,MYR,1.0,-4975.00,SST-S,K1098,MYF0001098,Filler 1098,PC01
1000,FIL1098,2026,3,230000,F2,2026-06-19,2026-06-19,MYR,1.0,-398.00,SST-S,K1098,MYF0001098,Filler 1098,PC01
1000,FIL1099,2026,1,140000,F2,2026-06-20,2026-06-20,MYR,1.0,5386.50,SST-S,K1099,MYF0001099,Filler 1099,PC01
1000,FIL1099,2026,2,400000,F2,2026-06-20,2026-06-20,MYR,1.0,-4987.50,SST-S,K1099,MYF0001099,Filler 1099,PC01
1000,FIL1099,2026,3,230000,F2,2026-06-20,2026-06-20,MYR,1.0,-399.00,SST-S,K1099,MYF0001099,Filler 1099,PC01
1000,FIL1100,2026,1,140000,F2,2026-06-21,2026-06-21,MYR,1.0,5400.00,SST-S,K1100,MYF0001100,Filler 1100,PC01
1000,FIL1100,2026,2,400000,F2,2026-06-21,2026-06-21,MYR,1.0,-5000.00,SST-S,K1100,MYF0001100,Filler 1100,PC01
1000,FIL1100,2026,3,230000,F2,2026-06-21,2026-06-21,MYR,1.0,-400.00,SST-S,K1100,MYF0001100,Filler 1100,PC01
1000,FIL1101,2026,1,140000,F2,2026-06-22,2026-06-22,MYR,1.0,5413.50,SST-S,K1101,MYF0001101,Filler 1101,PC01
1000,FIL1101,2026,2,400000,F2,2026-06-22,2026-06-22,MYR,1.0,-5012.50,SST-S,K1101,MYF0001101,Filler 1101,PC01
1000,FIL1101,2026,3,230000,F2,2026-06-22,2026-06-22,MYR,1.0,-401.00,SST-S,K1101,MYF0001101,Filler 1101,PC01
1000,FIL1102,2026,1,140000,F2,2026-06-23,2026-06-23,MYR,1.0,5427.00,SST-S,K1102,MYF0001102,Filler 1102,PC01
1000,FIL1102,2026,2,400000,F2,2026-06-23,2026-06-23,MYR,1.0,-5025.00,SST-S,K1102,MYF0001102,Filler 1102,PC01
1000,FIL1102,2026,3,230000,F2,2026-06-23,2026-06-23,MYR,1.0,-402.00,SST-S,K1102,MYF0001102,Filler 1102,PC01
1000,FIL1103,2026,1,140000,F2,2026-06-24,2026-06-24,MYR,1.0,5440.50,SST-S,K1103,MYF0001103,Filler 1103,PC01
1000,FIL1103,2026,2,400000,F2,2026-06-24,2026-06-24,MYR,1.0,-5037.50,SST-S,K1103,MYF0001103,Filler 1103,PC01
1000,FIL1103,2026,3,230000,F2,2026-06-24,2026-06-24,MYR,1.0,-403.00,SST-S,K1103,MYF0001103,Filler 1103,PC01
1000,FIL1104,2026,1,140000,F2,2026-06-25,2026-06-25,MYR,1.0,5454.00,SST-S,K1104,MYF0001104,Filler 1104,PC01
1000,FIL1104,2026,2,400000,F2,2026-06-25,2026-06-25,MYR,1.0,-5050.00,SST-S,K1104,MYF0001104,Filler 1104,PC01
1000,FIL1104,2026,3,230000,F2,2026-06-25,2026-06-25,MYR,1.0,-404.00,SST-S,K1104,MYF0001104,Filler 1104,PC01
1000,FIL1105,2026,1,140000,F2,2026-06-26,2026-06-26,MYR,1.0,5467.50,SST-S,K1105,MYF0001105,Filler 1105,PC01
1000,FIL1105,2026,2,400000,F2,2026-06-26,2026-06-26,MYR,1.0,-5062.50,SST-S,K1105,MYF0001105,Filler 1105,PC01
1000,FIL1105,2026,3,230000,F2,2026-06-26,2026-06-26,MYR,1.0,-405.00,SST-S,K1105,MYF0001105,Filler 1105,PC01
1000,FIL1106,2026,1,140000,F2,2026-06-27,2026-06-27,MYR,1.0,5481.00,SST-S,K1106,MYF0001106,Filler 1106,PC01
1000,FIL1106,2026,2,400000,F2,2026-06-27,2026-06-27,MYR,1.0,-5075.00,SST-S,K1106,MYF0001106,Filler 1106,PC01
1000,FIL1106,2026,3,230000,F2,2026-06-27,2026-06-27,MYR,1.0,-406.00,SST-S,K1106,MYF0001106,Filler 1106,PC01
1000,FIL1107,2026,1,140000,F2,2026-06-01,2026-06-01,MYR,1.0,5494.50,SST-S,K1107,MYF0001107,Filler 1107,PC01
1000,FIL1107,2026,2,400000,F2,2026-06-01,2026-06-01,MYR,1.0,-5087.50,SST-S,K1107,MYF0001107,Filler 1107,PC01
1000,FIL1107,2026,3,230000,F2,2026-06-01,2026-06-01,MYR,1.0,-407.00,SST-S,K1107,MYF0001107,Filler 1107,PC01
1000,FIL1108,2026,1,140000,F2,2026-06-02,2026-06-02,MYR,1.0,5508.00,SST-S,K1108,MYF0001108,Filler 1108,PC01
1000,FIL1108,2026,2,400000,F2,2026-06-02,2026-06-02,MYR,1.0,-5100.00,SST-S,K1108,MYF0001108,Filler 1108,PC01
1000,FIL1108,2026,3,230000,F2,2026-06-02,2026-06-02,MYR,1.0,-408.00,SST-S,K1108,MYF0001108,Filler 1108,PC01
1000,FIL1109,2026,1,140000,F2,2026-06-03,2026-06-03,MYR,1.0,5521.50,SST-S,K1109,MYF0001109,Filler 1109,PC01
1000,FIL1109,2026,2,400000,F2,2026-06-03,2026-06-03,MYR,1.0,-5112.50,SST-S,K1109,MYF0001109,Filler 1109,PC01
1000,FIL1109,2026,3,230000,F2,2026-06-03,2026-06-03,MYR,1.0,-409.00,SST-S,K1109,MYF0001109,Filler 1109,PC01
1000,FIL1110,2026,1,140000,F2,2026-06-04,2026-06-04,MYR,1.0,5535.00,SST-S,K1110,MYF0001110,Filler 1110,PC01
1000,FIL1110,2026,2,400000,F2,2026-06-04,2026-06-04,MYR,1.0,-5125.00,SST-S,K1110,MYF0001110,Filler 1110,PC01
1000,FIL1110,2026,3,230000,F2,2026-06-04,2026-06-04,MYR,1.0,-410.00,SST-S,K1110,MYF0001110,Filler 1110,PC01
1000,FIL1111,2026,1,140000,F2,2026-06-05,2026-06-05,MYR,1.0,5548.50,SST-S,K1111,MYF0001111,Filler 1111,PC01
1000,FIL1111,2026,2,400000,F2,2026-06-05,2026-06-05,MYR,1.0,-5137.50,SST-S,K1111,MYF0001111,Filler 1111,PC01
1000,FIL1111,2026,3,230000,F2,2026-06-05,2026-06-05,MYR,1.0,-411.00,SST-S,K1111,MYF0001111,Filler 1111,PC01
1000,FIL1112,2026,1,140000,F2,2026-06-06,2026-06-06,MYR,1.0,5562.00,SST-S,K1112,MYF0001112,Filler 1112,PC01
1000,FIL1112,2026,2,400000,F2,2026-06-06,2026-06-06,MYR,1.0,-5150.00,SST-S,K1112,MYF0001112,Filler 1112,PC01
1000,FIL1112,2026,3,230000,F2,2026-06-06,2026-06-06,MYR,1.0,-412.00,SST-S,K1112,MYF0001112,Filler 1112,PC01
1000,FIL1113,2026,1,140000,F2,2026-06-07,2026-06-07,MYR,1.0,5575.50,SST-S,K1113,MYF0001113,Filler 1113,PC01
1000,FIL1113,2026,2,400000,F2,2026-06-07,2026-06-07,MYR,1.0,-5162.50,SST-S,K1113,MYF0001113,Filler 1113,PC01
1000,FIL1113,2026,3,230000,F2,2026-06-07,2026-06-07,MYR,1.0,-413.00,SST-S,K1113,MYF0001113,Filler 1113,PC01
1000,FIL1114,2026,1,140000,F2,2026-06-08,2026-06-08,MYR,1.0,5589.00,SST-S,K1114,MYF0001114,Filler 1114,PC01
1000,FIL1114,2026,2,400000,F2,2026-06-08,2026-06-08,MYR,1.0,-5175.00,SST-S,K1114,MYF0001114,Filler 1114,PC01
1000,FIL1114,2026,3,230000,F2,2026-06-08,2026-06-08,MYR,1.0,-414.00,SST-S,K1114,MYF0001114,Filler 1114,PC01
1000,FIL1115,2026,1,140000,F2,2026-06-09,2026-06-09,MYR,1.0,5602.50,SST-S,K1115,MYF0001115,Filler 1115,PC01
1000,FIL1115,2026,2,400000,F2,2026-06-09,2026-06-09,MYR,1.0,-5187.50,SST-S,K1115,MYF0001115,Filler 1115,PC01
1000,FIL1115,2026,3,230000,F2,2026-06-09,2026-06-09,MYR,1.0,-415.00,SST-S,K1115,MYF0001115,Filler 1115,PC01
1000,FIL1116,2026,1,140000,F2,2026-06-10,2026-06-10,MYR,1.0,5616.00,SST-S,K1116,MYF0001116,Filler 1116,PC01
1000,FIL1116,2026,2,400000,F2,2026-06-10,2026-06-10,MYR,1.0,-5200.00,SST-S,K1116,MYF0001116,Filler 1116,PC01
1000,FIL1116,2026,3,230000,F2,2026-06-10,2026-06-10,MYR,1.0,-416.00,SST-S,K1116,MYF0001116,Filler 1116,PC01
1000,FIL1117,2026,1,140000,F2,2026-06-11,2026-06-11,MYR,1.0,5629.50,SST-S,K1117,MYF0001117,Filler 1117,PC01
1000,FIL1117,2026,2,400000,F2,2026-06-11,2026-06-11,MYR,1.0,-5212.50,SST-S,K1117,MYF0001117,Filler 1117,PC01
1000,FIL1117,2026,3,230000,F2,2026-06-11,2026-06-11,MYR,1.0,-417.00,SST-S,K1117,MYF0001117,Filler 1117,PC01
1000,FIL1118,2026,1,140000,F2,2026-06-12,2026-06-12,MYR,1.0,5643.00,SST-S,K1118,MYF0001118,Filler 1118,PC01
1000,FIL1118,2026,2,400000,F2,2026-06-12,2026-06-12,MYR,1.0,-5225.00,SST-S,K1118,MYF0001118,Filler 1118,PC01
1000,FIL1118,2026,3,230000,F2,2026-06-12,2026-06-12,MYR,1.0,-418.00,SST-S,K1118,MYF0001118,Filler 1118,PC01
1000,FIL1119,2026,1,140000,F2,2026-06-13,2026-06-13,MYR,1.0,5656.50,SST-S,K1119,MYF0001119,Filler 1119,PC01
1000,FIL1119,2026,2,400000,F2,2026-06-13,2026-06-13,MYR,1.0,-5237.50,SST-S,K1119,MYF0001119,Filler 1119,PC01
1000,FIL1119,2026,3,230000,F2,2026-06-13,2026-06-13,MYR,1.0,-419.00,SST-S,K1119,MYF0001119,Filler 1119,PC01
1000,FIL1120,2026,1,140000,F2,2026-06-14,2026-06-14,MYR,1.0,5670.00,SST-S,K1120,MYF0001120,Filler 1120,PC01
1000,FIL1120,2026,2,400000,F2,2026-06-14,2026-06-14,MYR,1.0,-5250.00,SST-S,K1120,MYF0001120,Filler 1120,PC01
1000,FIL1120,2026,3,230000,F2,2026-06-14,2026-06-14,MYR,1.0,-420.00,SST-S,K1120,MYF0001120,Filler 1120,PC01
1000,FIL1121,2026,1,140000,F2,2026-06-15,2026-06-15,MYR,1.0,5683.50,SST-S,K1121,MYF0001121,Filler 1121,PC01
1000,FIL1121,2026,2,400000,F2,2026-06-15,2026-06-15,MYR,1.0,-5262.50,SST-S,K1121,MYF0001121,Filler 1121,PC01
1000,FIL1121,2026,3,230000,F2,2026-06-15,2026-06-15,MYR,1.0,-421.00,SST-S,K1121,MYF0001121,Filler 1121,PC01
1000,FIL1122,2026,1,140000,F2,2026-06-16,2026-06-16,MYR,1.0,5697.00,SST-S,K1122,MYF0001122,Filler 1122,PC01
1000,FIL1122,2026,2,400000,F2,2026-06-16,2026-06-16,MYR,1.0,-5275.00,SST-S,K1122,MYF0001122,Filler 1122,PC01
1000,FIL1122,2026,3,230000,F2,2026-06-16,2026-06-16,MYR,1.0,-422.00,SST-S,K1122,MYF0001122,Filler 1122,PC01
1000,FIL1123,2026,1,140000,F2,2026-06-17,2026-06-17,MYR,1.0,5710.50,SST-S,K1123,MYF0001123,Filler 1123,PC01
1000,FIL1123,2026,2,400000,F2,2026-06-17,2026-06-17,MYR,1.0,-5287.50,SST-S,K1123,MYF0001123,Filler 1123,PC01
1000,FIL1123,2026,3,230000,F2,2026-06-17,2026-06-17,MYR,1.0,-423.00,SST-S,K1123,MYF0001123,Filler 1123,PC01
1000,FIL1124,2026,1,140000,F2,2026-06-18,2026-06-18,MYR,1.0,5724.00,SST-S,K1124,MYF0001124,Filler 1124,PC01
1000,FIL1124,2026,2,400000,F2,2026-06-18,2026-06-18,MYR,1.0,-5300.00,SST-S,K1124,MYF0001124,Filler 1124,PC01
1000,FIL1124,2026,3,230000,F2,2026-06-18,2026-06-18,MYR,1.0,-424.00,SST-S,K1124,MYF0001124,Filler 1124,PC01
1000,FIL1125,2026,1,140000,F2,2026-06-19,2026-06-19,MYR,1.0,5737.50,SST-S,K1125,MYF0001125,Filler 1125,PC01
1000,FIL1125,2026,2,400000,F2,2026-06-19,2026-06-19,MYR,1.0,-5312.50,SST-S,K1125,MYF0001125,Filler 1125,PC01
1000,FIL1125,2026,3,230000,F2,2026-06-19,2026-06-19,MYR,1.0,-425.00,SST-S,K1125,MYF0001125,Filler 1125,PC01
1000,FIL1126,2026,1,140000,F2,2026-06-20,2026-06-20,MYR,1.0,5751.00,SST-S,K1126,MYF0001126,Filler 1126,PC01
1000,FIL1126,2026,2,400000,F2,2026-06-20,2026-06-20,MYR,1.0,-5325.00,SST-S,K1126,MYF0001126,Filler 1126,PC01
1000,FIL1126,2026,3,230000,F2,2026-06-20,2026-06-20,MYR,1.0,-426.00,SST-S,K1126,MYF0001126,Filler 1126,PC01
1000,FIL1127,2026,1,140000,F2,2026-06-21,2026-06-21,MYR,1.0,5764.50,SST-S,K1127,MYF0001127,Filler 1127,PC01
1000,FIL1127,2026,2,400000,F2,2026-06-21,2026-06-21,MYR,1.0,-5337.50,SST-S,K1127,MYF0001127,Filler 1127,PC01
1000,FIL1127,2026,3,230000,F2,2026-06-21,2026-06-21,MYR,1.0,-427.00,SST-S,K1127,MYF0001127,Filler 1127,PC01
1000,FIL1128,2026,1,140000,F2,2026-06-22,2026-06-22,MYR,1.0,5778.00,SST-S,K1128,MYF0001128,Filler 1128,PC01
1000,FIL1128,2026,2,400000,F2,2026-06-22,2026-06-22,MYR,1.0,-5350.00,SST-S,K1128,MYF0001128,Filler 1128,PC01
1000,FIL1128,2026,3,230000,F2,2026-06-22,2026-06-22,MYR,1.0,-428.00,SST-S,K1128,MYF0001128,Filler 1128,PC01
1000,FIL1129,2026,1,140000,F2,2026-06-23,2026-06-23,MYR,1.0,5791.50,SST-S,K1129,MYF0001129,Filler 1129,PC01
1000,FIL1129,2026,2,400000,F2,2026-06-23,2026-06-23,MYR,1.0,-5362.50,SST-S,K1129,MYF0001129,Filler 1129,PC01
1000,FIL1129,2026,3,230000,F2,2026-06-23,2026-06-23,MYR,1.0,-429.00,SST-S,K1129,MYF0001129,Filler 1129,PC01
1000,FIL1130,2026,1,140000,F2,2026-06-24,2026-06-24,MYR,1.0,5805.00,SST-S,K1130,MYF0001130,Filler 1130,PC01
1000,FIL1130,2026,2,400000,F2,2026-06-24,2026-06-24,MYR,1.0,-5375.00,SST-S,K1130,MYF0001130,Filler 1130,PC01
1000,FIL1130,2026,3,230000,F2,2026-06-24,2026-06-24,MYR,1.0,-430.00,SST-S,K1130,MYF0001130,Filler 1130,PC01
1000,FIL1131,2026,1,140000,F2,2026-06-25,2026-06-25,MYR,1.0,5818.50,SST-S,K1131,MYF0001131,Filler 1131,PC01
1000,FIL1131,2026,2,400000,F2,2026-06-25,2026-06-25,MYR,1.0,-5387.50,SST-S,K1131,MYF0001131,Filler 1131,PC01
1000,FIL1131,2026,3,230000,F2,2026-06-25,2026-06-25,MYR,1.0,-431.00,SST-S,K1131,MYF0001131,Filler 1131,PC01
1000,FIL1132,2026,1,140000,F2,2026-06-26,2026-06-26,MYR,1.0,5832.00,SST-S,K1132,MYF0001132,Filler 1132,PC01
1000,FIL1132,2026,2,400000,F2,2026-06-26,2026-06-26,MYR,1.0,-5400.00,SST-S,K1132,MYF0001132,Filler 1132,PC01
1000,FIL1132,2026,3,230000,F2,2026-06-26,2026-06-26,MYR,1.0,-432.00,SST-S,K1132,MYF0001132,Filler 1132,PC01
1000,FIL1133,2026,1,140000,F2,2026-06-27,2026-06-27,MYR,1.0,5845.50,SST-S,K1133,MYF0001133,Filler 1133,PC01
1000,FIL1133,2026,2,400000,F2,2026-06-27,2026-06-27,MYR,1.0,-5412.50,SST-S,K1133,MYF0001133,Filler 1133,PC01
1000,FIL1133,2026,3,230000,F2,2026-06-27,2026-06-27,MYR,1.0,-433.00,SST-S,K1133,MYF0001133,Filler 1133,PC01
1000,FIL1134,2026,1,140000,F2,2026-06-01,2026-06-01,MYR,1.0,5859.00,SST-S,K1134,MYF0001134,Filler 1134,PC01
1000,FIL1134,2026,2,400000,F2,2026-06-01,2026-06-01,MYR,1.0,-5425.00,SST-S,K1134,MYF0001134,Filler 1134,PC01
1000,FIL1134,2026,3,230000,F2,2026-06-01,2026-06-01,MYR,1.0,-434.00,SST-S,K1134,MYF0001134,Filler 1134,PC01
1000,FIL1135,2026,1,140000,F2,2026-06-02,2026-06-02,MYR,1.0,5872.50,SST-S,K1135,MYF0001135,Filler 1135,PC01
1000,FIL1135,2026,2,400000,F2,2026-06-02,2026-06-02,MYR,1.0,-5437.50,SST-S,K1135,MYF0001135,Filler 1135,PC01
1000,FIL1135,2026,3,230000,F2,2026-06-02,2026-06-02,MYR,1.0,-435.00,SST-S,K1135,MYF0001135,Filler 1135,PC01
1000,FIL1136,2026,1,140000,F2,2026-06-03,2026-06-03,MYR,1.0,5886.00,SST-S,K1136,MYF0001136,Filler 1136,PC01
1000,FIL1136,2026,2,400000,F2,2026-06-03,2026-06-03,MYR,1.0,-5450.00,SST-S,K1136,MYF0001136,Filler 1136,PC01
1000,FIL1136,2026,3,230000,F2,2026-06-03,2026-06-03,MYR,1.0,-436.00,SST-S,K1136,MYF0001136,Filler 1136,PC01
1000,FIL1137,2026,1,140000,F2,2026-06-04,2026-06-04,MYR,1.0,5899.50,SST-S,K1137,MYF0001137,Filler 1137,PC01
1000,FIL1137,2026,2,400000,F2,2026-06-04,2026-06-04,MYR,1.0,-5462.50,SST-S,K1137,MYF0001137,Filler 1137,PC01
1000,FIL1137,2026,3,230000,F2,2026-06-04,2026-06-04,MYR,1.0,-437.00,SST-S,K1137,MYF0001137,Filler 1137,PC01
1000,FIL1138,2026,1,140000,F2,2026-06-05,2026-06-05,MYR,1.0,5913.00,SST-S,K1138,MYF0001138,Filler 1138,PC01
1000,FIL1138,2026,2,400000,F2,2026-06-05,2026-06-05,MYR,1.0,-5475.00,SST-S,K1138,MYF0001138,Filler 1138,PC01
1000,FIL1138,2026,3,230000,F2,2026-06-05,2026-06-05,MYR,1.0,-438.00,SST-S,K1138,MYF0001138,Filler 1138,PC01
1000,FIL1139,2026,1,140000,F2,2026-06-06,2026-06-06,MYR,1.0,5926.50,SST-S,K1139,MYF0001139,Filler 1139,PC01
1000,FIL1139,2026,2,400000,F2,2026-06-06,2026-06-06,MYR,1.0,-5487.50,SST-S,K1139,MYF0001139,Filler 1139,PC01
1000,FIL1139,2026,3,230000,F2,2026-06-06,2026-06-06,MYR,1.0,-439.00,SST-S,K1139,MYF0001139,Filler 1139,PC01
1000,FIL1140,2026,1,140000,F2,2026-06-07,2026-06-07,MYR,1.0,5940.00,SST-S,K1140,MYF0001140,Filler 1140,PC01
1000,FIL1140,2026,2,400000,F2,2026-06-07,2026-06-07,MYR,1.0,-5500.00,SST-S,K1140,MYF0001140,Filler 1140,PC01
1000,FIL1140,2026,3,230000,F2,2026-06-07,2026-06-07,MYR,1.0,-440.00,SST-S,K1140,MYF0001140,Filler 1140,PC01
1000,FIL1141,2026,1,140000,F2,2026-06-08,2026-06-08,MYR,1.0,5953.50,SST-S,K1141,MYF0001141,Filler 1141,PC01
1000,FIL1141,2026,2,400000,F2,2026-06-08,2026-06-08,MYR,1.0,-5512.50,SST-S,K1141,MYF0001141,Filler 1141,PC01
1000,FIL1141,2026,3,230000,F2,2026-06-08,2026-06-08,MYR,1.0,-441.00,SST-S,K1141,MYF0001141,Filler 1141,PC01
1000,FIL1142,2026,1,140000,F2,2026-06-09,2026-06-09,MYR,1.0,5967.00,SST-S,K1142,MYF0001142,Filler 1142,PC01
1000,FIL1142,2026,2,400000,F2,2026-06-09,2026-06-09,MYR,1.0,-5525.00,SST-S,K1142,MYF0001142,Filler 1142,PC01
1000,FIL1142,2026,3,230000,F2,2026-06-09,2026-06-09,MYR,1.0,-442.00,SST-S,K1142,MYF0001142,Filler 1142,PC01
1000,FIL1143,2026,1,140000,F2,2026-06-10,2026-06-10,MYR,1.0,5980.50,SST-S,K1143,MYF0001143,Filler 1143,PC01
1000,FIL1143,2026,2,400000,F2,2026-06-10,2026-06-10,MYR,1.0,-5537.50,SST-S,K1143,MYF0001143,Filler 1143,PC01
1000,FIL1143,2026,3,230000,F2,2026-06-10,2026-06-10,MYR,1.0,-443.00,SST-S,K1143,MYF0001143,Filler 1143,PC01
1000,FIL1144,2026,1,140000,F2,2026-06-11,2026-06-11,MYR,1.0,5994.00,SST-S,K1144,MYF0001144,Filler 1144,PC01
1000,FIL1144,2026,2,400000,F2,2026-06-11,2026-06-11,MYR,1.0,-5550.00,SST-S,K1144,MYF0001144,Filler 1144,PC01
1000,FIL1144,2026,3,230000,F2,2026-06-11,2026-06-11,MYR,1.0,-444.00,SST-S,K1144,MYF0001144,Filler 1144,PC01
1000,FIL1145,2026,1,140000,F2,2026-06-12,2026-06-12,MYR,1.0,6007.50,SST-S,K1145,MYF0001145,Filler 1145,PC01
1000,FIL1145,2026,2,400000,F2,2026-06-12,2026-06-12,MYR,1.0,-5562.50,SST-S,K1145,MYF0001145,Filler 1145,PC01
1000,FIL1145,2026,3,230000,F2,2026-06-12,2026-06-12,MYR,1.0,-445.00,SST-S,K1145,MYF0001145,Filler 1145,PC01
1000,FIL1146,2026,1,140000,F2,2026-06-13,2026-06-13,MYR,1.0,6021.00,SST-S,K1146,MYF0001146,Filler 1146,PC01
1000,FIL1146,2026,2,400000,F2,2026-06-13,2026-06-13,MYR,1.0,-5575.00,SST-S,K1146,MYF0001146,Filler 1146,PC01
1000,FIL1146,2026,3,230000,F2,2026-06-13,2026-06-13,MYR,1.0,-446.00,SST-S,K1146,MYF0001146,Filler 1146,PC01
1000,FIL1147,2026,1,140000,F2,2026-06-14,2026-06-14,MYR,1.0,6034.50,SST-S,K1147,MYF0001147,Filler 1147,PC01
1000,FIL1147,2026,2,400000,F2,2026-06-14,2026-06-14,MYR,1.0,-5587.50,SST-S,K1147,MYF0001147,Filler 1147,PC01
1000,FIL1147,2026,3,230000,F2,2026-06-14,2026-06-14,MYR,1.0,-447.00,SST-S,K1147,MYF0001147,Filler 1147,PC01
1000,FIL1148,2026,1,140000,F2,2026-06-15,2026-06-15,MYR,1.0,6048.00,SST-S,K1148,MYF0001148,Filler 1148,PC01
1000,FIL1148,2026,2,400000,F2,2026-06-15,2026-06-15,MYR,1.0,-5600.00,SST-S,K1148,MYF0001148,Filler 1148,PC01
1000,FIL1148,2026,3,230000,F2,2026-06-15,2026-06-15,MYR,1.0,-448.00,SST-S,K1148,MYF0001148,Filler 1148,PC01
1000,FIL1149,2026,1,140000,F2,2026-06-16,2026-06-16,MYR,1.0,6061.50,SST-S,K1149,MYF0001149,Filler 1149,PC01
1000,FIL1149,2026,2,400000,F2,2026-06-16,2026-06-16,MYR,1.0,-5612.50,SST-S,K1149,MYF0001149,Filler 1149,PC01
1000,FIL1149,2026,3,230000,F2,2026-06-16,2026-06-16,MYR,1.0,-449.00,SST-S,K1149,MYF0001149,Filler 1149,PC01
1000,FIL1150,2026,1,140000,F2,2026-06-17,2026-06-17,MYR,1.0,6075.00,SST-S,K1150,MYF0001150,Filler 1150,PC01
1000,FIL1150,2026,2,400000,F2,2026-06-17,2026-06-17,MYR,1.0,-5625.00,SST-S,K1150,MYF0001150,Filler 1150,PC01
1000,FIL1150,2026,3,230000,F2,2026-06-17,2026-06-17,MYR,1.0,-450.00,SST-S,K1150,MYF0001150,Filler 1150,PC01
1000,FIL1151,2026,1,140000,F2,2026-06-18,2026-06-18,MYR,1.0,6088.50,SST-S,K1151,MYF0001151,Filler 1151,PC01
1000,FIL1151,2026,2,400000,F2,2026-06-18,2026-06-18,MYR,1.0,-5637.50,SST-S,K1151,MYF0001151,Filler 1151,PC01
1000,FIL1151,2026,3,230000,F2,2026-06-18,2026-06-18,MYR,1.0,-451.00,SST-S,K1151,MYF0001151,Filler 1151,PC01
1000,FIL1152,2026,1,140000,F2,2026-06-19,2026-06-19,MYR,1.0,6102.00,SST-S,K1152,MYF0001152,Filler 1152,PC01
1000,FIL1152,2026,2,400000,F2,2026-06-19,2026-06-19,MYR,1.0,-5650.00,SST-S,K1152,MYF0001152,Filler 1152,PC01
1000,FIL1152,2026,3,230000,F2,2026-06-19,2026-06-19,MYR,1.0,-452.00,SST-S,K1152,MYF0001152,Filler 1152,PC01
1000,FIL1153,2026,1,140000,F2,2026-06-20,2026-06-20,MYR,1.0,6115.50,SST-S,K1153,MYF0001153,Filler 1153,PC01
1000,FIL1153,2026,2,400000,F2,2026-06-20,2026-06-20,MYR,1.0,-5662.50,SST-S,K1153,MYF0001153,Filler 1153,PC01
1000,FIL1153,2026,3,230000,F2,2026-06-20,2026-06-20,MYR,1.0,-453.00,SST-S,K1153,MYF0001153,Filler 1153,PC01
1000,FIL1154,2026,1,140000,F2,2026-06-21,2026-06-21,MYR,1.0,6129.00,SST-S,K1154,MYF0001154,Filler 1154,PC01
1000,FIL1154,2026,2,400000,F2,2026-06-21,2026-06-21,MYR,1.0,-5675.00,SST-S,K1154,MYF0001154,Filler 1154,PC01
1000,FIL1154,2026,3,230000,F2,2026-06-21,2026-06-21,MYR,1.0,-454.00,SST-S,K1154,MYF0001154,Filler 1154,PC01
1000,FIL1155,2026,1,140000,F2,2026-06-22,2026-06-22,MYR,1.0,6142.50,SST-S,K1155,MYF0001155,Filler 1155,PC01
1000,FIL1155,2026,2,400000,F2,2026-06-22,2026-06-22,MYR,1.0,-5687.50,SST-S,K1155,MYF0001155,Filler 1155,PC01
1000,FIL1155,2026,3,230000,F2,2026-06-22,2026-06-22,MYR,1.0,-455.00,SST-S,K1155,MYF0001155,Filler 1155,PC01
1000,FIL1156,2026,1,140000,F2,2026-06-23,2026-06-23,MYR,1.0,6156.00,SST-S,K1156,MYF0001156,Filler 1156,PC01
1000,FIL1156,2026,2,400000,F2,2026-06-23,2026-06-23,MYR,1.0,-5700.00,SST-S,K1156,MYF0001156,Filler 1156,PC01
1000,FIL1156,2026,3,230000,F2,2026-06-23,2026-06-23,MYR,1.0,-456.00,SST-S,K1156,MYF0001156,Filler 1156,PC01
1000,FIL1157,2026,1,140000,F2,2026-06-24,2026-06-24,MYR,1.0,6169.50,SST-S,K1157,MYF0001157,Filler 1157,PC01
1000,FIL1157,2026,2,400000,F2,2026-06-24,2026-06-24,MYR,1.0,-5712.50,SST-S,K1157,MYF0001157,Filler 1157,PC01
1000,FIL1157,2026,3,230000,F2,2026-06-24,2026-06-24,MYR,1.0,-457.00,SST-S,K1157,MYF0001157,Filler 1157,PC01
1000,FIL1158,2026,1,140000,F2,2026-06-25,2026-06-25,MYR,1.0,6183.00,SST-S,K1158,MYF0001158,Filler 1158,PC01
1000,FIL1158,2026,2,400000,F2,2026-06-25,2026-06-25,MYR,1.0,-5725.00,SST-S,K1158,MYF0001158,Filler 1158,PC01
1000,FIL1158,2026,3,230000,F2,2026-06-25,2026-06-25,MYR,1.0,-458.00,SST-S,K1158,MYF0001158,Filler 1158,PC01
1000,FIL1159,2026,1,140000,F2,2026-06-26,2026-06-26,MYR,1.0,6196.50,SST-S,K1159,MYF0001159,Filler 1159,PC01
1000,FIL1159,2026,2,400000,F2,2026-06-26,2026-06-26,MYR,1.0,-5737.50,SST-S,K1159,MYF0001159,Filler 1159,PC01
1000,FIL1159,2026,3,230000,F2,2026-06-26,2026-06-26,MYR,1.0,-459.00,SST-S,K1159,MYF0001159,Filler 1159,PC01
1000,FIL1160,2026,1,140000,F2,2026-06-27,2026-06-27,MYR,1.0,6210.00,SST-S,K1160,MYF0001160,Filler 1160,PC01
1000,FIL1160,2026,2,400000,F2,2026-06-27,2026-06-27,MYR,1.0,-5750.00,SST-S,K1160,MYF0001160,Filler 1160,PC01
1000,FIL1160,2026,3,230000,F2,2026-06-27,2026-06-27,MYR,1.0,-460.00,SST-S,K1160,MYF0001160,Filler 1160,PC01
1000,FIL1161,2026,1,140000,F2,2026-06-01,2026-06-01,MYR,1.0,6223.50,SST-S,K1161,MYF0001161,Filler 1161,PC01
1000,FIL1161,2026,2,400000,F2,2026-06-01,2026-06-01,MYR,1.0,-5762.50,SST-S,K1161,MYF0001161,Filler 1161,PC01
1000,FIL1161,2026,3,230000,F2,2026-06-01,2026-06-01,MYR,1.0,-461.00,SST-S,K1161,MYF0001161,Filler 1161,PC01
1000,FIL1162,2026,1,140000,F2,2026-06-02,2026-06-02,MYR,1.0,6237.00,SST-S,K1162,MYF0001162,Filler 1162,PC01
1000,FIL1162,2026,2,400000,F2,2026-06-02,2026-06-02,MYR,1.0,-5775.00,SST-S,K1162,MYF0001162,Filler 1162,PC01
1000,FIL1162,2026,3,230000,F2,2026-06-02,2026-06-02,MYR,1.0,-462.00,SST-S,K1162,MYF0001162,Filler 1162,PC01
1000,FIL1163,2026,1,140000,F2,2026-06-03,2026-06-03,MYR,1.0,6250.50,SST-S,K1163,MYF0001163,Filler 1163,PC01
1000,FIL1163,2026,2,400000,F2,2026-06-03,2026-06-03,MYR,1.0,-5787.50,SST-S,K1163,MYF0001163,Filler 1163,PC01
1000,FIL1163,2026,3,230000,F2,2026-06-03,2026-06-03,MYR,1.0,-463.00,SST-S,K1163,MYF0001163,Filler 1163,PC01
1000,FIL1164,2026,1,140000,F2,2026-06-04,2026-06-04,MYR,1.0,6264.00,SST-S,K1164,MYF0001164,Filler 1164,PC01
1000,FIL1164,2026,2,400000,F2,2026-06-04,2026-06-04,MYR,1.0,-5800.00,SST-S,K1164,MYF0001164,Filler 1164,PC01
1000,FIL1164,2026,3,230000,F2,2026-06-04,2026-06-04,MYR,1.0,-464.00,SST-S,K1164,MYF0001164,Filler 1164,PC01
1000,FIL1165,2026,1,140000,F2,2026-06-05,2026-06-05,MYR,1.0,6277.50,SST-S,K1165,MYF0001165,Filler 1165,PC01
1000,FIL1165,2026,2,400000,F2,2026-06-05,2026-06-05,MYR,1.0,-5812.50,SST-S,K1165,MYF0001165,Filler 1165,PC01
1000,FIL1165,2026,3,230000,F2,2026-06-05,2026-06-05,MYR,1.0,-465.00,SST-S,K1165,MYF0001165,Filler 1165,PC01
1000,FIL1166,2026,1,140000,F2,2026-06-06,2026-06-06,MYR,1.0,6291.00,SST-S,K1166,MYF0001166,Filler 1166,PC01
1000,FIL1166,2026,2,400000,F2,2026-06-06,2026-06-06,MYR,1.0,-5825.00,SST-S,K1166,MYF0001166,Filler 1166,PC01
1000,FIL1166,2026,3,230000,F2,2026-06-06,2026-06-06,MYR,1.0,-466.00,SST-S,K1166,MYF0001166,Filler 1166,PC01
1000,FIL1167,2026,1,140000,F2,2026-06-07,2026-06-07,MYR,1.0,6304.50,SST-S,K1167,MYF0001167,Filler 1167,PC01
1000,FIL1167,2026,2,400000,F2,2026-06-07,2026-06-07,MYR,1.0,-5837.50,SST-S,K1167,MYF0001167,Filler 1167,PC01
1000,FIL1167,2026,3,230000,F2,2026-06-07,2026-06-07,MYR,1.0,-467.00,SST-S,K1167,MYF0001167,Filler 1167,PC01
1000,FIL1168,2026,1,140000,F2,2026-06-08,2026-06-08,MYR,1.0,6318.00,SST-S,K1168,MYF0001168,Filler 1168,PC01
1000,FIL1168,2026,2,400000,F2,2026-06-08,2026-06-08,MYR,1.0,-5850.00,SST-S,K1168,MYF0001168,Filler 1168,PC01
1000,FIL1168,2026,3,230000,F2,2026-06-08,2026-06-08,MYR,1.0,-468.00,SST-S,K1168,MYF0001168,Filler 1168,PC01
1000,FIL1169,2026,1,140000,F2,2026-06-09,2026-06-09,MYR,1.0,6331.50,SST-S,K1169,MYF0001169,Filler 1169,PC01
1000,FIL1169,2026,2,400000,F2,2026-06-09,2026-06-09,MYR,1.0,-5862.50,SST-S,K1169,MYF0001169,Filler 1169,PC01
1000,FIL1169,2026,3,230000,F2,2026-06-09,2026-06-09,MYR,1.0,-469.00,SST-S,K1169,MYF0001169,Filler 1169,PC01
1000,FIL1170,2026,1,140000,F2,2026-06-10,2026-06-10,MYR,1.0,6345.00,SST-S,K1170,MYF0001170,Filler 1170,PC01
1000,FIL1170,2026,2,400000,F2,2026-06-10,2026-06-10,MYR,1.0,-5875.00,SST-S,K1170,MYF0001170,Filler 1170,PC01
1000,FIL1170,2026,3,230000,F2,2026-06-10,2026-06-10,MYR,1.0,-470.00,SST-S,K1170,MYF0001170,Filler 1170,PC01
1000,FIL1171,2026,1,140000,F2,2026-06-11,2026-06-11,MYR,1.0,6358.50,SST-S,K1171,MYF0001171,Filler 1171,PC01
1000,FIL1171,2026,2,400000,F2,2026-06-11,2026-06-11,MYR,1.0,-5887.50,SST-S,K1171,MYF0001171,Filler 1171,PC01
1000,FIL1171,2026,3,230000,F2,2026-06-11,2026-06-11,MYR,1.0,-471.00,SST-S,K1171,MYF0001171,Filler 1171,PC01
1000,FIL1172,2026,1,140000,F2,2026-06-12,2026-06-12,MYR,1.0,6372.00,SST-S,K1172,MYF0001172,Filler 1172,PC01
1000,FIL1172,2026,2,400000,F2,2026-06-12,2026-06-12,MYR,1.0,-5900.00,SST-S,K1172,MYF0001172,Filler 1172,PC01
1000,FIL1172,2026,3,230000,F2,2026-06-12,2026-06-12,MYR,1.0,-472.00,SST-S,K1172,MYF0001172,Filler 1172,PC01
1000,FIL1173,2026,1,140000,F2,2026-06-13,2026-06-13,MYR,1.0,6385.50,SST-S,K1173,MYF0001173,Filler 1173,PC01
1000,FIL1173,2026,2,400000,F2,2026-06-13,2026-06-13,MYR,1.0,-5912.50,SST-S,K1173,MYF0001173,Filler 1173,PC01
1000,FIL1173,2026,3,230000,F2,2026-06-13,2026-06-13,MYR,1.0,-473.00,SST-S,K1173,MYF0001173,Filler 1173,PC01
1000,FIL1174,2026,1,140000,F2,2026-06-14,2026-06-14,MYR,1.0,6399.00,SST-S,K1174,MYF0001174,Filler 1174,PC01
1000,FIL1174,2026,2,400000,F2,2026-06-14,2026-06-14,MYR,1.0,-5925.00,SST-S,K1174,MYF0001174,Filler 1174,PC01
1000,FIL1174,2026,3,230000,F2,2026-06-14,2026-06-14,MYR,1.0,-474.00,SST-S,K1174,MYF0001174,Filler 1174,PC01
1000,FIL1175,2026,1,140000,F2,2026-06-15,2026-06-15,MYR,1.0,6412.50,SST-S,K1175,MYF0001175,Filler 1175,PC01
1000,FIL1175,2026,2,400000,F2,2026-06-15,2026-06-15,MYR,1.0,-5937.50,SST-S,K1175,MYF0001175,Filler 1175,PC01
1000,FIL1175,2026,3,230000,F2,2026-06-15,2026-06-15,MYR,1.0,-475.00,SST-S,K1175,MYF0001175,Filler 1175,PC01
1000,FIL1176,2026,1,140000,F2,2026-06-16,2026-06-16,MYR,1.0,6426.00,SST-S,K1176,MYF0001176,Filler 1176,PC01
1000,FIL1176,2026,2,400000,F2,2026-06-16,2026-06-16,MYR,1.0,-5950.00,SST-S,K1176,MYF0001176,Filler 1176,PC01
1000,FIL1176,2026,3,230000,F2,2026-06-16,2026-06-16,MYR,1.0,-476.00,SST-S,K1176,MYF0001176,Filler 1176,PC01
1000,FIL1177,2026,1,140000,F2,2026-06-17,2026-06-17,MYR,1.0,6439.50,SST-S,K1177,MYF0001177,Filler 1177,PC01
1000,FIL1177,2026,2,400000,F2,2026-06-17,2026-06-17,MYR,1.0,-5962.50,SST-S,K1177,MYF0001177,Filler 1177,PC01
1000,FIL1177,2026,3,230000,F2,2026-06-17,2026-06-17,MYR,1.0,-477.00,SST-S,K1177,MYF0001177,Filler 1177,PC01
1000,FIL1178,2026,1,140000,F2,2026-06-18,2026-06-18,MYR,1.0,6453.00,SST-S,K1178,MYF0001178,Filler 1178,PC01
1000,FIL1178,2026,2,400000,F2,2026-06-18,2026-06-18,MYR,1.0,-5975.00,SST-S,K1178,MYF0001178,Filler 1178,PC01
1000,FIL1178,2026,3,230000,F2,2026-06-18,2026-06-18,MYR,1.0,-478.00,SST-S,K1178,MYF0001178,Filler 1178,PC01
1000,FIL1179,2026,1,140000,F2,2026-06-19,2026-06-19,MYR,1.0,6466.50,SST-S,K1179,MYF0001179,Filler 1179,PC01
1000,FIL1179,2026,2,400000,F2,2026-06-19,2026-06-19,MYR,1.0,-5987.50,SST-S,K1179,MYF0001179,Filler 1179,PC01
1000,FIL1179,2026,3,230000,F2,2026-06-19,2026-06-19,MYR,1.0,-479.00,SST-S,K1179,MYF0001179,Filler 1179,PC01
1000,FIL1180,2026,1,140000,F2,2026-06-20,2026-06-20,MYR,1.0,6480.00,SST-S,K1180,MYF0001180,Filler 1180,PC01
1000,FIL1180,2026,2,400000,F2,2026-06-20,2026-06-20,MYR,1.0,-6000.00,SST-S,K1180,MYF0001180,Filler 1180,PC01
1000,FIL1180,2026,3,230000,F2,2026-06-20,2026-06-20,MYR,1.0,-480.00,SST-S,K1180,MYF0001180,Filler 1180,PC01
1000,FIL1181,2026,1,140000,F2,2026-06-21,2026-06-21,MYR,1.0,6493.50,SST-S,K1181,MYF0001181,Filler 1181,PC01
1000,FIL1181,2026,2,400000,F2,2026-06-21,2026-06-21,MYR,1.0,-6012.50,SST-S,K1181,MYF0001181,Filler 1181,PC01
1000,FIL1181,2026,3,230000,F2,2026-06-21,2026-06-21,MYR,1.0,-481.00,SST-S,K1181,MYF0001181,Filler 1181,PC01
1000,FIL1182,2026,1,140000,F2,2026-06-22,2026-06-22,MYR,1.0,6507.00,SST-S,K1182,MYF0001182,Filler 1182,PC01
1000,FIL1182,2026,2,400000,F2,2026-06-22,2026-06-22,MYR,1.0,-6025.00,SST-S,K1182,MYF0001182,Filler 1182,PC01
1000,FIL1182,2026,3,230000,F2,2026-06-22,2026-06-22,MYR,1.0,-482.00,SST-S,K1182,MYF0001182,Filler 1182,PC01
1000,FIL1183,2026,1,140000,F2,2026-06-23,2026-06-23,MYR,1.0,6520.50,SST-S,K1183,MYF0001183,Filler 1183,PC01
1000,FIL1183,2026,2,400000,F2,2026-06-23,2026-06-23,MYR,1.0,-6037.50,SST-S,K1183,MYF0001183,Filler 1183,PC01
1000,FIL1183,2026,3,230000,F2,2026-06-23,2026-06-23,MYR,1.0,-483.00,SST-S,K1183,MYF0001183,Filler 1183,PC01
1000,FIL1184,2026,1,140000,F2,2026-06-24,2026-06-24,MYR,1.0,6534.00,SST-S,K1184,MYF0001184,Filler 1184,PC01
1000,FIL1184,2026,2,400000,F2,2026-06-24,2026-06-24,MYR,1.0,-6050.00,SST-S,K1184,MYF0001184,Filler 1184,PC01
1000,FIL1184,2026,3,230000,F2,2026-06-24,2026-06-24,MYR,1.0,-484.00,SST-S,K1184,MYF0001184,Filler 1184,PC01
1000,FIL1185,2026,1,140000,F2,2026-06-25,2026-06-25,MYR,1.0,6547.50,SST-S,K1185,MYF0001185,Filler 1185,PC01
1000,FIL1185,2026,2,400000,F2,2026-06-25,2026-06-25,MYR,1.0,-6062.50,SST-S,K1185,MYF0001185,Filler 1185,PC01
1000,FIL1185,2026,3,230000,F2,2026-06-25,2026-06-25,MYR,1.0,-485.00,SST-S,K1185,MYF0001185,Filler 1185,PC01
1000,FIL1186,2026,1,140000,F2,2026-06-26,2026-06-26,MYR,1.0,6561.00,SST-S,K1186,MYF0001186,Filler 1186,PC01
1000,FIL1186,2026,2,400000,F2,2026-06-26,2026-06-26,MYR,1.0,-6075.00,SST-S,K1186,MYF0001186,Filler 1186,PC01
1000,FIL1186,2026,3,230000,F2,2026-06-26,2026-06-26,MYR,1.0,-486.00,SST-S,K1186,MYF0001186,Filler 1186,PC01
1000,FIL1187,2026,1,140000,F2,2026-06-27,2026-06-27,MYR,1.0,6574.50,SST-S,K1187,MYF0001187,Filler 1187,PC01
1000,FIL1187,2026,2,400000,F2,2026-06-27,2026-06-27,MYR,1.0,-6087.50,SST-S,K1187,MYF0001187,Filler 1187,PC01
1000,FIL1187,2026,3,230000,F2,2026-06-27,2026-06-27,MYR,1.0,-487.00,SST-S,K1187,MYF0001187,Filler 1187,PC01
1000,FIL1188,2026,1,140000,F2,2026-06-01,2026-06-01,MYR,1.0,6588.00,SST-S,K1188,MYF0001188,Filler 1188,PC01
1000,FIL1188,2026,2,400000,F2,2026-06-01,2026-06-01,MYR,1.0,-6100.00,SST-S,K1188,MYF0001188,Filler 1188,PC01
1000,FIL1188,2026,3,230000,F2,2026-06-01,2026-06-01,MYR,1.0,-488.00,SST-S,K1188,MYF0001188,Filler 1188,PC01
1000,FIL1189,2026,1,140000,F2,2026-06-02,2026-06-02,MYR,1.0,6601.50,SST-S,K1189,MYF0001189,Filler 1189,PC01
1000,FIL1189,2026,2,400000,F2,2026-06-02,2026-06-02,MYR,1.0,-6112.50,SST-S,K1189,MYF0001189,Filler 1189,PC01
1000,FIL1189,2026,3,230000,F2,2026-06-02,2026-06-02,MYR,1.0,-489.00,SST-S,K1189,MYF0001189,Filler 1189,PC01
1000,FIL1190,2026,1,140000,F2,2026-06-03,2026-06-03,MYR,1.0,6615.00,SST-S,K1190,MYF0001190,Filler 1190,PC01
1000,FIL1190,2026,2,400000,F2,2026-06-03,2026-06-03,MYR,1.0,-6125.00,SST-S,K1190,MYF0001190,Filler 1190,PC01
1000,FIL1190,2026,3,230000,F2,2026-06-03,2026-06-03,MYR,1.0,-490.00,SST-S,K1190,MYF0001190,Filler 1190,PC01
1000,FIL1191,2026,1,140000,F2,2026-06-04,2026-06-04,MYR,1.0,6628.50,SST-S,K1191,MYF0001191,Filler 1191,PC01
1000,FIL1191,2026,2,400000,F2,2026-06-04,2026-06-04,MYR,1.0,-6137.50,SST-S,K1191,MYF0001191,Filler 1191,PC01
1000,FIL1191,2026,3,230000,F2,2026-06-04,2026-06-04,MYR,1.0,-491.00,SST-S,K1191,MYF0001191,Filler 1191,PC01
1000,FIL1192,2026,1,140000,F2,2026-06-05,2026-06-05,MYR,1.0,6642.00,SST-S,K1192,MYF0001192,Filler 1192,PC01
1000,FIL1192,2026,2,400000,F2,2026-06-05,2026-06-05,MYR,1.0,-6150.00,SST-S,K1192,MYF0001192,Filler 1192,PC01
1000,FIL1192,2026,3,230000,F2,2026-06-05,2026-06-05,MYR,1.0,-492.00,SST-S,K1192,MYF0001192,Filler 1192,PC01
1000,FIL1193,2026,1,140000,F2,2026-06-06,2026-06-06,MYR,1.0,6655.50,SST-S,K1193,MYF0001193,Filler 1193,PC01
1000,FIL1193,2026,2,400000,F2,2026-06-06,2026-06-06,MYR,1.0,-6162.50,SST-S,K1193,MYF0001193,Filler 1193,PC01
1000,FIL1193,2026,3,230000,F2,2026-06-06,2026-06-06,MYR,1.0,-493.00,SST-S,K1193,MYF0001193,Filler 1193,PC01
1000,FIL1194,2026,1,140000,F2,2026-06-07,2026-06-07,MYR,1.0,6669.00,SST-S,K1194,MYF0001194,Filler 1194,PC01
1000,FIL1194,2026,2,400000,F2,2026-06-07,2026-06-07,MYR,1.0,-6175.00,SST-S,K1194,MYF0001194,Filler 1194,PC01
1000,FIL1194,2026,3,230000,F2,2026-06-07,2026-06-07,MYR,1.0,-494.00,SST-S,K1194,MYF0001194,Filler 1194,PC01
1000,FIL1195,2026,1,140000,F2,2026-06-08,2026-06-08,MYR,1.0,6682.50,SST-S,K1195,MYF0001195,Filler 1195,PC01
1000,FIL1195,2026,2,400000,F2,2026-06-08,2026-06-08,MYR,1.0,-6187.50,SST-S,K1195,MYF0001195,Filler 1195,PC01
1000,FIL1195,2026,3,230000,F2,2026-06-08,2026-06-08,MYR,1.0,-495.00,SST-S,K1195,MYF0001195,Filler 1195,PC01
1000,FIL1196,2026,1,140000,F2,2026-06-09,2026-06-09,MYR,1.0,6696.00,SST-S,K1196,MYF0001196,Filler 1196,PC01
1000,FIL1196,2026,2,400000,F2,2026-06-09,2026-06-09,MYR,1.0,-6200.00,SST-S,K1196,MYF0001196,Filler 1196,PC01
1000,FIL1196,2026,3,230000,F2,2026-06-09,2026-06-09,MYR,1.0,-496.00,SST-S,K1196,MYF0001196,Filler 1196,PC01
1000,FIL1197,2026,1,140000,F2,2026-06-10,2026-06-10,MYR,1.0,6709.50,SST-S,K1197,MYF0001197,Filler 1197,PC01
1000,FIL1197,2026,2,400000,F2,2026-06-10,2026-06-10,MYR,1.0,-6212.50,SST-S,K1197,MYF0001197,Filler 1197,PC01
1000,FIL1197,2026,3,230000,F2,2026-06-10,2026-06-10,MYR,1.0,-497.00,SST-S,K1197,MYF0001197,Filler 1197,PC01
1000,FIL1198,2026,1,140000,F2,2026-06-11,2026-06-11,MYR,1.0,6723.00,SST-S,K1198,MYF0001198,Filler 1198,PC01
1000,FIL1198,2026,2,400000,F2,2026-06-11,2026-06-11,MYR,1.0,-6225.00,SST-S,K1198,MYF0001198,Filler 1198,PC01
1000,FIL1198,2026,3,230000,F2,2026-06-11,2026-06-11,MYR,1.0,-498.00,SST-S,K1198,MYF0001198,Filler 1198,PC01
1000,FIL1199,2026,1,140000,F2,2026-06-12,2026-06-12,MYR,1.0,6736.50,SST-S,K1199,MYF0001199,Filler 1199,PC01
1000,FIL1199,2026,2,400000,F2,2026-06-12,2026-06-12,MYR,1.0,-6237.50,SST-S,K1199,MYF0001199,Filler 1199,PC01
1000,FIL1199,2026,3,230000,F2,2026-06-12,2026-06-12,MYR,1.0,-499.00,SST-S,K1199,MYF0001199,Filler 1199,PC01
1000,FIL1200,2026,1,140000,F2,2026-06-13,2026-06-13,MYR,1.0,1350.00,SST-S,K1200,MYF0001200,Filler 1200,PC01
1000,FIL1200,2026,2,400000,F2,2026-06-13,2026-06-13,MYR,1.0,-1250.00,SST-S,K1200,MYF0001200,Filler 1200,PC01
1000,FIL1200,2026,3,230000,F2,2026-06-13,2026-06-13,MYR,1.0,-100.00,SST-S,K1200,MYF0001200,Filler 1200,PC01
1000,FIL1201,2026,1,140000,F2,2026-06-14,2026-06-14,MYR,1.0,1363.50,SST-S,K1201,MYF0001201,Filler 1201,PC01
1000,FIL1201,2026,2,400000,F2,2026-06-14,2026-06-14,MYR,1.0,-1262.50,SST-S,K1201,MYF0001201,Filler 1201,PC01
1000,FIL1201,2026,3,230000,F2,2026-06-14,2026-06-14,MYR,1.0,-101.00,SST-S,K1201,MYF0001201,Filler 1201,PC01
1000,FIL1202,2026,1,140000,F2,2026-06-15,2026-06-15,MYR,1.0,1377.00,SST-S,K1202,MYF0001202,Filler 1202,PC01
1000,FIL1202,2026,2,400000,F2,2026-06-15,2026-06-15,MYR,1.0,-1275.00,SST-S,K1202,MYF0001202,Filler 1202,PC01
1000,FIL1202,2026,3,230000,F2,2026-06-15,2026-06-15,MYR,1.0,-102.00,SST-S,K1202,MYF0001202,Filler 1202,PC01
1000,FIL1203,2026,1,140000,F2,2026-06-16,2026-06-16,MYR,1.0,1390.50,SST-S,K1203,MYF0001203,Filler 1203,PC01
1000,FIL1203,2026,2,400000,F2,2026-06-16,2026-06-16,MYR,1.0,-1287.50,SST-S,K1203,MYF0001203,Filler 1203,PC01
1000,FIL1203,2026,3,230000,F2,2026-06-16,2026-06-16,MYR,1.0,-103.00,SST-S,K1203,MYF0001203,Filler 1203,PC01
1000,FIL1204,2026,1,140000,F2,2026-06-17,2026-06-17,MYR,1.0,1404.00,SST-S,K1204,MYF0001204,Filler 1204,PC01
1000,FIL1204,2026,2,400000,F2,2026-06-17,2026-06-17,MYR,1.0,-1300.00,SST-S,K1204,MYF0001204,Filler 1204,PC01
1000,FIL1204,2026,3,230000,F2,2026-06-17,2026-06-17,MYR,1.0,-104.00,SST-S,K1204,MYF0001204,Filler 1204,PC01
1000,FIL1205,2026,1,140000,F2,2026-06-18,2026-06-18,MYR,1.0,1417.50,SST-S,K1205,MYF0001205,Filler 1205,PC01
1000,FIL1205,2026,2,400000,F2,2026-06-18,2026-06-18,MYR,1.0,-1312.50,SST-S,K1205,MYF0001205,Filler 1205,PC01
1000,FIL1205,2026,3,230000,F2,2026-06-18,2026-06-18,MYR,1.0,-105.00,SST-S,K1205,MYF0001205,Filler 1205,PC01
1000,FIL1206,2026,1,140000,F2,2026-06-19,2026-06-19,MYR,1.0,1431.00,SST-S,K1206,MYF0001206,Filler 1206,PC01
1000,FIL1206,2026,2,400000,F2,2026-06-19,2026-06-19,MYR,1.0,-1325.00,SST-S,K1206,MYF0001206,Filler 1206,PC01
1000,FIL1206,2026,3,230000,F2,2026-06-19,2026-06-19,MYR,1.0,-106.00,SST-S,K1206,MYF0001206,Filler 1206,PC01
1000,FIL1207,2026,1,140000,F2,2026-06-20,2026-06-20,MYR,1.0,1444.50,SST-S,K1207,MYF0001207,Filler 1207,PC01
1000,FIL1207,2026,2,400000,F2,2026-06-20,2026-06-20,MYR,1.0,-1337.50,SST-S,K1207,MYF0001207,Filler 1207,PC01
1000,FIL1207,2026,3,230000,F2,2026-06-20,2026-06-20,MYR,1.0,-107.00,SST-S,K1207,MYF0001207,Filler 1207,PC01
1000,FIL1208,2026,1,140000,F2,2026-06-21,2026-06-21,MYR,1.0,1458.00,SST-S,K1208,MYF0001208,Filler 1208,PC01
1000,FIL1208,2026,2,400000,F2,2026-06-21,2026-06-21,MYR,1.0,-1350.00,SST-S,K1208,MYF0001208,Filler 1208,PC01
1000,FIL1208,2026,3,230000,F2,2026-06-21,2026-06-21,MYR,1.0,-108.00,SST-S,K1208,MYF0001208,Filler 1208,PC01
1000,FIL1209,2026,1,140000,F2,2026-06-22,2026-06-22,MYR,1.0,1471.50,SST-S,K1209,MYF0001209,Filler 1209,PC01
1000,FIL1209,2026,2,400000,F2,2026-06-22,2026-06-22,MYR,1.0,-1362.50,SST-S,K1209,MYF0001209,Filler 1209,PC01
1000,FIL1209,2026,3,230000,F2,2026-06-22,2026-06-22,MYR,1.0,-109.00,SST-S,K1209,MYF0001209,Filler 1209,PC01
1000,FIL1210,2026,1,140000,F2,2026-06-23,2026-06-23,MYR,1.0,1485.00,SST-S,K1210,MYF0001210,Filler 1210,PC01
1000,FIL1210,2026,2,400000,F2,2026-06-23,2026-06-23,MYR,1.0,-1375.00,SST-S,K1210,MYF0001210,Filler 1210,PC01
1000,FIL1210,2026,3,230000,F2,2026-06-23,2026-06-23,MYR,1.0,-110.00,SST-S,K1210,MYF0001210,Filler 1210,PC01
1000,FIL1211,2026,1,140000,F2,2026-06-24,2026-06-24,MYR,1.0,1498.50,SST-S,K1211,MYF0001211,Filler 1211,PC01
1000,FIL1211,2026,2,400000,F2,2026-06-24,2026-06-24,MYR,1.0,-1387.50,SST-S,K1211,MYF0001211,Filler 1211,PC01
1000,FIL1211,2026,3,230000,F2,2026-06-24,2026-06-24,MYR,1.0,-111.00,SST-S,K1211,MYF0001211,Filler 1211,PC01
1000,FIL1212,2026,1,140000,F2,2026-06-25,2026-06-25,MYR,1.0,1512.00,SST-S,K1212,MYF0001212,Filler 1212,PC01
1000,FIL1212,2026,2,400000,F2,2026-06-25,2026-06-25,MYR,1.0,-1400.00,SST-S,K1212,MYF0001212,Filler 1212,PC01
1000,FIL1212,2026,3,230000,F2,2026-06-25,2026-06-25,MYR,1.0,-112.00,SST-S,K1212,MYF0001212,Filler 1212,PC01
1000,FIL1213,2026,1,140000,F2,2026-06-26,2026-06-26,MYR,1.0,1525.50,SST-S,K1213,MYF0001213,Filler 1213,PC01
1000,FIL1213,2026,2,400000,F2,2026-06-26,2026-06-26,MYR,1.0,-1412.50,SST-S,K1213,MYF0001213,Filler 1213,PC01
1000,FIL1213,2026,3,230000,F2,2026-06-26,2026-06-26,MYR,1.0,-113.00,SST-S,K1213,MYF0001213,Filler 1213,PC01
1000,FIL1214,2026,1,140000,F2,2026-06-27,2026-06-27,MYR,1.0,1539.00,SST-S,K1214,MYF0001214,Filler 1214,PC01
1000,FIL1214,2026,2,400000,F2,2026-06-27,2026-06-27,MYR,1.0,-1425.00,SST-S,K1214,MYF0001214,Filler 1214,PC01
1000,FIL1214,2026,3,230000,F2,2026-06-27,2026-06-27,MYR,1.0,-114.00,SST-S,K1214,MYF0001214,Filler 1214,PC01
1000,FIL1215,2026,1,140000,F2,2026-06-01,2026-06-01,MYR,1.0,1552.50,SST-S,K1215,MYF0001215,Filler 1215,PC01
1000,FIL1215,2026,2,400000,F2,2026-06-01,2026-06-01,MYR,1.0,-1437.50,SST-S,K1215,MYF0001215,Filler 1215,PC01
1000,FIL1215,2026,3,230000,F2,2026-06-01,2026-06-01,MYR,1.0,-115.00,SST-S,K1215,MYF0001215,Filler 1215,PC01
1000,FIL1216,2026,1,140000,F2,2026-06-02,2026-06-02,MYR,1.0,1566.00,SST-S,K1216,MYF0001216,Filler 1216,PC01
1000,FIL1216,2026,2,400000,F2,2026-06-02,2026-06-02,MYR,1.0,-1450.00,SST-S,K1216,MYF0001216,Filler 1216,PC01
1000,FIL1216,2026,3,230000,F2,2026-06-02,2026-06-02,MYR,1.0,-116.00,SST-S,K1216,MYF0001216,Filler 1216,PC01
1000,FIL1217,2026,1,140000,F2,2026-06-03,2026-06-03,MYR,1.0,1579.50,SST-S,K1217,MYF0001217,Filler 1217,PC01
1000,FIL1217,2026,2,400000,F2,2026-06-03,2026-06-03,MYR,1.0,-1462.50,SST-S,K1217,MYF0001217,Filler 1217,PC01
1000,FIL1217,2026,3,230000,F2,2026-06-03,2026-06-03,MYR,1.0,-117.00,SST-S,K1217,MYF0001217,Filler 1217,PC01
1000,FIL1218,2026,1,140000,F2,2026-06-04,2026-06-04,MYR,1.0,1593.00,SST-S,K1218,MYF0001218,Filler 1218,PC01
1000,FIL1218,2026,2,400000,F2,2026-06-04,2026-06-04,MYR,1.0,-1475.00,SST-S,K1218,MYF0001218,Filler 1218,PC01
1000,FIL1218,2026,3,230000,F2,2026-06-04,2026-06-04,MYR,1.0,-118.00,SST-S,K1218,MYF0001218,Filler 1218,PC01
1000,FIL1219,2026,1,140000,F2,2026-06-05,2026-06-05,MYR,1.0,1606.50,SST-S,K1219,MYF0001219,Filler 1219,PC01
1000,FIL1219,2026,2,400000,F2,2026-06-05,2026-06-05,MYR,1.0,-1487.50,SST-S,K1219,MYF0001219,Filler 1219,PC01
1000,FIL1219,2026,3,230000,F2,2026-06-05,2026-06-05,MYR,1.0,-119.00,SST-S,K1219,MYF0001219,Filler 1219,PC01
1000,FIL1220,2026,1,140000,F2,2026-06-06,2026-06-06,MYR,1.0,1620.00,SST-S,K1220,MYF0001220,Filler 1220,PC01
1000,FIL1220,2026,2,400000,F2,2026-06-06,2026-06-06,MYR,1.0,-1500.00,SST-S,K1220,MYF0001220,Filler 1220,PC01
1000,FIL1220,2026,3,230000,F2,2026-06-06,2026-06-06,MYR,1.0,-120.00,SST-S,K1220,MYF0001220,Filler 1220,PC01
1000,FIL1221,2026,1,140000,F2,2026-06-07,2026-06-07,MYR,1.0,1633.50,SST-S,K1221,MYF0001221,Filler 1221,PC01
1000,FIL1221,2026,2,400000,F2,2026-06-07,2026-06-07,MYR,1.0,-1512.50,SST-S,K1221,MYF0001221,Filler 1221,PC01
1000,FIL1221,2026,3,230000,F2,2026-06-07,2026-06-07,MYR,1.0,-121.00,SST-S,K1221,MYF0001221,Filler 1221,PC01
1000,FIL1222,2026,1,140000,F2,2026-06-08,2026-06-08,MYR,1.0,1647.00,SST-S,K1222,MYF0001222,Filler 1222,PC01
1000,FIL1222,2026,2,400000,F2,2026-06-08,2026-06-08,MYR,1.0,-1525.00,SST-S,K1222,MYF0001222,Filler 1222,PC01
1000,FIL1222,2026,3,230000,F2,2026-06-08,2026-06-08,MYR,1.0,-122.00,SST-S,K1222,MYF0001222,Filler 1222,PC01
1000,FIL1223,2026,1,140000,F2,2026-06-09,2026-06-09,MYR,1.0,1660.50,SST-S,K1223,MYF0001223,Filler 1223,PC01
1000,FIL1223,2026,2,400000,F2,2026-06-09,2026-06-09,MYR,1.0,-1537.50,SST-S,K1223,MYF0001223,Filler 1223,PC01
1000,FIL1223,2026,3,230000,F2,2026-06-09,2026-06-09,MYR,1.0,-123.00,SST-S,K1223,MYF0001223,Filler 1223,PC01
1000,FIL1224,2026,1,140000,F2,2026-06-10,2026-06-10,MYR,1.0,1674.00,SST-S,K1224,MYF0001224,Filler 1224,PC01
1000,FIL1224,2026,2,400000,F2,2026-06-10,2026-06-10,MYR,1.0,-1550.00,SST-S,K1224,MYF0001224,Filler 1224,PC01
1000,FIL1224,2026,3,230000,F2,2026-06-10,2026-06-10,MYR,1.0,-124.00,SST-S,K1224,MYF0001224,Filler 1224,PC01
1000,FIL1225,2026,1,140000,F2,2026-06-11,2026-06-11,MYR,1.0,1687.50,SST-S,K1225,MYF0001225,Filler 1225,PC01
1000,FIL1225,2026,2,400000,F2,2026-06-11,2026-06-11,MYR,1.0,-1562.50,SST-S,K1225,MYF0001225,Filler 1225,PC01
1000,FIL1225,2026,3,230000,F2,2026-06-11,2026-06-11,MYR,1.0,-125.00,SST-S,K1225,MYF0001225,Filler 1225,PC01
1000,FIL1226,2026,1,140000,F2,2026-06-12,2026-06-12,MYR,1.0,1701.00,SST-S,K1226,MYF0001226,Filler 1226,PC01
1000,FIL1226,2026,2,400000,F2,2026-06-12,2026-06-12,MYR,1.0,-1575.00,SST-S,K1226,MYF0001226,Filler 1226,PC01
1000,FIL1226,2026,3,230000,F2,2026-06-12,2026-06-12,MYR,1.0,-126.00,SST-S,K1226,MYF0001226,Filler 1226,PC01
1000,FIL1227,2026,1,140000,F2,2026-06-13,2026-06-13,MYR,1.0,1714.50,SST-S,K1227,MYF0001227,Filler 1227,PC01
1000,FIL1227,2026,2,400000,F2,2026-06-13,2026-06-13,MYR,1.0,-1587.50,SST-S,K1227,MYF0001227,Filler 1227,PC01
1000,FIL1227,2026,3,230000,F2,2026-06-13,2026-06-13,MYR,1.0,-127.00,SST-S,K1227,MYF0001227,Filler 1227,PC01
1000,FIL1228,2026,1,140000,F2,2026-06-14,2026-06-14,MYR,1.0,1728.00,SST-S,K1228,MYF0001228,Filler 1228,PC01
1000,FIL1228,2026,2,400000,F2,2026-06-14,2026-06-14,MYR,1.0,-1600.00,SST-S,K1228,MYF0001228,Filler 1228,PC01
1000,FIL1228,2026,3,230000,F2,2026-06-14,2026-06-14,MYR,1.0,-128.00,SST-S,K1228,MYF0001228,Filler 1228,PC01
1000,FIL1229,2026,1,140000,F2,2026-06-15,2026-06-15,MYR,1.0,1741.50,SST-S,K1229,MYF0001229,Filler 1229,PC01
1000,FIL1229,2026,2,400000,F2,2026-06-15,2026-06-15,MYR,1.0,-1612.50,SST-S,K1229,MYF0001229,Filler 1229,PC01
1000,FIL1229,2026,3,230000,F2,2026-06-15,2026-06-15,MYR,1.0,-129.00,SST-S,K1229,MYF0001229,Filler 1229,PC01
1000,FIL1230,2026,1,140000,F2,2026-06-16,2026-06-16,MYR,1.0,1755.00,SST-S,K1230,MYF0001230,Filler 1230,PC01
1000,FIL1230,2026,2,400000,F2,2026-06-16,2026-06-16,MYR,1.0,-1625.00,SST-S,K1230,MYF0001230,Filler 1230,PC01
1000,FIL1230,2026,3,230000,F2,2026-06-16,2026-06-16,MYR,1.0,-130.00,SST-S,K1230,MYF0001230,Filler 1230,PC01
1000,FIL1231,2026,1,140000,F2,2026-06-17,2026-06-17,MYR,1.0,1768.50,SST-S,K1231,MYF0001231,Filler 1231,PC01
1000,FIL1231,2026,2,400000,F2,2026-06-17,2026-06-17,MYR,1.0,-1637.50,SST-S,K1231,MYF0001231,Filler 1231,PC01
1000,FIL1231,2026,3,230000,F2,2026-06-17,2026-06-17,MYR,1.0,-131.00,SST-S,K1231,MYF0001231,Filler 1231,PC01
1000,FIL1232,2026,1,140000,F2,2026-06-18,2026-06-18,MYR,1.0,1782.00,SST-S,K1232,MYF0001232,Filler 1232,PC01
1000,FIL1232,2026,2,400000,F2,2026-06-18,2026-06-18,MYR,1.0,-1650.00,SST-S,K1232,MYF0001232,Filler 1232,PC01
1000,FIL1232,2026,3,230000,F2,2026-06-18,2026-06-18,MYR,1.0,-132.00,SST-S,K1232,MYF0001232,Filler 1232,PC01
1000,FIL1233,2026,1,140000,F2,2026-06-19,2026-06-19,MYR,1.0,1795.50,SST-S,K1233,MYF0001233,Filler 1233,PC01
1000,FIL1233,2026,2,400000,F2,2026-06-19,2026-06-19,MYR,1.0,-1662.50,SST-S,K1233,MYF0001233,Filler 1233,PC01
1000,FIL1233,2026,3,230000,F2,2026-06-19,2026-06-19,MYR,1.0,-133.00,SST-S,K1233,MYF0001233,Filler 1233,PC01
1000,FIL1234,2026,1,140000,F2,2026-06-20,2026-06-20,MYR,1.0,1809.00,SST-S,K1234,MYF0001234,Filler 1234,PC01
1000,FIL1234,2026,2,400000,F2,2026-06-20,2026-06-20,MYR,1.0,-1675.00,SST-S,K1234,MYF0001234,Filler 1234,PC01
1000,FIL1234,2026,3,230000,F2,2026-06-20,2026-06-20,MYR,1.0,-134.00,SST-S,K1234,MYF0001234,Filler 1234,PC01
1000,FIL1235,2026,1,140000,F2,2026-06-21,2026-06-21,MYR,1.0,1822.50,SST-S,K1235,MYF0001235,Filler 1235,PC01
1000,FIL1235,2026,2,400000,F2,2026-06-21,2026-06-21,MYR,1.0,-1687.50,SST-S,K1235,MYF0001235,Filler 1235,PC01
1000,FIL1235,2026,3,230000,F2,2026-06-21,2026-06-21,MYR,1.0,-135.00,SST-S,K1235,MYF0001235,Filler 1235,PC01
1000,FIL1236,2026,1,140000,F2,2026-06-22,2026-06-22,MYR,1.0,1836.00,SST-S,K1236,MYF0001236,Filler 1236,PC01
1000,FIL1236,2026,2,400000,F2,2026-06-22,2026-06-22,MYR,1.0,-1700.00,SST-S,K1236,MYF0001236,Filler 1236,PC01
1000,FIL1236,2026,3,230000,F2,2026-06-22,2026-06-22,MYR,1.0,-136.00,SST-S,K1236,MYF0001236,Filler 1236,PC01
1000,FIL1237,2026,1,140000,F2,2026-06-23,2026-06-23,MYR,1.0,1849.50,SST-S,K1237,MYF0001237,Filler 1237,PC01
1000,FIL1237,2026,2,400000,F2,2026-06-23,2026-06-23,MYR,1.0,-1712.50,SST-S,K1237,MYF0001237,Filler 1237,PC01
1000,FIL1237,2026,3,230000,F2,2026-06-23,2026-06-23,MYR,1.0,-137.00,SST-S,K1237,MYF0001237,Filler 1237,PC01
1000,FIL1238,2026,1,140000,F2,2026-06-24,2026-06-24,MYR,1.0,1863.00,SST-S,K1238,MYF0001238,Filler 1238,PC01
1000,FIL1238,2026,2,400000,F2,2026-06-24,2026-06-24,MYR,1.0,-1725.00,SST-S,K1238,MYF0001238,Filler 1238,PC01
1000,FIL1238,2026,3,230000,F2,2026-06-24,2026-06-24,MYR,1.0,-138.00,SST-S,K1238,MYF0001238,Filler 1238,PC01
1000,FIL1239,2026,1,140000,F2,2026-06-25,2026-06-25,MYR,1.0,1876.50,SST-S,K1239,MYF0001239,Filler 1239,PC01
1000,FIL1239,2026,2,400000,F2,2026-06-25,2026-06-25,MYR,1.0,-1737.50,SST-S,K1239,MYF0001239,Filler 1239,PC01
1000,FIL1239,2026,3,230000,F2,2026-06-25,2026-06-25,MYR,1.0,-139.00,SST-S,K1239,MYF0001239,Filler 1239,PC01
1000,FIL1240,2026,1,140000,F2,2026-06-26,2026-06-26,MYR,1.0,1890.00,SST-S,K1240,MYF0001240,Filler 1240,PC01
1000,FIL1240,2026,2,400000,F2,2026-06-26,2026-06-26,MYR,1.0,-1750.00,SST-S,K1240,MYF0001240,Filler 1240,PC01
1000,FIL1240,2026,3,230000,F2,2026-06-26,2026-06-26,MYR,1.0,-140.00,SST-S,K1240,MYF0001240,Filler 1240,PC01
1000,FIL1241,2026,1,140000,F2,2026-06-27,2026-06-27,MYR,1.0,1903.50,SST-S,K1241,MYF0001241,Filler 1241,PC01
1000,FIL1241,2026,2,400000,F2,2026-06-27,2026-06-27,MYR,1.0,-1762.50,SST-S,K1241,MYF0001241,Filler 1241,PC01
1000,FIL1241,2026,3,230000,F2,2026-06-27,2026-06-27,MYR,1.0,-141.00,SST-S,K1241,MYF0001241,Filler 1241,PC01
1000,FIL1242,2026,1,140000,F2,2026-06-01,2026-06-01,MYR,1.0,1917.00,SST-S,K1242,MYF0001242,Filler 1242,PC01
1000,FIL1242,2026,2,400000,F2,2026-06-01,2026-06-01,MYR,1.0,-1775.00,SST-S,K1242,MYF0001242,Filler 1242,PC01
1000,FIL1242,2026,3,230000,F2,2026-06-01,2026-06-01,MYR,1.0,-142.00,SST-S,K1242,MYF0001242,Filler 1242,PC01
1000,FIL1243,2026,1,140000,F2,2026-06-02,2026-06-02,MYR,1.0,1930.50,SST-S,K1243,MYF0001243,Filler 1243,PC01
1000,FIL1243,2026,2,400000,F2,2026-06-02,2026-06-02,MYR,1.0,-1787.50,SST-S,K1243,MYF0001243,Filler 1243,PC01
1000,FIL1243,2026,3,230000,F2,2026-06-02,2026-06-02,MYR,1.0,-143.00,SST-S,K1243,MYF0001243,Filler 1243,PC01
1000,FIL1244,2026,1,140000,F2,2026-06-03,2026-06-03,MYR,1.0,1944.00,SST-S,K1244,MYF0001244,Filler 1244,PC01
1000,FIL1244,2026,2,400000,F2,2026-06-03,2026-06-03,MYR,1.0,-1800.00,SST-S,K1244,MYF0001244,Filler 1244,PC01
1000,FIL1244,2026,3,230000,F2,2026-06-03,2026-06-03,MYR,1.0,-144.00,SST-S,K1244,MYF0001244,Filler 1244,PC01
1000,FIL1245,2026,1,140000,F2,2026-06-04,2026-06-04,MYR,1.0,1957.50,SST-S,K1245,MYF0001245,Filler 1245,PC01
1000,FIL1245,2026,2,400000,F2,2026-06-04,2026-06-04,MYR,1.0,-1812.50,SST-S,K1245,MYF0001245,Filler 1245,PC01
1000,FIL1245,2026,3,230000,F2,2026-06-04,2026-06-04,MYR,1.0,-145.00,SST-S,K1245,MYF0001245,Filler 1245,PC01
1000,FIL1246,2026,1,140000,F2,2026-06-05,2026-06-05,MYR,1.0,1971.00,SST-S,K1246,MYF0001246,Filler 1246,PC01
1000,FIL1246,2026,2,400000,F2,2026-06-05,2026-06-05,MYR,1.0,-1825.00,SST-S,K1246,MYF0001246,Filler 1246,PC01
1000,FIL1246,2026,3,230000,F2,2026-06-05,2026-06-05,MYR,1.0,-146.00,SST-S,K1246,MYF0001246,Filler 1246,PC01
1000,FIL1247,2026,1,140000,F2,2026-06-06,2026-06-06,MYR,1.0,1984.50,SST-S,K1247,MYF0001247,Filler 1247,PC01
1000,FIL1247,2026,2,400000,F2,2026-06-06,2026-06-06,MYR,1.0,-1837.50,SST-S,K1247,MYF0001247,Filler 1247,PC01
1000,FIL1247,2026,3,230000,F2,2026-06-06,2026-06-06,MYR,1.0,-147.00,SST-S,K1247,MYF0001247,Filler 1247,PC01
1000,FIL1248,2026,1,140000,F2,2026-06-07,2026-06-07,MYR,1.0,1998.00,SST-S,K1248,MYF0001248,Filler 1248,PC01
1000,FIL1248,2026,2,400000,F2,2026-06-07,2026-06-07,MYR,1.0,-1850.00,SST-S,K1248,MYF0001248,Filler 1248,PC01
1000,FIL1248,2026,3,230000,F2,2026-06-07,2026-06-07,MYR,1.0,-148.00,SST-S,K1248,MYF0001248,Filler 1248,PC01
1000,FIL1249,2026,1,140000,F2,2026-06-08,2026-06-08,MYR,1.0,2011.50,SST-S,K1249,MYF0001249,Filler 1249,PC01
1000,FIL1249,2026,2,400000,F2,2026-06-08,2026-06-08,MYR,1.0,-1862.50,SST-S,K1249,MYF0001249,Filler 1249,PC01
1000,FIL1249,2026,3,230000,F2,2026-06-08,2026-06-08,MYR,1.0,-149.00,SST-S,K1249,MYF0001249,Filler 1249,PC01
1000,FIL1250,2026,1,140000,F2,2026-06-09,2026-06-09,MYR,1.0,2025.00,SST-S,K1250,MYF0001250,Filler 1250,PC01
1000,FIL1250,2026,2,400000,F2,2026-06-09,2026-06-09,MYR,1.0,-1875.00,SST-S,K1250,MYF0001250,Filler 1250,PC01
1000,FIL1250,2026,3,230000,F2,2026-06-09,2026-06-09,MYR,1.0,-150.00,SST-S,K1250,MYF0001250,Filler 1250,PC01
1000,FIL1251,2026,1,140000,F2,2026-06-10,2026-06-10,MYR,1.0,2038.50,SST-S,K1251,MYF0001251,Filler 1251,PC01
1000,FIL1251,2026,2,400000,F2,2026-06-10,2026-06-10,MYR,1.0,-1887.50,SST-S,K1251,MYF0001251,Filler 1251,PC01
1000,FIL1251,2026,3,230000,F2,2026-06-10,2026-06-10,MYR,1.0,-151.00,SST-S,K1251,MYF0001251,Filler 1251,PC01
1000,FIL1252,2026,1,140000,F2,2026-06-11,2026-06-11,MYR,1.0,2052.00,SST-S,K1252,MYF0001252,Filler 1252,PC01
1000,FIL1252,2026,2,400000,F2,2026-06-11,2026-06-11,MYR,1.0,-1900.00,SST-S,K1252,MYF0001252,Filler 1252,PC01
1000,FIL1252,2026,3,230000,F2,2026-06-11,2026-06-11,MYR,1.0,-152.00,SST-S,K1252,MYF0001252,Filler 1252,PC01
1000,FIL1253,2026,1,140000,F2,2026-06-12,2026-06-12,MYR,1.0,2065.50,SST-S,K1253,MYF0001253,Filler 1253,PC01
1000,FIL1253,2026,2,400000,F2,2026-06-12,2026-06-12,MYR,1.0,-1912.50,SST-S,K1253,MYF0001253,Filler 1253,PC01
1000,FIL1253,2026,3,230000,F2,2026-06-12,2026-06-12,MYR,1.0,-153.00,SST-S,K1253,MYF0001253,Filler 1253,PC01
1000,FIL1254,2026,1,140000,F2,2026-06-13,2026-06-13,MYR,1.0,2079.00,SST-S,K1254,MYF0001254,Filler 1254,PC01
1000,FIL1254,2026,2,400000,F2,2026-06-13,2026-06-13,MYR,1.0,-1925.00,SST-S,K1254,MYF0001254,Filler 1254,PC01
1000,FIL1254,2026,3,230000,F2,2026-06-13,2026-06-13,MYR,1.0,-154.00,SST-S,K1254,MYF0001254,Filler 1254,PC01
1000,FIL1255,2026,1,140000,F2,2026-06-14,2026-06-14,MYR,1.0,2092.50,SST-S,K1255,MYF0001255,Filler 1255,PC01
1000,FIL1255,2026,2,400000,F2,2026-06-14,2026-06-14,MYR,1.0,-1937.50,SST-S,K1255,MYF0001255,Filler 1255,PC01
1000,FIL1255,2026,3,230000,F2,2026-06-14,2026-06-14,MYR,1.0,-155.00,SST-S,K1255,MYF0001255,Filler 1255,PC01
1000,FIL1256,2026,1,140000,F2,2026-06-15,2026-06-15,MYR,1.0,2106.00,SST-S,K1256,MYF0001256,Filler 1256,PC01
1000,FIL1256,2026,2,400000,F2,2026-06-15,2026-06-15,MYR,1.0,-1950.00,SST-S,K1256,MYF0001256,Filler 1256,PC01
1000,FIL1256,2026,3,230000,F2,2026-06-15,2026-06-15,MYR,1.0,-156.00,SST-S,K1256,MYF0001256,Filler 1256,PC01
1000,FIL1257,2026,1,140000,F2,2026-06-16,2026-06-16,MYR,1.0,2119.50,SST-S,K1257,MYF0001257,Filler 1257,PC01
1000,FIL1257,2026,2,400000,F2,2026-06-16,2026-06-16,MYR,1.0,-1962.50,SST-S,K1257,MYF0001257,Filler 1257,PC01
1000,FIL1257,2026,3,230000,F2,2026-06-16,2026-06-16,MYR,1.0,-157.00,SST-S,K1257,MYF0001257,Filler 1257,PC01
1000,FIL1258,2026,1,140000,F2,2026-06-17,2026-06-17,MYR,1.0,2133.00,SST-S,K1258,MYF0001258,Filler 1258,PC01
1000,FIL1258,2026,2,400000,F2,2026-06-17,2026-06-17,MYR,1.0,-1975.00,SST-S,K1258,MYF0001258,Filler 1258,PC01
1000,FIL1258,2026,3,230000,F2,2026-06-17,2026-06-17,MYR,1.0,-158.00,SST-S,K1258,MYF0001258,Filler 1258,PC01
1000,FIL1259,2026,1,140000,F2,2026-06-18,2026-06-18,MYR,1.0,2146.50,SST-S,K1259,MYF0001259,Filler 1259,PC01
1000,FIL1259,2026,2,400000,F2,2026-06-18,2026-06-18,MYR,1.0,-1987.50,SST-S,K1259,MYF0001259,Filler 1259,PC01
1000,FIL1259,2026,3,230000,F2,2026-06-18,2026-06-18,MYR,1.0,-159.00,SST-S,K1259,MYF0001259,Filler 1259,PC01
1000,FIL1260,2026,1,140000,F2,2026-06-19,2026-06-19,MYR,1.0,2160.00,SST-S,K1260,MYF0001260,Filler 1260,PC01
1000,FIL1260,2026,2,400000,F2,2026-06-19,2026-06-19,MYR,1.0,-2000.00,SST-S,K1260,MYF0001260,Filler 1260,PC01
1000,FIL1260,2026,3,230000,F2,2026-06-19,2026-06-19,MYR,1.0,-160.00,SST-S,K1260,MYF0001260,Filler 1260,PC01
1000,FIL1261,2026,1,140000,F2,2026-06-20,2026-06-20,MYR,1.0,2173.50,SST-S,K1261,MYF0001261,Filler 1261,PC01
1000,FIL1261,2026,2,400000,F2,2026-06-20,2026-06-20,MYR,1.0,-2012.50,SST-S,K1261,MYF0001261,Filler 1261,PC01
1000,FIL1261,2026,3,230000,F2,2026-06-20,2026-06-20,MYR,1.0,-161.00,SST-S,K1261,MYF0001261,Filler 1261,PC01
1000,FIL1262,2026,1,140000,F2,2026-06-21,2026-06-21,MYR,1.0,2187.00,SST-S,K1262,MYF0001262,Filler 1262,PC01
1000,FIL1262,2026,2,400000,F2,2026-06-21,2026-06-21,MYR,1.0,-2025.00,SST-S,K1262,MYF0001262,Filler 1262,PC01
1000,FIL1262,2026,3,230000,F2,2026-06-21,2026-06-21,MYR,1.0,-162.00,SST-S,K1262,MYF0001262,Filler 1262,PC01
1000,FIL1263,2026,1,140000,F2,2026-06-22,2026-06-22,MYR,1.0,2200.50,SST-S,K1263,MYF0001263,Filler 1263,PC01
1000,FIL1263,2026,2,400000,F2,2026-06-22,2026-06-22,MYR,1.0,-2037.50,SST-S,K1263,MYF0001263,Filler 1263,PC01
1000,FIL1263,2026,3,230000,F2,2026-06-22,2026-06-22,MYR,1.0,-163.00,SST-S,K1263,MYF0001263,Filler 1263,PC01
1000,FIL1264,2026,1,140000,F2,2026-06-23,2026-06-23,MYR,1.0,2214.00,SST-S,K1264,MYF0001264,Filler 1264,PC01
1000,FIL1264,2026,2,400000,F2,2026-06-23,2026-06-23,MYR,1.0,-2050.00,SST-S,K1264,MYF0001264,Filler 1264,PC01
1000,FIL1264,2026,3,230000,F2,2026-06-23,2026-06-23,MYR,1.0,-164.00,SST-S,K1264,MYF0001264,Filler 1264,PC01
1000,FIL1265,2026,1,140000,F2,2026-06-24,2026-06-24,MYR,1.0,2227.50,SST-S,K1265,MYF0001265,Filler 1265,PC01
1000,FIL1265,2026,2,400000,F2,2026-06-24,2026-06-24,MYR,1.0,-2062.50,SST-S,K1265,MYF0001265,Filler 1265,PC01
1000,FIL1265,2026,3,230000,F2,2026-06-24,2026-06-24,MYR,1.0,-165.00,SST-S,K1265,MYF0001265,Filler 1265,PC01
1000,FIL1266,2026,1,140000,F2,2026-06-25,2026-06-25,MYR,1.0,2241.00,SST-S,K1266,MYF0001266,Filler 1266,PC01
1000,FIL1266,2026,2,400000,F2,2026-06-25,2026-06-25,MYR,1.0,-2075.00,SST-S,K1266,MYF0001266,Filler 1266,PC01
1000,FIL1266,2026,3,230000,F2,2026-06-25,2026-06-25,MYR,1.0,-166.00,SST-S,K1266,MYF0001266,Filler 1266,PC01
1000,FIL1267,2026,1,140000,F2,2026-06-26,2026-06-26,MYR,1.0,2254.50,SST-S,K1267,MYF0001267,Filler 1267,PC01
1000,FIL1267,2026,2,400000,F2,2026-06-26,2026-06-26,MYR,1.0,-2087.50,SST-S,K1267,MYF0001267,Filler 1267,PC01
1000,FIL1267,2026,3,230000,F2,2026-06-26,2026-06-26,MYR,1.0,-167.00,SST-S,K1267,MYF0001267,Filler 1267,PC01
1000,FIL1268,2026,1,140000,F2,2026-06-27,2026-06-27,MYR,1.0,2268.00,SST-S,K1268,MYF0001268,Filler 1268,PC01
1000,FIL1268,2026,2,400000,F2,2026-06-27,2026-06-27,MYR,1.0,-2100.00,SST-S,K1268,MYF0001268,Filler 1268,PC01
1000,FIL1268,2026,3,230000,F2,2026-06-27,2026-06-27,MYR,1.0,-168.00,SST-S,K1268,MYF0001268,Filler 1268,PC01
1000,FIL1269,2026,1,140000,F2,2026-06-01,2026-06-01,MYR,1.0,2281.50,SST-S,K1269,MYF0001269,Filler 1269,PC01
1000,FIL1269,2026,2,400000,F2,2026-06-01,2026-06-01,MYR,1.0,-2112.50,SST-S,K1269,MYF0001269,Filler 1269,PC01
1000,FIL1269,2026,3,230000,F2,2026-06-01,2026-06-01,MYR,1.0,-169.00,SST-S,K1269,MYF0001269,Filler 1269,PC01
1000,FIL1270,2026,1,140000,F2,2026-06-02,2026-06-02,MYR,1.0,2295.00,SST-S,K1270,MYF0001270,Filler 1270,PC01
1000,FIL1270,2026,2,400000,F2,2026-06-02,2026-06-02,MYR,1.0,-2125.00,SST-S,K1270,MYF0001270,Filler 1270,PC01
1000,FIL1270,2026,3,230000,F2,2026-06-02,2026-06-02,MYR,1.0,-170.00,SST-S,K1270,MYF0001270,Filler 1270,PC01
1000,FIL1271,2026,1,140000,F2,2026-06-03,2026-06-03,MYR,1.0,2308.50,SST-S,K1271,MYF0001271,Filler 1271,PC01
1000,FIL1271,2026,2,400000,F2,2026-06-03,2026-06-03,MYR,1.0,-2137.50,SST-S,K1271,MYF0001271,Filler 1271,PC01
1000,FIL1271,2026,3,230000,F2,2026-06-03,2026-06-03,MYR,1.0,-171.00,SST-S,K1271,MYF0001271,Filler 1271,PC01
1000,FIL1272,2026,1,140000,F2,2026-06-04,2026-06-04,MYR,1.0,2322.00,SST-S,K1272,MYF0001272,Filler 1272,PC01
1000,FIL1272,2026,2,400000,F2,2026-06-04,2026-06-04,MYR,1.0,-2150.00,SST-S,K1272,MYF0001272,Filler 1272,PC01
1000,FIL1272,2026,3,230000,F2,2026-06-04,2026-06-04,MYR,1.0,-172.00,SST-S,K1272,MYF0001272,Filler 1272,PC01
1000,FIL1273,2026,1,140000,F2,2026-06-05,2026-06-05,MYR,1.0,2335.50,SST-S,K1273,MYF0001273,Filler 1273,PC01
1000,FIL1273,2026,2,400000,F2,2026-06-05,2026-06-05,MYR,1.0,-2162.50,SST-S,K1273,MYF0001273,Filler 1273,PC01
1000,FIL1273,2026,3,230000,F2,2026-06-05,2026-06-05,MYR,1.0,-173.00,SST-S,K1273,MYF0001273,Filler 1273,PC01
1000,FIL1274,2026,1,140000,F2,2026-06-06,2026-06-06,MYR,1.0,2349.00,SST-S,K1274,MYF0001274,Filler 1274,PC01
1000,FIL1274,2026,2,400000,F2,2026-06-06,2026-06-06,MYR,1.0,-2175.00,SST-S,K1274,MYF0001274,Filler 1274,PC01
1000,FIL1274,2026,3,230000,F2,2026-06-06,2026-06-06,MYR,1.0,-174.00,SST-S,K1274,MYF0001274,Filler 1274,PC01
1000,FIL1275,2026,1,140000,F2,2026-06-07,2026-06-07,MYR,1.0,2362.50,SST-S,K1275,MYF0001275,Filler 1275,PC01
1000,FIL1275,2026,2,400000,F2,2026-06-07,2026-06-07,MYR,1.0,-2187.50,SST-S,K1275,MYF0001275,Filler 1275,PC01
1000,FIL1275,2026,3,230000,F2,2026-06-07,2026-06-07,MYR,1.0,-175.00,SST-S,K1275,MYF0001275,Filler 1275,PC01
1000,FIL1276,2026,1,140000,F2,2026-06-08,2026-06-08,MYR,1.0,2376.00,SST-S,K1276,MYF0001276,Filler 1276,PC01
1000,FIL1276,2026,2,400000,F2,2026-06-08,2026-06-08,MYR,1.0,-2200.00,SST-S,K1276,MYF0001276,Filler 1276,PC01
1000,FIL1276,2026,3,230000,F2,2026-06-08,2026-06-08,MYR,1.0,-176.00,SST-S,K1276,MYF0001276,Filler 1276,PC01
1000,FIL1277,2026,1,140000,F2,2026-06-09,2026-06-09,MYR,1.0,2389.50,SST-S,K1277,MYF0001277,Filler 1277,PC01
1000,FIL1277,2026,2,400000,F2,2026-06-09,2026-06-09,MYR,1.0,-2212.50,SST-S,K1277,MYF0001277,Filler 1277,PC01
1000,FIL1277,2026,3,230000,F2,2026-06-09,2026-06-09,MYR,1.0,-177.00,SST-S,K1277,MYF0001277,Filler 1277,PC01
1000,FIL1278,2026,1,140000,F2,2026-06-10,2026-06-10,MYR,1.0,2403.00,SST-S,K1278,MYF0001278,Filler 1278,PC01
1000,FIL1278,2026,2,400000,F2,2026-06-10,2026-06-10,MYR,1.0,-2225.00,SST-S,K1278,MYF0001278,Filler 1278,PC01
1000,FIL1278,2026,3,230000,F2,2026-06-10,2026-06-10,MYR,1.0,-178.00,SST-S,K1278,MYF0001278,Filler 1278,PC01
1000,FIL1279,2026,1,140000,F2,2026-06-11,2026-06-11,MYR,1.0,2416.50,SST-S,K1279,MYF0001279,Filler 1279,PC01
1000,FIL1279,2026,2,400000,F2,2026-06-11,2026-06-11,MYR,1.0,-2237.50,SST-S,K1279,MYF0001279,Filler 1279,PC01
1000,FIL1279,2026,3,230000,F2,2026-06-11,2026-06-11,MYR,1.0,-179.00,SST-S,K1279,MYF0001279,Filler 1279,PC01
1000,FIL1280,2026,1,140000,F2,2026-06-12,2026-06-12,MYR,1.0,2430.00,SST-S,K1280,MYF0001280,Filler 1280,PC01
1000,FIL1280,2026,2,400000,F2,2026-06-12,2026-06-12,MYR,1.0,-2250.00,SST-S,K1280,MYF0001280,Filler 1280,PC01
1000,FIL1280,2026,3,230000,F2,2026-06-12,2026-06-12,MYR,1.0,-180.00,SST-S,K1280,MYF0001280,Filler 1280,PC01
1000,FIL1281,2026,1,140000,F2,2026-06-13,2026-06-13,MYR,1.0,2443.50,SST-S,K1281,MYF0001281,Filler 1281,PC01
1000,FIL1281,2026,2,400000,F2,2026-06-13,2026-06-13,MYR,1.0,-2262.50,SST-S,K1281,MYF0001281,Filler 1281,PC01
1000,FIL1281,2026,3,230000,F2,2026-06-13,2026-06-13,MYR,1.0,-181.00,SST-S,K1281,MYF0001281,Filler 1281,PC01
1000,FIL1282,2026,1,140000,F2,2026-06-14,2026-06-14,MYR,1.0,2457.00,SST-S,K1282,MYF0001282,Filler 1282,PC01
1000,FIL1282,2026,2,400000,F2,2026-06-14,2026-06-14,MYR,1.0,-2275.00,SST-S,K1282,MYF0001282,Filler 1282,PC01
1000,FIL1282,2026,3,230000,F2,2026-06-14,2026-06-14,MYR,1.0,-182.00,SST-S,K1282,MYF0001282,Filler 1282,PC01
1000,FIL1283,2026,1,140000,F2,2026-06-15,2026-06-15,MYR,1.0,2470.50,SST-S,K1283,MYF0001283,Filler 1283,PC01
1000,FIL1283,2026,2,400000,F2,2026-06-15,2026-06-15,MYR,1.0,-2287.50,SST-S,K1283,MYF0001283,Filler 1283,PC01
1000,FIL1283,2026,3,230000,F2,2026-06-15,2026-06-15,MYR,1.0,-183.00,SST-S,K1283,MYF0001283,Filler 1283,PC01
1000,FIL1284,2026,1,140000,F2,2026-06-16,2026-06-16,MYR,1.0,2484.00,SST-S,K1284,MYF0001284,Filler 1284,PC01
1000,FIL1284,2026,2,400000,F2,2026-06-16,2026-06-16,MYR,1.0,-2300.00,SST-S,K1284,MYF0001284,Filler 1284,PC01
1000,FIL1284,2026,3,230000,F2,2026-06-16,2026-06-16,MYR,1.0,-184.00,SST-S,K1284,MYF0001284,Filler 1284,PC01
1000,FIL1285,2026,1,140000,F2,2026-06-17,2026-06-17,MYR,1.0,2497.50,SST-S,K1285,MYF0001285,Filler 1285,PC01
1000,FIL1285,2026,2,400000,F2,2026-06-17,2026-06-17,MYR,1.0,-2312.50,SST-S,K1285,MYF0001285,Filler 1285,PC01
1000,FIL1285,2026,3,230000,F2,2026-06-17,2026-06-17,MYR,1.0,-185.00,SST-S,K1285,MYF0001285,Filler 1285,PC01
1000,FIL1286,2026,1,140000,F2,2026-06-18,2026-06-18,MYR,1.0,2511.00,SST-S,K1286,MYF0001286,Filler 1286,PC01
1000,FIL1286,2026,2,400000,F2,2026-06-18,2026-06-18,MYR,1.0,-2325.00,SST-S,K1286,MYF0001286,Filler 1286,PC01
1000,FIL1286,2026,3,230000,F2,2026-06-18,2026-06-18,MYR,1.0,-186.00,SST-S,K1286,MYF0001286,Filler 1286,PC01
1000,FIL1287,2026,1,140000,F2,2026-06-19,2026-06-19,MYR,1.0,2524.50,SST-S,K1287,MYF0001287,Filler 1287,PC01
1000,FIL1287,2026,2,400000,F2,2026-06-19,2026-06-19,MYR,1.0,-2337.50,SST-S,K1287,MYF0001287,Filler 1287,PC01
1000,FIL1287,2026,3,230000,F2,2026-06-19,2026-06-19,MYR,1.0,-187.00,SST-S,K1287,MYF0001287,Filler 1287,PC01
1000,FIL1288,2026,1,140000,F2,2026-06-20,2026-06-20,MYR,1.0,2538.00,SST-S,K1288,MYF0001288,Filler 1288,PC01
1000,FIL1288,2026,2,400000,F2,2026-06-20,2026-06-20,MYR,1.0,-2350.00,SST-S,K1288,MYF0001288,Filler 1288,PC01
1000,FIL1288,2026,3,230000,F2,2026-06-20,2026-06-20,MYR,1.0,-188.00,SST-S,K1288,MYF0001288,Filler 1288,PC01
1000,FIL1289,2026,1,140000,F2,2026-06-21,2026-06-21,MYR,1.0,2551.50,SST-S,K1289,MYF0001289,Filler 1289,PC01
1000,FIL1289,2026,2,400000,F2,2026-06-21,2026-06-21,MYR,1.0,-2362.50,SST-S,K1289,MYF0001289,Filler 1289,PC01
1000,FIL1289,2026,3,230000,F2,2026-06-21,2026-06-21,MYR,1.0,-189.00,SST-S,K1289,MYF0001289,Filler 1289,PC01
1000,FIL1290,2026,1,140000,F2,2026-06-22,2026-06-22,MYR,1.0,2565.00,SST-S,K1290,MYF0001290,Filler 1290,PC01
1000,FIL1290,2026,2,400000,F2,2026-06-22,2026-06-22,MYR,1.0,-2375.00,SST-S,K1290,MYF0001290,Filler 1290,PC01
1000,FIL1290,2026,3,230000,F2,2026-06-22,2026-06-22,MYR,1.0,-190.00,SST-S,K1290,MYF0001290,Filler 1290,PC01
1000,FIL1291,2026,1,140000,F2,2026-06-23,2026-06-23,MYR,1.0,2578.50,SST-S,K1291,MYF0001291,Filler 1291,PC01
1000,FIL1291,2026,2,400000,F2,2026-06-23,2026-06-23,MYR,1.0,-2387.50,SST-S,K1291,MYF0001291,Filler 1291,PC01
1000,FIL1291,2026,3,230000,F2,2026-06-23,2026-06-23,MYR,1.0,-191.00,SST-S,K1291,MYF0001291,Filler 1291,PC01
1000,FIL1292,2026,1,140000,F2,2026-06-24,2026-06-24,MYR,1.0,2592.00,SST-S,K1292,MYF0001292,Filler 1292,PC01
1000,FIL1292,2026,2,400000,F2,2026-06-24,2026-06-24,MYR,1.0,-2400.00,SST-S,K1292,MYF0001292,Filler 1292,PC01
1000,FIL1292,2026,3,230000,F2,2026-06-24,2026-06-24,MYR,1.0,-192.00,SST-S,K1292,MYF0001292,Filler 1292,PC01
1000,FIL1293,2026,1,140000,F2,2026-06-25,2026-06-25,MYR,1.0,2605.50,SST-S,K1293,MYF0001293,Filler 1293,PC01
1000,FIL1293,2026,2,400000,F2,2026-06-25,2026-06-25,MYR,1.0,-2412.50,SST-S,K1293,MYF0001293,Filler 1293,PC01
1000,FIL1293,2026,3,230000,F2,2026-06-25,2026-06-25,MYR,1.0,-193.00,SST-S,K1293,MYF0001293,Filler 1293,PC01
1000,FIL1294,2026,1,140000,F2,2026-06-26,2026-06-26,MYR,1.0,2619.00,SST-S,K1294,MYF0001294,Filler 1294,PC01
1000,FIL1294,2026,2,400000,F2,2026-06-26,2026-06-26,MYR,1.0,-2425.00,SST-S,K1294,MYF0001294,Filler 1294,PC01
1000,FIL1294,2026,3,230000,F2,2026-06-26,2026-06-26,MYR,1.0,-194.00,SST-S,K1294,MYF0001294,Filler 1294,PC01
1000,FIL1295,2026,1,140000,F2,2026-06-27,2026-06-27,MYR,1.0,2632.50,SST-S,K1295,MYF0001295,Filler 1295,PC01
1000,FIL1295,2026,2,400000,F2,2026-06-27,2026-06-27,MYR,1.0,-2437.50,SST-S,K1295,MYF0001295,Filler 1295,PC01
1000,FIL1295,2026,3,230000,F2,2026-06-27,2026-06-27,MYR,1.0,-195.00,SST-S,K1295,MYF0001295,Filler 1295,PC01
1000,FIL1296,2026,1,140000,F2,2026-06-01,2026-06-01,MYR,1.0,2646.00,SST-S,K1296,MYF0001296,Filler 1296,PC01
1000,FIL1296,2026,2,400000,F2,2026-06-01,2026-06-01,MYR,1.0,-2450.00,SST-S,K1296,MYF0001296,Filler 1296,PC01
1000,FIL1296,2026,3,230000,F2,2026-06-01,2026-06-01,MYR,1.0,-196.00,SST-S,K1296,MYF0001296,Filler 1296,PC01
1000,FIL1297,2026,1,140000,F2,2026-06-02,2026-06-02,MYR,1.0,2659.50,SST-S,K1297,MYF0001297,Filler 1297,PC01
1000,FIL1297,2026,2,400000,F2,2026-06-02,2026-06-02,MYR,1.0,-2462.50,SST-S,K1297,MYF0001297,Filler 1297,PC01
1000,FIL1297,2026,3,230000,F2,2026-06-02,2026-06-02,MYR,1.0,-197.00,SST-S,K1297,MYF0001297,Filler 1297,PC01
1000,FIL1298,2026,1,140000,F2,2026-06-03,2026-06-03,MYR,1.0,2673.00,SST-S,K1298,MYF0001298,Filler 1298,PC01
1000,FIL1298,2026,2,400000,F2,2026-06-03,2026-06-03,MYR,1.0,-2475.00,SST-S,K1298,MYF0001298,Filler 1298,PC01
1000,FIL1298,2026,3,230000,F2,2026-06-03,2026-06-03,MYR,1.0,-198.00,SST-S,K1298,MYF0001298,Filler 1298,PC01
1000,FIL1299,2026,1,140000,F2,2026-06-04,2026-06-04,MYR,1.0,2686.50,SST-S,K1299,MYF0001299,Filler 1299,PC01
1000,FIL1299,2026,2,400000,F2,2026-06-04,2026-06-04,MYR,1.0,-2487.50,SST-S,K1299,MYF0001299,Filler 1299,PC01
1000,FIL1299,2026,3,230000,F2,2026-06-04,2026-06-04,MYR,1.0,-199.00,SST-S,K1299,MYF0001299,Filler 1299,PC01
1000,FIL1300,2026,1,140000,F2,2026-06-05,2026-06-05,MYR,1.0,2700.00,SST-S,K1300,MYF0001300,Filler 1300,PC01
1000,FIL1300,2026,2,400000,F2,2026-06-05,2026-06-05,MYR,1.0,-2500.00,SST-S,K1300,MYF0001300,Filler 1300,PC01
1000,FIL1300,2026,3,230000,F2,2026-06-05,2026-06-05,MYR,1.0,-200.00,SST-S,K1300,MYF0001300,Filler 1300,PC01
1000,FIL1301,2026,1,140000,F2,2026-06-06,2026-06-06,MYR,1.0,2713.50,SST-S,K1301,MYF0001301,Filler 1301,PC01
1000,FIL1301,2026,2,400000,F2,2026-06-06,2026-06-06,MYR,1.0,-2512.50,SST-S,K1301,MYF0001301,Filler 1301,PC01
1000,FIL1301,2026,3,230000,F2,2026-06-06,2026-06-06,MYR,1.0,-201.00,SST-S,K1301,MYF0001301,Filler 1301,PC01
1000,FIL1302,2026,1,140000,F2,2026-06-07,2026-06-07,MYR,1.0,2727.00,SST-S,K1302,MYF0001302,Filler 1302,PC01
1000,FIL1302,2026,2,400000,F2,2026-06-07,2026-06-07,MYR,1.0,-2525.00,SST-S,K1302,MYF0001302,Filler 1302,PC01
1000,FIL1302,2026,3,230000,F2,2026-06-07,2026-06-07,MYR,1.0,-202.00,SST-S,K1302,MYF0001302,Filler 1302,PC01
1000,FIL1303,2026,1,140000,F2,2026-06-08,2026-06-08,MYR,1.0,2740.50,SST-S,K1303,MYF0001303,Filler 1303,PC01
1000,FIL1303,2026,2,400000,F2,2026-06-08,2026-06-08,MYR,1.0,-2537.50,SST-S,K1303,MYF0001303,Filler 1303,PC01
1000,FIL1303,2026,3,230000,F2,2026-06-08,2026-06-08,MYR,1.0,-203.00,SST-S,K1303,MYF0001303,Filler 1303,PC01
1000,FIL1304,2026,1,140000,F2,2026-06-09,2026-06-09,MYR,1.0,2754.00,SST-S,K1304,MYF0001304,Filler 1304,PC01
1000,FIL1304,2026,2,400000,F2,2026-06-09,2026-06-09,MYR,1.0,-2550.00,SST-S,K1304,MYF0001304,Filler 1304,PC01
1000,FIL1304,2026,3,230000,F2,2026-06-09,2026-06-09,MYR,1.0,-204.00,SST-S,K1304,MYF0001304,Filler 1304,PC01
1000,FIL1305,2026,1,140000,F2,2026-06-10,2026-06-10,MYR,1.0,2767.50,SST-S,K1305,MYF0001305,Filler 1305,PC01
1000,FIL1305,2026,2,400000,F2,2026-06-10,2026-06-10,MYR,1.0,-2562.50,SST-S,K1305,MYF0001305,Filler 1305,PC01
1000,FIL1305,2026,3,230000,F2,2026-06-10,2026-06-10,MYR,1.0,-205.00,SST-S,K1305,MYF0001305,Filler 1305,PC01
1000,FIL1306,2026,1,140000,F2,2026-06-11,2026-06-11,MYR,1.0,2781.00,SST-S,K1306,MYF0001306,Filler 1306,PC01
1000,FIL1306,2026,2,400000,F2,2026-06-11,2026-06-11,MYR,1.0,-2575.00,SST-S,K1306,MYF0001306,Filler 1306,PC01
1000,FIL1306,2026,3,230000,F2,2026-06-11,2026-06-11,MYR,1.0,-206.00,SST-S,K1306,MYF0001306,Filler 1306,PC01
1000,FIL1307,2026,1,140000,F2,2026-06-12,2026-06-12,MYR,1.0,2794.50,SST-S,K1307,MYF0001307,Filler 1307,PC01
1000,FIL1307,2026,2,400000,F2,2026-06-12,2026-06-12,MYR,1.0,-2587.50,SST-S,K1307,MYF0001307,Filler 1307,PC01
1000,FIL1307,2026,3,230000,F2,2026-06-12,2026-06-12,MYR,1.0,-207.00,SST-S,K1307,MYF0001307,Filler 1307,PC01
1000,FIL1308,2026,1,140000,F2,2026-06-13,2026-06-13,MYR,1.0,2808.00,SST-S,K1308,MYF0001308,Filler 1308,PC01
1000,FIL1308,2026,2,400000,F2,2026-06-13,2026-06-13,MYR,1.0,-2600.00,SST-S,K1308,MYF0001308,Filler 1308,PC01
1000,FIL1308,2026,3,230000,F2,2026-06-13,2026-06-13,MYR,1.0,-208.00,SST-S,K1308,MYF0001308,Filler 1308,PC01
1000,FIL1309,2026,1,140000,F2,2026-06-14,2026-06-14,MYR,1.0,2821.50,SST-S,K1309,MYF0001309,Filler 1309,PC01
1000,FIL1309,2026,2,400000,F2,2026-06-14,2026-06-14,MYR,1.0,-2612.50,SST-S,K1309,MYF0001309,Filler 1309,PC01
1000,FIL1309,2026,3,230000,F2,2026-06-14,2026-06-14,MYR,1.0,-209.00,SST-S,K1309,MYF0001309,Filler 1309,PC01
1000,FIL1310,2026,1,140000,F2,2026-06-15,2026-06-15,MYR,1.0,2835.00,SST-S,K1310,MYF0001310,Filler 1310,PC01
1000,FIL1310,2026,2,400000,F2,2026-06-15,2026-06-15,MYR,1.0,-2625.00,SST-S,K1310,MYF0001310,Filler 1310,PC01
1000,FIL1310,2026,3,230000,F2,2026-06-15,2026-06-15,MYR,1.0,-210.00,SST-S,K1310,MYF0001310,Filler 1310,PC01
1000,FIL1311,2026,1,140000,F2,2026-06-16,2026-06-16,MYR,1.0,2848.50,SST-S,K1311,MYF0001311,Filler 1311,PC01
1000,FIL1311,2026,2,400000,F2,2026-06-16,2026-06-16,MYR,1.0,-2637.50,SST-S,K1311,MYF0001311,Filler 1311,PC01
1000,FIL1311,2026,3,230000,F2,2026-06-16,2026-06-16,MYR,1.0,-211.00,SST-S,K1311,MYF0001311,Filler 1311,PC01
1000,FIL1312,2026,1,140000,F2,2026-06-17,2026-06-17,MYR,1.0,2862.00,SST-S,K1312,MYF0001312,Filler 1312,PC01
1000,FIL1312,2026,2,400000,F2,2026-06-17,2026-06-17,MYR,1.0,-2650.00,SST-S,K1312,MYF0001312,Filler 1312,PC01
1000,FIL1312,2026,3,230000,F2,2026-06-17,2026-06-17,MYR,1.0,-212.00,SST-S,K1312,MYF0001312,Filler 1312,PC01
1000,FIL1313,2026,1,140000,F2,2026-06-18,2026-06-18,MYR,1.0,2875.50,SST-S,K1313,MYF0001313,Filler 1313,PC01
1000,FIL1313,2026,2,400000,F2,2026-06-18,2026-06-18,MYR,1.0,-2662.50,SST-S,K1313,MYF0001313,Filler 1313,PC01
1000,FIL1313,2026,3,230000,F2,2026-06-18,2026-06-18,MYR,1.0,-213.00,SST-S,K1313,MYF0001313,Filler 1313,PC01
1000,FIL1314,2026,1,140000,F2,2026-06-19,2026-06-19,MYR,1.0,2889.00,SST-S,K1314,MYF0001314,Filler 1314,PC01
1000,FIL1314,2026,2,400000,F2,2026-06-19,2026-06-19,MYR,1.0,-2675.00,SST-S,K1314,MYF0001314,Filler 1314,PC01
1000,FIL1314,2026,3,230000,F2,2026-06-19,2026-06-19,MYR,1.0,-214.00,SST-S,K1314,MYF0001314,Filler 1314,PC01
1000,FIL1315,2026,1,140000,F2,2026-06-20,2026-06-20,MYR,1.0,2902.50,SST-S,K1315,MYF0001315,Filler 1315,PC01
1000,FIL1315,2026,2,400000,F2,2026-06-20,2026-06-20,MYR,1.0,-2687.50,SST-S,K1315,MYF0001315,Filler 1315,PC01
1000,FIL1315,2026,3,230000,F2,2026-06-20,2026-06-20,MYR,1.0,-215.00,SST-S,K1315,MYF0001315,Filler 1315,PC01
1000,FIL1316,2026,1,140000,F2,2026-06-21,2026-06-21,MYR,1.0,2916.00,SST-S,K1316,MYF0001316,Filler 1316,PC01
1000,FIL1316,2026,2,400000,F2,2026-06-21,2026-06-21,MYR,1.0,-2700.00,SST-S,K1316,MYF0001316,Filler 1316,PC01
1000,FIL1316,2026,3,230000,F2,2026-06-21,2026-06-21,MYR,1.0,-216.00,SST-S,K1316,MYF0001316,Filler 1316,PC01
1000,FIL1317,2026,1,140000,F2,2026-06-22,2026-06-22,MYR,1.0,2929.50,SST-S,K1317,MYF0001317,Filler 1317,PC01
1000,FIL1317,2026,2,400000,F2,2026-06-22,2026-06-22,MYR,1.0,-2712.50,SST-S,K1317,MYF0001317,Filler 1317,PC01
1000,FIL1317,2026,3,230000,F2,2026-06-22,2026-06-22,MYR,1.0,-217.00,SST-S,K1317,MYF0001317,Filler 1317,PC01
1000,FIL1318,2026,1,140000,F2,2026-06-23,2026-06-23,MYR,1.0,2943.00,SST-S,K1318,MYF0001318,Filler 1318,PC01
1000,FIL1318,2026,2,400000,F2,2026-06-23,2026-06-23,MYR,1.0,-2725.00,SST-S,K1318,MYF0001318,Filler 1318,PC01
1000,FIL1318,2026,3,230000,F2,2026-06-23,2026-06-23,MYR,1.0,-218.00,SST-S,K1318,MYF0001318,Filler 1318,PC01
1000,FIL1319,2026,1,140000,F2,2026-06-24,2026-06-24,MYR,1.0,2956.50,SST-S,K1319,MYF0001319,Filler 1319,PC01
1000,FIL1319,2026,2,400000,F2,2026-06-24,2026-06-24,MYR,1.0,-2737.50,SST-S,K1319,MYF0001319,Filler 1319,PC01
1000,FIL1319,2026,3,230000,F2,2026-06-24,2026-06-24,MYR,1.0,-219.00,SST-S,K1319,MYF0001319,Filler 1319,PC01
1000,FIL1320,2026,1,140000,F2,2026-06-25,2026-06-25,MYR,1.0,2970.00,SST-S,K1320,MYF0001320,Filler 1320,PC01
1000,FIL1320,2026,2,400000,F2,2026-06-25,2026-06-25,MYR,1.0,-2750.00,SST-S,K1320,MYF0001320,Filler 1320,PC01
1000,FIL1320,2026,3,230000,F2,2026-06-25,2026-06-25,MYR,1.0,-220.00,SST-S,K1320,MYF0001320,Filler 1320,PC01
1000,FIL1321,2026,1,140000,F2,2026-06-26,2026-06-26,MYR,1.0,2983.50,SST-S,K1321,MYF0001321,Filler 1321,PC01
1000,FIL1321,2026,2,400000,F2,2026-06-26,2026-06-26,MYR,1.0,-2762.50,SST-S,K1321,MYF0001321,Filler 1321,PC01
1000,FIL1321,2026,3,230000,F2,2026-06-26,2026-06-26,MYR,1.0,-221.00,SST-S,K1321,MYF0001321,Filler 1321,PC01
1000,FIL1322,2026,1,140000,F2,2026-06-27,2026-06-27,MYR,1.0,2997.00,SST-S,K1322,MYF0001322,Filler 1322,PC01
1000,FIL1322,2026,2,400000,F2,2026-06-27,2026-06-27,MYR,1.0,-2775.00,SST-S,K1322,MYF0001322,Filler 1322,PC01
1000,FIL1322,2026,3,230000,F2,2026-06-27,2026-06-27,MYR,1.0,-222.00,SST-S,K1322,MYF0001322,Filler 1322,PC01
1000,FIL1323,2026,1,140000,F2,2026-06-01,2026-06-01,MYR,1.0,3010.50,SST-S,K1323,MYF0001323,Filler 1323,PC01
1000,FIL1323,2026,2,400000,F2,2026-06-01,2026-06-01,MYR,1.0,-2787.50,SST-S,K1323,MYF0001323,Filler 1323,PC01
1000,FIL1323,2026,3,230000,F2,2026-06-01,2026-06-01,MYR,1.0,-223.00,SST-S,K1323,MYF0001323,Filler 1323,PC01
1000,FIL1324,2026,1,140000,F2,2026-06-02,2026-06-02,MYR,1.0,3024.00,SST-S,K1324,MYF0001324,Filler 1324,PC01
1000,FIL1324,2026,2,400000,F2,2026-06-02,2026-06-02,MYR,1.0,-2800.00,SST-S,K1324,MYF0001324,Filler 1324,PC01
1000,FIL1324,2026,3,230000,F2,2026-06-02,2026-06-02,MYR,1.0,-224.00,SST-S,K1324,MYF0001324,Filler 1324,PC01
1000,FIL1325,2026,1,140000,F2,2026-06-03,2026-06-03,MYR,1.0,3037.50,SST-S,K1325,MYF0001325,Filler 1325,PC01
1000,FIL1325,2026,2,400000,F2,2026-06-03,2026-06-03,MYR,1.0,-2812.50,SST-S,K1325,MYF0001325,Filler 1325,PC01
1000,FIL1325,2026,3,230000,F2,2026-06-03,2026-06-03,MYR,1.0,-225.00,SST-S,K1325,MYF0001325,Filler 1325,PC01
1000,FIL1326,2026,1,140000,F2,2026-06-04,2026-06-04,MYR,1.0,3051.00,SST-S,K1326,MYF0001326,Filler 1326,PC01
1000,FIL1326,2026,2,400000,F2,2026-06-04,2026-06-04,MYR,1.0,-2825.00,SST-S,K1326,MYF0001326,Filler 1326,PC01
1000,FIL1326,2026,3,230000,F2,2026-06-04,2026-06-04,MYR,1.0,-226.00,SST-S,K1326,MYF0001326,Filler 1326,PC01
1000,FIL1327,2026,1,140000,F2,2026-06-05,2026-06-05,MYR,1.0,3064.50,SST-S,K1327,MYF0001327,Filler 1327,PC01
1000,FIL1327,2026,2,400000,F2,2026-06-05,2026-06-05,MYR,1.0,-2837.50,SST-S,K1327,MYF0001327,Filler 1327,PC01
1000,FIL1327,2026,3,230000,F2,2026-06-05,2026-06-05,MYR,1.0,-227.00,SST-S,K1327,MYF0001327,Filler 1327,PC01
1000,FIL1328,2026,1,140000,F2,2026-06-06,2026-06-06,MYR,1.0,3078.00,SST-S,K1328,MYF0001328,Filler 1328,PC01
1000,FIL1328,2026,2,400000,F2,2026-06-06,2026-06-06,MYR,1.0,-2850.00,SST-S,K1328,MYF0001328,Filler 1328,PC01
1000,FIL1328,2026,3,230000,F2,2026-06-06,2026-06-06,MYR,1.0,-228.00,SST-S,K1328,MYF0001328,Filler 1328,PC01
1000,FIL1329,2026,1,140000,F2,2026-06-07,2026-06-07,MYR,1.0,3091.50,SST-S,K1329,MYF0001329,Filler 1329,PC01
1000,FIL1329,2026,2,400000,F2,2026-06-07,2026-06-07,MYR,1.0,-2862.50,SST-S,K1329,MYF0001329,Filler 1329,PC01
1000,FIL1329,2026,3,230000,F2,2026-06-07,2026-06-07,MYR,1.0,-229.00,SST-S,K1329,MYF0001329,Filler 1329,PC01
1000,FIL1330,2026,1,140000,F2,2026-06-08,2026-06-08,MYR,1.0,3105.00,SST-S,K1330,MYF0001330,Filler 1330,PC01
1000,FIL1330,2026,2,400000,F2,2026-06-08,2026-06-08,MYR,1.0,-2875.00,SST-S,K1330,MYF0001330,Filler 1330,PC01
1000,FIL1330,2026,3,230000,F2,2026-06-08,2026-06-08,MYR,1.0,-230.00,SST-S,K1330,MYF0001330,Filler 1330,PC01
1000,FIL1331,2026,1,140000,F2,2026-06-09,2026-06-09,MYR,1.0,3118.50,SST-S,K1331,MYF0001331,Filler 1331,PC01
1000,FIL1331,2026,2,400000,F2,2026-06-09,2026-06-09,MYR,1.0,-2887.50,SST-S,K1331,MYF0001331,Filler 1331,PC01
1000,FIL1331,2026,3,230000,F2,2026-06-09,2026-06-09,MYR,1.0,-231.00,SST-S,K1331,MYF0001331,Filler 1331,PC01
1000,FIL1332,2026,1,140000,F2,2026-06-10,2026-06-10,MYR,1.0,3132.00,SST-S,K1332,MYF0001332,Filler 1332,PC01
1000,FIL1332,2026,2,400000,F2,2026-06-10,2026-06-10,MYR,1.0,-2900.00,SST-S,K1332,MYF0001332,Filler 1332,PC01
1000,FIL1332,2026,3,230000,F2,2026-06-10,2026-06-10,MYR,1.0,-232.00,SST-S,K1332,MYF0001332,Filler 1332,PC01
1000,FIL1333,2026,1,140000,F2,2026-06-11,2026-06-11,MYR,1.0,3145.50,SST-S,K1333,MYF0001333,Filler 1333,PC01
1000,FIL1333,2026,2,400000,F2,2026-06-11,2026-06-11,MYR,1.0,-2912.50,SST-S,K1333,MYF0001333,Filler 1333,PC01
1000,FIL1333,2026,3,230000,F2,2026-06-11,2026-06-11,MYR,1.0,-233.00,SST-S,K1333,MYF0001333,Filler 1333,PC01
1000,FIL1334,2026,1,140000,F2,2026-06-12,2026-06-12,MYR,1.0,3159.00,SST-S,K1334,MYF0001334,Filler 1334,PC01
1000,FIL1334,2026,2,400000,F2,2026-06-12,2026-06-12,MYR,1.0,-2925.00,SST-S,K1334,MYF0001334,Filler 1334,PC01
1000,FIL1334,2026,3,230000,F2,2026-06-12,2026-06-12,MYR,1.0,-234.00,SST-S,K1334,MYF0001334,Filler 1334,PC01
1000,FIL1335,2026,1,140000,F2,2026-06-13,2026-06-13,MYR,1.0,3172.50,SST-S,K1335,MYF0001335,Filler 1335,PC01
1000,FIL1335,2026,2,400000,F2,2026-06-13,2026-06-13,MYR,1.0,-2937.50,SST-S,K1335,MYF0001335,Filler 1335,PC01
1000,FIL1335,2026,3,230000,F2,2026-06-13,2026-06-13,MYR,1.0,-235.00,SST-S,K1335,MYF0001335,Filler 1335,PC01
1000,FIL1336,2026,1,140000,F2,2026-06-14,2026-06-14,MYR,1.0,3186.00,SST-S,K1336,MYF0001336,Filler 1336,PC01
1000,FIL1336,2026,2,400000,F2,2026-06-14,2026-06-14,MYR,1.0,-2950.00,SST-S,K1336,MYF0001336,Filler 1336,PC01
1000,FIL1336,2026,3,230000,F2,2026-06-14,2026-06-14,MYR,1.0,-236.00,SST-S,K1336,MYF0001336,Filler 1336,PC01
1000,FIL1337,2026,1,140000,F2,2026-06-15,2026-06-15,MYR,1.0,3199.50,SST-S,K1337,MYF0001337,Filler 1337,PC01
1000,FIL1337,2026,2,400000,F2,2026-06-15,2026-06-15,MYR,1.0,-2962.50,SST-S,K1337,MYF0001337,Filler 1337,PC01
1000,FIL1337,2026,3,230000,F2,2026-06-15,2026-06-15,MYR,1.0,-237.00,SST-S,K1337,MYF0001337,Filler 1337,PC01
1000,FIL1338,2026,1,140000,F2,2026-06-16,2026-06-16,MYR,1.0,3213.00,SST-S,K1338,MYF0001338,Filler 1338,PC01
1000,FIL1338,2026,2,400000,F2,2026-06-16,2026-06-16,MYR,1.0,-2975.00,SST-S,K1338,MYF0001338,Filler 1338,PC01
1000,FIL1338,2026,3,230000,F2,2026-06-16,2026-06-16,MYR,1.0,-238.00,SST-S,K1338,MYF0001338,Filler 1338,PC01
1000,FIL1339,2026,1,140000,F2,2026-06-17,2026-06-17,MYR,1.0,3226.50,SST-S,K1339,MYF0001339,Filler 1339,PC01
1000,FIL1339,2026,2,400000,F2,2026-06-17,2026-06-17,MYR,1.0,-2987.50,SST-S,K1339,MYF0001339,Filler 1339,PC01
1000,FIL1339,2026,3,230000,F2,2026-06-17,2026-06-17,MYR,1.0,-239.00,SST-S,K1339,MYF0001339,Filler 1339,PC01
1000,FIL1340,2026,1,140000,F2,2026-06-18,2026-06-18,MYR,1.0,3240.00,SST-S,K1340,MYF0001340,Filler 1340,PC01
1000,FIL1340,2026,2,400000,F2,2026-06-18,2026-06-18,MYR,1.0,-3000.00,SST-S,K1340,MYF0001340,Filler 1340,PC01
1000,FIL1340,2026,3,230000,F2,2026-06-18,2026-06-18,MYR,1.0,-240.00,SST-S,K1340,MYF0001340,Filler 1340,PC01
1000,FIL1341,2026,1,140000,F2,2026-06-19,2026-06-19,MYR,1.0,3253.50,SST-S,K1341,MYF0001341,Filler 1341,PC01
1000,FIL1341,2026,2,400000,F2,2026-06-19,2026-06-19,MYR,1.0,-3012.50,SST-S,K1341,MYF0001341,Filler 1341,PC01
1000,FIL1341,2026,3,230000,F2,2026-06-19,2026-06-19,MYR,1.0,-241.00,SST-S,K1341,MYF0001341,Filler 1341,PC01
1000,FIL1342,2026,1,140000,F2,2026-06-20,2026-06-20,MYR,1.0,3267.00,SST-S,K1342,MYF0001342,Filler 1342,PC01
1000,FIL1342,2026,2,400000,F2,2026-06-20,2026-06-20,MYR,1.0,-3025.00,SST-S,K1342,MYF0001342,Filler 1342,PC01
1000,FIL1342,2026,3,230000,F2,2026-06-20,2026-06-20,MYR,1.0,-242.00,SST-S,K1342,MYF0001342,Filler 1342,PC01
1000,FIL1343,2026,1,140000,F2,2026-06-21,2026-06-21,MYR,1.0,3280.50,SST-S,K1343,MYF0001343,Filler 1343,PC01
1000,FIL1343,2026,2,400000,F2,2026-06-21,2026-06-21,MYR,1.0,-3037.50,SST-S,K1343,MYF0001343,Filler 1343,PC01
1000,FIL1343,2026,3,230000,F2,2026-06-21,2026-06-21,MYR,1.0,-243.00,SST-S,K1343,MYF0001343,Filler 1343,PC01
1000,FIL1344,2026,1,140000,F2,2026-06-22,2026-06-22,MYR,1.0,3294.00,SST-S,K1344,MYF0001344,Filler 1344,PC01
1000,FIL1344,2026,2,400000,F2,2026-06-22,2026-06-22,MYR,1.0,-3050.00,SST-S,K1344,MYF0001344,Filler 1344,PC01
1000,FIL1344,2026,3,230000,F2,2026-06-22,2026-06-22,MYR,1.0,-244.00,SST-S,K1344,MYF0001344,Filler 1344,PC01
1000,FIL1345,2026,1,140000,F2,2026-06-23,2026-06-23,MYR,1.0,3307.50,SST-S,K1345,MYF0001345,Filler 1345,PC01
1000,FIL1345,2026,2,400000,F2,2026-06-23,2026-06-23,MYR,1.0,-3062.50,SST-S,K1345,MYF0001345,Filler 1345,PC01
1000,FIL1345,2026,3,230000,F2,2026-06-23,2026-06-23,MYR,1.0,-245.00,SST-S,K1345,MYF0001345,Filler 1345,PC01
1000,FIL1346,2026,1,140000,F2,2026-06-24,2026-06-24,MYR,1.0,3321.00,SST-S,K1346,MYF0001346,Filler 1346,PC01
1000,FIL1346,2026,2,400000,F2,2026-06-24,2026-06-24,MYR,1.0,-3075.00,SST-S,K1346,MYF0001346,Filler 1346,PC01
1000,FIL1346,2026,3,230000,F2,2026-06-24,2026-06-24,MYR,1.0,-246.00,SST-S,K1346,MYF0001346,Filler 1346,PC01
1000,FIL1347,2026,1,140000,F2,2026-06-25,2026-06-25,MYR,1.0,3334.50,SST-S,K1347,MYF0001347,Filler 1347,PC01
1000,FIL1347,2026,2,400000,F2,2026-06-25,2026-06-25,MYR,1.0,-3087.50,SST-S,K1347,MYF0001347,Filler 1347,PC01
1000,FIL1347,2026,3,230000,F2,2026-06-25,2026-06-25,MYR,1.0,-247.00,SST-S,K1347,MYF0001347,Filler 1347,PC01
1000,FIL1348,2026,1,140000,F2,2026-06-26,2026-06-26,MYR,1.0,3348.00,SST-S,K1348,MYF0001348,Filler 1348,PC01
1000,FIL1348,2026,2,400000,F2,2026-06-26,2026-06-26,MYR,1.0,-3100.00,SST-S,K1348,MYF0001348,Filler 1348,PC01
1000,FIL1348,2026,3,230000,F2,2026-06-26,2026-06-26,MYR,1.0,-248.00,SST-S,K1348,MYF0001348,Filler 1348,PC01
1000,FIL1349,2026,1,140000,F2,2026-06-27,2026-06-27,MYR,1.0,3361.50,SST-S,K1349,MYF0001349,Filler 1349,PC01
1000,FIL1349,2026,2,400000,F2,2026-06-27,2026-06-27,MYR,1.0,-3112.50,SST-S,K1349,MYF0001349,Filler 1349,PC01
1000,FIL1349,2026,3,230000,F2,2026-06-27,2026-06-27,MYR,1.0,-249.00,SST-S,K1349,MYF0001349,Filler 1349,PC01
1000,FIL1350,2026,1,140000,F2,2026-06-01,2026-06-01,MYR,1.0,3375.00,SST-S,K1350,MYF0001350,Filler 1350,PC01
1000,FIL1350,2026,2,400000,F2,2026-06-01,2026-06-01,MYR,1.0,-3125.00,SST-S,K1350,MYF0001350,Filler 1350,PC01
1000,FIL1350,2026,3,230000,F2,2026-06-01,2026-06-01,MYR,1.0,-250.00,SST-S,K1350,MYF0001350,Filler 1350,PC01
1000,FIL1351,2026,1,140000,F2,2026-06-02,2026-06-02,MYR,1.0,3388.50,SST-S,K1351,MYF0001351,Filler 1351,PC01
1000,FIL1351,2026,2,400000,F2,2026-06-02,2026-06-02,MYR,1.0,-3137.50,SST-S,K1351,MYF0001351,Filler 1351,PC01
1000,FIL1351,2026,3,230000,F2,2026-06-02,2026-06-02,MYR,1.0,-251.00,SST-S,K1351,MYF0001351,Filler 1351,PC01
1000,FIL1352,2026,1,140000,F2,2026-06-03,2026-06-03,MYR,1.0,3402.00,SST-S,K1352,MYF0001352,Filler 1352,PC01
1000,FIL1352,2026,2,400000,F2,2026-06-03,2026-06-03,MYR,1.0,-3150.00,SST-S,K1352,MYF0001352,Filler 1352,PC01
1000,FIL1352,2026,3,230000,F2,2026-06-03,2026-06-03,MYR,1.0,-252.00,SST-S,K1352,MYF0001352,Filler 1352,PC01
1000,FIL1353,2026,1,140000,F2,2026-06-04,2026-06-04,MYR,1.0,3415.50,SST-S,K1353,MYF0001353,Filler 1353,PC01
1000,FIL1353,2026,2,400000,F2,2026-06-04,2026-06-04,MYR,1.0,-3162.50,SST-S,K1353,MYF0001353,Filler 1353,PC01
1000,FIL1353,2026,3,230000,F2,2026-06-04,2026-06-04,MYR,1.0,-253.00,SST-S,K1353,MYF0001353,Filler 1353,PC01
1000,FIL1354,2026,1,140000,F2,2026-06-05,2026-06-05,MYR,1.0,3429.00,SST-S,K1354,MYF0001354,Filler 1354,PC01
1000,FIL1354,2026,2,400000,F2,2026-06-05,2026-06-05,MYR,1.0,-3175.00,SST-S,K1354,MYF0001354,Filler 1354,PC01
1000,FIL1354,2026,3,230000,F2,2026-06-05,2026-06-05,MYR,1.0,-254.00,SST-S,K1354,MYF0001354,Filler 1354,PC01
1000,FIL1355,2026,1,140000,F2,2026-06-06,2026-06-06,MYR,1.0,3442.50,SST-S,K1355,MYF0001355,Filler 1355,PC01
1000,FIL1355,2026,2,400000,F2,2026-06-06,2026-06-06,MYR,1.0,-3187.50,SST-S,K1355,MYF0001355,Filler 1355,PC01
1000,FIL1355,2026,3,230000,F2,2026-06-06,2026-06-06,MYR,1.0,-255.00,SST-S,K1355,MYF0001355,Filler 1355,PC01
1000,FIL1356,2026,1,140000,F2,2026-06-07,2026-06-07,MYR,1.0,3456.00,SST-S,K1356,MYF0001356,Filler 1356,PC01
1000,FIL1356,2026,2,400000,F2,2026-06-07,2026-06-07,MYR,1.0,-3200.00,SST-S,K1356,MYF0001356,Filler 1356,PC01
1000,FIL1356,2026,3,230000,F2,2026-06-07,2026-06-07,MYR,1.0,-256.00,SST-S,K1356,MYF0001356,Filler 1356,PC01
1000,FIL1357,2026,1,140000,F2,2026-06-08,2026-06-08,MYR,1.0,3469.50,SST-S,K1357,MYF0001357,Filler 1357,PC01
1000,FIL1357,2026,2,400000,F2,2026-06-08,2026-06-08,MYR,1.0,-3212.50,SST-S,K1357,MYF0001357,Filler 1357,PC01
1000,FIL1357,2026,3,230000,F2,2026-06-08,2026-06-08,MYR,1.0,-257.00,SST-S,K1357,MYF0001357,Filler 1357,PC01
1000,FIL1358,2026,1,140000,F2,2026-06-09,2026-06-09,MYR,1.0,3483.00,SST-S,K1358,MYF0001358,Filler 1358,PC01
1000,FIL1358,2026,2,400000,F2,2026-06-09,2026-06-09,MYR,1.0,-3225.00,SST-S,K1358,MYF0001358,Filler 1358,PC01
1000,FIL1358,2026,3,230000,F2,2026-06-09,2026-06-09,MYR,1.0,-258.00,SST-S,K1358,MYF0001358,Filler 1358,PC01
1000,FIL1359,2026,1,140000,F2,2026-06-10,2026-06-10,MYR,1.0,3496.50,SST-S,K1359,MYF0001359,Filler 1359,PC01
1000,FIL1359,2026,2,400000,F2,2026-06-10,2026-06-10,MYR,1.0,-3237.50,SST-S,K1359,MYF0001359,Filler 1359,PC01
1000,FIL1359,2026,3,230000,F2,2026-06-10,2026-06-10,MYR,1.0,-259.00,SST-S,K1359,MYF0001359,Filler 1359,PC01
1000,FIL1360,2026,1,140000,F2,2026-06-11,2026-06-11,MYR,1.0,3510.00,SST-S,K1360,MYF0001360,Filler 1360,PC01
1000,FIL1360,2026,2,400000,F2,2026-06-11,2026-06-11,MYR,1.0,-3250.00,SST-S,K1360,MYF0001360,Filler 1360,PC01
1000,FIL1360,2026,3,230000,F2,2026-06-11,2026-06-11,MYR,1.0,-260.00,SST-S,K1360,MYF0001360,Filler 1360,PC01
1000,FIL1361,2026,1,140000,F2,2026-06-12,2026-06-12,MYR,1.0,3523.50,SST-S,K1361,MYF0001361,Filler 1361,PC01
1000,FIL1361,2026,2,400000,F2,2026-06-12,2026-06-12,MYR,1.0,-3262.50,SST-S,K1361,MYF0001361,Filler 1361,PC01
1000,FIL1361,2026,3,230000,F2,2026-06-12,2026-06-12,MYR,1.0,-261.00,SST-S,K1361,MYF0001361,Filler 1361,PC01
1000,FIL1362,2026,1,140000,F2,2026-06-13,2026-06-13,MYR,1.0,3537.00,SST-S,K1362,MYF0001362,Filler 1362,PC01
1000,FIL1362,2026,2,400000,F2,2026-06-13,2026-06-13,MYR,1.0,-3275.00,SST-S,K1362,MYF0001362,Filler 1362,PC01
1000,FIL1362,2026,3,230000,F2,2026-06-13,2026-06-13,MYR,1.0,-262.00,SST-S,K1362,MYF0001362,Filler 1362,PC01
1000,FIL1363,2026,1,140000,F2,2026-06-14,2026-06-14,MYR,1.0,3550.50,SST-S,K1363,MYF0001363,Filler 1363,PC01
1000,FIL1363,2026,2,400000,F2,2026-06-14,2026-06-14,MYR,1.0,-3287.50,SST-S,K1363,MYF0001363,Filler 1363,PC01
1000,FIL1363,2026,3,230000,F2,2026-06-14,2026-06-14,MYR,1.0,-263.00,SST-S,K1363,MYF0001363,Filler 1363,PC01
1000,FIL1364,2026,1,140000,F2,2026-06-15,2026-06-15,MYR,1.0,3564.00,SST-S,K1364,MYF0001364,Filler 1364,PC01
1000,FIL1364,2026,2,400000,F2,2026-06-15,2026-06-15,MYR,1.0,-3300.00,SST-S,K1364,MYF0001364,Filler 1364,PC01
1000,FIL1364,2026,3,230000,F2,2026-06-15,2026-06-15,MYR,1.0,-264.00,SST-S,K1364,MYF0001364,Filler 1364,PC01
1000,FIL1365,2026,1,140000,F2,2026-06-16,2026-06-16,MYR,1.0,3577.50,SST-S,K1365,MYF0001365,Filler 1365,PC01
1000,FIL1365,2026,2,400000,F2,2026-06-16,2026-06-16,MYR,1.0,-3312.50,SST-S,K1365,MYF0001365,Filler 1365,PC01
1000,FIL1365,2026,3,230000,F2,2026-06-16,2026-06-16,MYR,1.0,-265.00,SST-S,K1365,MYF0001365,Filler 1365,PC01
1000,FIL1366,2026,1,140000,F2,2026-06-17,2026-06-17,MYR,1.0,3591.00,SST-S,K1366,MYF0001366,Filler 1366,PC01
1000,FIL1366,2026,2,400000,F2,2026-06-17,2026-06-17,MYR,1.0,-3325.00,SST-S,K1366,MYF0001366,Filler 1366,PC01
1000,FIL1366,2026,3,230000,F2,2026-06-17,2026-06-17,MYR,1.0,-266.00,SST-S,K1366,MYF0001366,Filler 1366,PC01
1000,FIL1367,2026,1,140000,F2,2026-06-18,2026-06-18,MYR,1.0,3604.50,SST-S,K1367,MYF0001367,Filler 1367,PC01
1000,FIL1367,2026,2,400000,F2,2026-06-18,2026-06-18,MYR,1.0,-3337.50,SST-S,K1367,MYF0001367,Filler 1367,PC01
1000,FIL1367,2026,3,230000,F2,2026-06-18,2026-06-18,MYR,1.0,-267.00,SST-S,K1367,MYF0001367,Filler 1367,PC01
1000,FIL1368,2026,1,140000,F2,2026-06-19,2026-06-19,MYR,1.0,3618.00,SST-S,K1368,MYF0001368,Filler 1368,PC01
1000,FIL1368,2026,2,400000,F2,2026-06-19,2026-06-19,MYR,1.0,-3350.00,SST-S,K1368,MYF0001368,Filler 1368,PC01
1000,FIL1368,2026,3,230000,F2,2026-06-19,2026-06-19,MYR,1.0,-268.00,SST-S,K1368,MYF0001368,Filler 1368,PC01
1000,FIL1369,2026,1,140000,F2,2026-06-20,2026-06-20,MYR,1.0,3631.50,SST-S,K1369,MYF0001369,Filler 1369,PC01
1000,FIL1369,2026,2,400000,F2,2026-06-20,2026-06-20,MYR,1.0,-3362.50,SST-S,K1369,MYF0001369,Filler 1369,PC01
1000,FIL1369,2026,3,230000,F2,2026-06-20,2026-06-20,MYR,1.0,-269.00,SST-S,K1369,MYF0001369,Filler 1369,PC01
1000,FIL1370,2026,1,140000,F2,2026-06-21,2026-06-21,MYR,1.0,3645.00,SST-S,K1370,MYF0001370,Filler 1370,PC01
1000,FIL1370,2026,2,400000,F2,2026-06-21,2026-06-21,MYR,1.0,-3375.00,SST-S,K1370,MYF0001370,Filler 1370,PC01
1000,FIL1370,2026,3,230000,F2,2026-06-21,2026-06-21,MYR,1.0,-270.00,SST-S,K1370,MYF0001370,Filler 1370,PC01
1000,FIL1371,2026,1,140000,F2,2026-06-22,2026-06-22,MYR,1.0,3658.50,SST-S,K1371,MYF0001371,Filler 1371,PC01
1000,FIL1371,2026,2,400000,F2,2026-06-22,2026-06-22,MYR,1.0,-3387.50,SST-S,K1371,MYF0001371,Filler 1371,PC01
1000,FIL1371,2026,3,230000,F2,2026-06-22,2026-06-22,MYR,1.0,-271.00,SST-S,K1371,MYF0001371,Filler 1371,PC01
1000,FIL1372,2026,1,140000,F2,2026-06-23,2026-06-23,MYR,1.0,3672.00,SST-S,K1372,MYF0001372,Filler 1372,PC01
1000,FIL1372,2026,2,400000,F2,2026-06-23,2026-06-23,MYR,1.0,-3400.00,SST-S,K1372,MYF0001372,Filler 1372,PC01
1000,FIL1372,2026,3,230000,F2,2026-06-23,2026-06-23,MYR,1.0,-272.00,SST-S,K1372,MYF0001372,Filler 1372,PC01
1000,FIL1373,2026,1,140000,F2,2026-06-24,2026-06-24,MYR,1.0,3685.50,SST-S,K1373,MYF0001373,Filler 1373,PC01
1000,FIL1373,2026,2,400000,F2,2026-06-24,2026-06-24,MYR,1.0,-3412.50,SST-S,K1373,MYF0001373,Filler 1373,PC01
1000,FIL1373,2026,3,230000,F2,2026-06-24,2026-06-24,MYR,1.0,-273.00,SST-S,K1373,MYF0001373,Filler 1373,PC01
1000,FIL1374,2026,1,140000,F2,2026-06-25,2026-06-25,MYR,1.0,3699.00,SST-S,K1374,MYF0001374,Filler 1374,PC01
1000,FIL1374,2026,2,400000,F2,2026-06-25,2026-06-25,MYR,1.0,-3425.00,SST-S,K1374,MYF0001374,Filler 1374,PC01
1000,FIL1374,2026,3,230000,F2,2026-06-25,2026-06-25,MYR,1.0,-274.00,SST-S,K1374,MYF0001374,Filler 1374,PC01
1000,FIL1375,2026,1,140000,F2,2026-06-26,2026-06-26,MYR,1.0,3712.50,SST-S,K1375,MYF0001375,Filler 1375,PC01
1000,FIL1375,2026,2,400000,F2,2026-06-26,2026-06-26,MYR,1.0,-3437.50,SST-S,K1375,MYF0001375,Filler 1375,PC01
1000,FIL1375,2026,3,230000,F2,2026-06-26,2026-06-26,MYR,1.0,-275.00,SST-S,K1375,MYF0001375,Filler 1375,PC01
1000,FIL1376,2026,1,140000,F2,2026-06-27,2026-06-27,MYR,1.0,3726.00,SST-S,K1376,MYF0001376,Filler 1376,PC01
1000,FIL1376,2026,2,400000,F2,2026-06-27,2026-06-27,MYR,1.0,-3450.00,SST-S,K1376,MYF0001376,Filler 1376,PC01
1000,FIL1376,2026,3,230000,F2,2026-06-27,2026-06-27,MYR,1.0,-276.00,SST-S,K1376,MYF0001376,Filler 1376,PC01
1000,FIL1377,2026,1,140000,F2,2026-06-01,2026-06-01,MYR,1.0,3739.50,SST-S,K1377,MYF0001377,Filler 1377,PC01
1000,FIL1377,2026,2,400000,F2,2026-06-01,2026-06-01,MYR,1.0,-3462.50,SST-S,K1377,MYF0001377,Filler 1377,PC01
1000,FIL1377,2026,3,230000,F2,2026-06-01,2026-06-01,MYR,1.0,-277.00,SST-S,K1377,MYF0001377,Filler 1377,PC01
1000,FIL1378,2026,1,140000,F2,2026-06-02,2026-06-02,MYR,1.0,3753.00,SST-S,K1378,MYF0001378,Filler 1378,PC01
1000,FIL1378,2026,2,400000,F2,2026-06-02,2026-06-02,MYR,1.0,-3475.00,SST-S,K1378,MYF0001378,Filler 1378,PC01
1000,FIL1378,2026,3,230000,F2,2026-06-02,2026-06-02,MYR,1.0,-278.00,SST-S,K1378,MYF0001378,Filler 1378,PC01
1000,FIL1379,2026,1,140000,F2,2026-06-03,2026-06-03,MYR,1.0,3766.50,SST-S,K1379,MYF0001379,Filler 1379,PC01
1000,FIL1379,2026,2,400000,F2,2026-06-03,2026-06-03,MYR,1.0,-3487.50,SST-S,K1379,MYF0001379,Filler 1379,PC01
1000,FIL1379,2026,3,230000,F2,2026-06-03,2026-06-03,MYR,1.0,-279.00,SST-S,K1379,MYF0001379,Filler 1379,PC01
1000,FIL1380,2026,1,140000,F2,2026-06-04,2026-06-04,MYR,1.0,3780.00,SST-S,K1380,MYF0001380,Filler 1380,PC01
1000,FIL1380,2026,2,400000,F2,2026-06-04,2026-06-04,MYR,1.0,-3500.00,SST-S,K1380,MYF0001380,Filler 1380,PC01
1000,FIL1380,2026,3,230000,F2,2026-06-04,2026-06-04,MYR,1.0,-280.00,SST-S,K1380,MYF0001380,Filler 1380,PC01
1000,FIL1381,2026,1,140000,F2,2026-06-05,2026-06-05,MYR,1.0,3793.50,SST-S,K1381,MYF0001381,Filler 1381,PC01
1000,FIL1381,2026,2,400000,F2,2026-06-05,2026-06-05,MYR,1.0,-3512.50,SST-S,K1381,MYF0001381,Filler 1381,PC01
1000,FIL1381,2026,3,230000,F2,2026-06-05,2026-06-05,MYR,1.0,-281.00,SST-S,K1381,MYF0001381,Filler 1381,PC01
1000,FIL1382,2026,1,140000,F2,2026-06-06,2026-06-06,MYR,1.0,3807.00,SST-S,K1382,MYF0001382,Filler 1382,PC01
1000,FIL1382,2026,2,400000,F2,2026-06-06,2026-06-06,MYR,1.0,-3525.00,SST-S,K1382,MYF0001382,Filler 1382,PC01
1000,FIL1382,2026,3,230000,F2,2026-06-06,2026-06-06,MYR,1.0,-282.00,SST-S,K1382,MYF0001382,Filler 1382,PC01
1000,FIL1383,2026,1,140000,F2,2026-06-07,2026-06-07,MYR,1.0,3820.50,SST-S,K1383,MYF0001383,Filler 1383,PC01
1000,FIL1383,2026,2,400000,F2,2026-06-07,2026-06-07,MYR,1.0,-3537.50,SST-S,K1383,MYF0001383,Filler 1383,PC01
1000,FIL1383,2026,3,230000,F2,2026-06-07,2026-06-07,MYR,1.0,-283.00,SST-S,K1383,MYF0001383,Filler 1383,PC01
1000,FIL1384,2026,1,140000,F2,2026-06-08,2026-06-08,MYR,1.0,3834.00,SST-S,K1384,MYF0001384,Filler 1384,PC01
1000,FIL1384,2026,2,400000,F2,2026-06-08,2026-06-08,MYR,1.0,-3550.00,SST-S,K1384,MYF0001384,Filler 1384,PC01
1000,FIL1384,2026,3,230000,F2,2026-06-08,2026-06-08,MYR,1.0,-284.00,SST-S,K1384,MYF0001384,Filler 1384,PC01
1000,FIL1385,2026,1,140000,F2,2026-06-09,2026-06-09,MYR,1.0,3847.50,SST-S,K1385,MYF0001385,Filler 1385,PC01
1000,FIL1385,2026,2,400000,F2,2026-06-09,2026-06-09,MYR,1.0,-3562.50,SST-S,K1385,MYF0001385,Filler 1385,PC01
1000,FIL1385,2026,3,230000,F2,2026-06-09,2026-06-09,MYR,1.0,-285.00,SST-S,K1385,MYF0001385,Filler 1385,PC01
1000,FIL1386,2026,1,140000,F2,2026-06-10,2026-06-10,MYR,1.0,3861.00,SST-S,K1386,MYF0001386,Filler 1386,PC01
1000,FIL1386,2026,2,400000,F2,2026-06-10,2026-06-10,MYR,1.0,-3575.00,SST-S,K1386,MYF0001386,Filler 1386,PC01
1000,FIL1386,2026,3,230000,F2,2026-06-10,2026-06-10,MYR,1.0,-286.00,SST-S,K1386,MYF0001386,Filler 1386,PC01
1000,FIL1387,2026,1,140000,F2,2026-06-11,2026-06-11,MYR,1.0,3874.50,SST-S,K1387,MYF0001387,Filler 1387,PC01
1000,FIL1387,2026,2,400000,F2,2026-06-11,2026-06-11,MYR,1.0,-3587.50,SST-S,K1387,MYF0001387,Filler 1387,PC01
1000,FIL1387,2026,3,230000,F2,2026-06-11,2026-06-11,MYR,1.0,-287.00,SST-S,K1387,MYF0001387,Filler 1387,PC01
1000,FIL1388,2026,1,140000,F2,2026-06-12,2026-06-12,MYR,1.0,3888.00,SST-S,K1388,MYF0001388,Filler 1388,PC01
1000,FIL1388,2026,2,400000,F2,2026-06-12,2026-06-12,MYR,1.0,-3600.00,SST-S,K1388,MYF0001388,Filler 1388,PC01
1000,FIL1388,2026,3,230000,F2,2026-06-12,2026-06-12,MYR,1.0,-288.00,SST-S,K1388,MYF0001388,Filler 1388,PC01
1000,FIL1389,2026,1,140000,F2,2026-06-13,2026-06-13,MYR,1.0,3901.50,SST-S,K1389,MYF0001389,Filler 1389,PC01
1000,FIL1389,2026,2,400000,F2,2026-06-13,2026-06-13,MYR,1.0,-3612.50,SST-S,K1389,MYF0001389,Filler 1389,PC01
1000,FIL1389,2026,3,230000,F2,2026-06-13,2026-06-13,MYR,1.0,-289.00,SST-S,K1389,MYF0001389,Filler 1389,PC01
1000,FIL1390,2026,1,140000,F2,2026-06-14,2026-06-14,MYR,1.0,3915.00,SST-S,K1390,MYF0001390,Filler 1390,PC01
1000,FIL1390,2026,2,400000,F2,2026-06-14,2026-06-14,MYR,1.0,-3625.00,SST-S,K1390,MYF0001390,Filler 1390,PC01
1000,FIL1390,2026,3,230000,F2,2026-06-14,2026-06-14,MYR,1.0,-290.00,SST-S,K1390,MYF0001390,Filler 1390,PC01
1000,FIL1391,2026,1,140000,F2,2026-06-15,2026-06-15,MYR,1.0,3928.50,SST-S,K1391,MYF0001391,Filler 1391,PC01
1000,FIL1391,2026,2,400000,F2,2026-06-15,2026-06-15,MYR,1.0,-3637.50,SST-S,K1391,MYF0001391,Filler 1391,PC01
1000,FIL1391,2026,3,230000,F2,2026-06-15,2026-06-15,MYR,1.0,-291.00,SST-S,K1391,MYF0001391,Filler 1391,PC01
1000,FIL1392,2026,1,140000,F2,2026-06-16,2026-06-16,MYR,1.0,3942.00,SST-S,K1392,MYF0001392,Filler 1392,PC01
1000,FIL1392,2026,2,400000,F2,2026-06-16,2026-06-16,MYR,1.0,-3650.00,SST-S,K1392,MYF0001392,Filler 1392,PC01
1000,FIL1392,2026,3,230000,F2,2026-06-16,2026-06-16,MYR,1.0,-292.00,SST-S,K1392,MYF0001392,Filler 1392,PC01
1000,FIL1393,2026,1,140000,F2,2026-06-17,2026-06-17,MYR,1.0,3955.50,SST-S,K1393,MYF0001393,Filler 1393,PC01
1000,FIL1393,2026,2,400000,F2,2026-06-17,2026-06-17,MYR,1.0,-3662.50,SST-S,K1393,MYF0001393,Filler 1393,PC01
1000,FIL1393,2026,3,230000,F2,2026-06-17,2026-06-17,MYR,1.0,-293.00,SST-S,K1393,MYF0001393,Filler 1393,PC01
1000,FIL1394,2026,1,140000,F2,2026-06-18,2026-06-18,MYR,1.0,3969.00,SST-S,K1394,MYF0001394,Filler 1394,PC01
1000,FIL1394,2026,2,400000,F2,2026-06-18,2026-06-18,MYR,1.0,-3675.00,SST-S,K1394,MYF0001394,Filler 1394,PC01
1000,FIL1394,2026,3,230000,F2,2026-06-18,2026-06-18,MYR,1.0,-294.00,SST-S,K1394,MYF0001394,Filler 1394,PC01
1000,FIL1395,2026,1,140000,F2,2026-06-19,2026-06-19,MYR,1.0,3982.50,SST-S,K1395,MYF0001395,Filler 1395,PC01
1000,FIL1395,2026,2,400000,F2,2026-06-19,2026-06-19,MYR,1.0,-3687.50,SST-S,K1395,MYF0001395,Filler 1395,PC01
1000,FIL1395,2026,3,230000,F2,2026-06-19,2026-06-19,MYR,1.0,-295.00,SST-S,K1395,MYF0001395,Filler 1395,PC01
1000,FIL1396,2026,1,140000,F2,2026-06-20,2026-06-20,MYR,1.0,3996.00,SST-S,K1396,MYF0001396,Filler 1396,PC01
1000,FIL1396,2026,2,400000,F2,2026-06-20,2026-06-20,MYR,1.0,-3700.00,SST-S,K1396,MYF0001396,Filler 1396,PC01
1000,FIL1396,2026,3,230000,F2,2026-06-20,2026-06-20,MYR,1.0,-296.00,SST-S,K1396,MYF0001396,Filler 1396,PC01
1000,FIL1397,2026,1,140000,F2,2026-06-21,2026-06-21,MYR,1.0,4009.50,SST-S,K1397,MYF0001397,Filler 1397,PC01
1000,FIL1397,2026,2,400000,F2,2026-06-21,2026-06-21,MYR,1.0,-3712.50,SST-S,K1397,MYF0001397,Filler 1397,PC01
1000,FIL1397,2026,3,230000,F2,2026-06-21,2026-06-21,MYR,1.0,-297.00,SST-S,K1397,MYF0001397,Filler 1397,PC01
1000,FIL1398,2026,1,140000,F2,2026-06-22,2026-06-22,MYR,1.0,4023.00,SST-S,K1398,MYF0001398,Filler 1398,PC01
1000,FIL1398,2026,2,400000,F2,2026-06-22,2026-06-22,MYR,1.0,-3725.00,SST-S,K1398,MYF0001398,Filler 1398,PC01
1000,FIL1398,2026,3,230000,F2,2026-06-22,2026-06-22,MYR,1.0,-298.00,SST-S,K1398,MYF0001398,Filler 1398,PC01
