supplierCompanyCode,irn,invoiceNumber,supplierTin,documentType,issueDate,clearanceDate,status,uuid,currency,taxableAmount,taxAmount,totalAmount,taxScheme,buyerTin,buyerName,isConsolidated
1100,C5E00,C5E00,MYSUP0000001,INV,2026-06-02,2026-06-02,CLEARED,uuid-C5E00,MYR,625.00,50.00,675.00,SST-S,,,false
1100,C5E01,C5E01,MYSUP0000001,INV,2026-06-02,2026-06-02,CLEARED,uuid-C5E01,MYR,750.00,60.00,810.00,SST-S,,,false
1100,C5E02,C5E02,MYSUP0000001,INV,2026-06-02,2026-06-02,CLEARED,uuid-C5E02,MYR,875.00,70.00,945.00,SST-S,,,false
1100,C5E03,C5E03,MYSUP0000001,INV,2026-06-02,2026-06-02,CLEARED,uuid-C5E03,MYR,1000.00,80.00,1080.00,SST-S,,,false
1100,C5E04,C5E04,MYSUP0000001,INV,2026-06-02,2026-06-02,CLEARED,uuid-C5E04,MYR,1125.00,90.00,1215.00,SST-S,,,false
1100,C5E05,C5E05,MYSUP0000001,INV,2026-06-02,2026-06-02,CLEARED,uuid-C5E05,MYR,1250.00,100.00,1350.00,SST-S,,,false
1100,C5E06,C5E06,MYSUP0000001,INV,2026-06-02,2026-06-02,CLEARED,uuid-C5E06,MYR,1375.00,110.00,1485.00,SST-S,,,false
1100,C5E07,C5E07,MYSUP0000001,INV,2026-06-02,2026-06-02,CLEARED,uuid-C5E07,MYR,1500.00,120.00,1620.00,SST-S,,,false
1100,C5E08,C5E08,MYSUP0000001,INV,2026-06-02,2026-06-02,CLEARED,uuid-C5E08,MYR,1625.00,130.00,1755.00,SST-S,,,false
1100,C5E09,C5E09,MYSUP0000001,INV,2026-06-02,2026-06-02,CLEARED,uuid-C5E09,MYR,1750.00,140.00,1890.00,SST-S,,,false
1100,C5E10,C5E10,MYSUP0000001,INV,2026-06-02,2026-06-02,CLEARED,uuid-C5E10,MYR,1875.00,150.00,2025.00,SST-S,,,false
1100,C5E11,C5E11,MYSUP0000001,INV,2026-06-02,2026-06-02,CLEARED,uuid-C5E11,MYR,2000.00,160.00,2160.00,SST-S,,,false
1100,C10E,C10E,MYSUP0000001,INV,2026-06-03,2026-06-03,CLEARED,uuid-C10E,MYR,1500.00,120.00,1620.00,SST-S,,,false
1100,C17E,C17E,MYSUP0000001,INV,2026-06-04,2026-06-04,CLEARED,uuid-C17E,MYR,3750.00,300.00,4050.00,SST-S,,,false
1100,C3WEI,C3WEI,MYSUP0000001,INV,2026-06-06,2026-06-06,CLEARED,uuid-C3WEI,MYR,12500.00,1000.00,13500.00,SST-S,MYB0000300,Buyer 300,false
1100,C7DEGE,C7DEGE,MYSUP0000001,INV,2026-06-12,2026-06-12,CLEARED,uuid-C7DEGE,MYR,12500.00,1000.00,13500.00,SST-S,,,false
1100,C2CF1,C2CF1,MYSUP0000001,INV,2026-06-21,2026-06-21,CLEARED,uuid-C2CF1,MYR,387.50,31.00,418.50,SST-S,,,false
1100,C2CF2,C2CF2,MYSUP0000001,INV,2026-06-22,2026-06-22,CLEARED,uuid-C2CF2,MYR,400.00,32.00,432.00,SST-S,,,false
1100,C2CF3,C2CF3,MYSUP0000001,INV,2026-06-23,2026-06-23,CLEARED,uuid-C2CF3,MYR,412.50,33.00,445.50,SST-S,,,false
1100,C2CF4,C2CF4,MYSUP0000001,INV,2026-06-24,2026-06-24,CLEARED,uuid-C2CF4,MYR,425.00,34.00,459.00,SST-S,,,false
1100,C2CF5,C2CF5,MYSUP0000001,INV,2026-06-25,2026-06-25,CLEARED,uuid-C2CF5,MYR,437.50,35.00,472.50,SST-S,,,false
1100,C2CF6,C2CF6,MYSUP0000001,INV,2026-06-26,2026-06-26,CLEARED,uuid-C2CF6,MYR,450.00,36.00,486.00,SST-S,,,false
1100,C2CF7,C2CF7,MYSUP0000001,INV,2026-06-27,2026-06-27,CLEARED,uuid-C2CF7,MYR,462.50,37.00,499.50,SST-S,,,false
1100,C2CF8,C2CF8,MYSUP0000001,INV,2026-06-20,2026-06-20,CLEARED,uuid-C2CF8,MYR,475.00,38.00,513.00,SST-S,,,false
1100,C2CF9,C2CF9,MYSUP0000001,INV,2026-06-21,2026-06-21,CLEARED,uuid-C2CF9,MYR,487.50,39.00,526.50,SST-S,,,false
1100,C2CF10,C2CF10,MYSUP0000001,INV,2026-06-22,2026-06-22,CLEARED,uuid-C2CF10,MYR,500.00,40.00,540.00,SST-S,,,false
1100,C2CF11,C2CF11,MYSUP0000001,INV,2026-06-23,2026-06-23,CLEARED,uuid-C2CF11,MYR,512.50,41.00,553.50,SST-S,,,false
1100,C2CF12,C2CF12,MYSUP0000001,INV,2026-06-24,2026-06-24,CLEARED,uuid-C2CF12,MYR,525.00,42.00,567.00,SST-S,,,false
1100,C2CF13,C2CF13,MYSUP0000001,INV,2026-06-25,2026-06-25,CLEARED,uuid-C2CF13,MYR,537.50,43.00,580.50,SST-S,,,false
1100,C2CF14,C2CF14,MYSUP0000001,INV,2026-06-26,2026-06-26,CLEARED,uuid-C2CF14,MYR,550.00,44.00,594.00,SST-S,,,false
1100,C2CF15,C2CF15,MYSUP0000001,INV,2026-06-27,2026-06-27,CLEARED,uuid-C2CF15,MYR,562.50,45.00,607.50,SST-S,,,false
1100,C2CF16,C2CF16,MYSUP0000001,INV,2026-06-20,2026-06-20,CLEARED,uuid-C2CF16,MYR,575.00,46.00,621.00,SST-S,,,false
1100,C2CF17,C2CF17,MYSUP0000001,INV,2026-06-21,2026-06-21,CLEARED,uuid-C2CF17,MYR,587.50,47.00,634.50,SST-S,,,false
1100,C2CF18,C2CF18,MYSUP0000001,INV,2026-06-22,2026-06-22,CLEARED,uuid-C2CF18,MYR,600.00,48.00,648.00,SST-S,,,false
1100,C2CF19,C2CF19,MYSUP0000001,INV,2026-06-23,2026-06-23,CLEARED,uuid-C2CF19,MYR,612.50,49.00,661.50,SST-S,,,false
1100,C2CF20,C2CF20,MYSUP0000001,INV,2026-06-24,2026-06-24,CLEARED,uuid-C2CF20,MYR,625.00,50.00,675.00,SST-S,,,false
1100,C2CF21,C2CF21,MYSUP0000001,INV,2026-06-25,2026-06-25,CLEARED,uuid-C2CF21,MYR,637.50,51.00,688.50,SST-S,,,false
1100,C2CF22,C2CF22,MYSUP0000001,INV,2026-06-26,2026-06-26,CLEARED,uuid-C2CF22,MYR,650.00,52.00,702.00,SST-S,,,false
1100,C2CF23,C2CF23,MYSUP0000001,INV,2026-06-27,2026-06-27,CLEARED,uuid-C2CF23,MYR,662.50,53.00,715.50,SST-S,,,false
1100,C2CF24,C2CF24,MYSUP0000001,INV,2026-06-20,2026-06-20,CLEARED,uuid-C2CF24,MYR,675.00,54.00,729.00,SST-S,,,false
1100,C2CF25,C2CF25,MYSUP0000001,INV,2026-06-21,2026-06-21,CLEARED,uuid-C2CF25,MYR,687.50,55.00,742.50,SST-S,,,false
1100,C2CF26,C2CF26,MYSUP0000001,INV,2026-06-22,2026-06-22,CLEARED,uuid-C2CF26,MYR,700.00,56.00,756.00,SST-S,,,false
1100,C2CF27,C2CF27,MYSUP0000001,INV,2026-06-23,2026-06-23,CLEARED,uuid-C2CF27,MYR,712.50,57.00,769.50,SST-S,,,false
1100,C2CF28,C2CF28,MYSUP0000001,INV,2026-06-24,2026-06-24,CLEARED,uuid-C2CF28,MYR,725.00,58.00,783.00,SST-S,,,false
1100,C2CF29,C2CF29,MYSUP0000001,INV,2026-06-25,2026-06-25,CLEARED,uuid-C2CF29,MYR,737.50,59.00,796.50,SST-S,,,false
1100,C2CF30,C2CF30,MYSUP0000001,INV,2026-06-26,2026-06-26,CLEARED,uuid-C2CF30,MYR,750.00,60.00,810.00,SST-S,,,false
1100,C2CF31,C2CF31,MYSUP0000001,INV,2026-06-27,2026-06-27,CLEARED,uuid-C2CF31,MYR,762.50,61.00,823.50,SST-S,,,false
1100,C2CF32,C2CF32,MYSUP0000001,INV,2026-06-20,2026-06-20,CLEARED,uuid-C2CF32,MYR,775.00,62.00,837.00,SST-S,,,false
1100,C2CF33,C2CF33,MYSUP0000001,INV,2026-06-21,2026-06-21,CLEARED,uuid-C2CF33,MYR,787.50,63.00,850.50,SST-S,,,false
1100,C2CF34,C2CF34,MYSUP0000001,INV,2026-06-22,2026-06-22,CLEARED,uuid-C2CF34,MYR,800.00,64.00,864.00,SST-S,,,false
1100,C2CF35,C2CF35,MYSUP0000001,INV,2026-06-23,2026-06-23,CLEARED,uuid-C2CF35,MYR,812.50,65.00,877.50,SST-S,,,false
1100,C2CF36,C2CF36,MYSUP0000001,INV,2026-06-24,2026-06-24,CLEARED,uuid-C2CF36,MYR,825.00,66.00,891.00,SST-S,,,false
1100,C2CF37,C2CF37,MYSUP0000001,INV,2026-06-25,2026-06-25,CLEARED,uuid-C2CF37,MYR,837.50,67.00,904.50,SST-S,,,false
1100,C2CF38,C2CF38,MYSUP0000001,INV,2026-06-26,2026-06-26,CLEARED,uuid-C2CF38,MYR,850.00,68.00,918.00,SST-S,,,false
1100,C2CF39,C2CF39,MYSUP0000001,INV,2026-06-27,2026-06-27,CLEARED,uuid-C2CF39,MYR,862.50,69.00,931.50,SST-S,,,false
1100,C2CF40,C2CF40,MYSUP0000001,INV,2026-06-20,2026-06-20,CLEARED,uuid-C2CF40,MYR,875.00,70.00,945.00,SST-S,,,false
1100,C2CF41,C2CF41,MYSUP0000001,INV,2026-06-21,2026-06-21,CLEARED,uuid-C2CF41,MYR,887.50,71.00,958.50,SST-S,,,false
1100,C2CF42,C2CF42,MYSUP0000001,INV,2026-06-22,2026-06-22,CLEARED,uuid-C2CF42,MYR,900.00,72.00,972.00,SST-S,,,false
1100,C2CF43,C2CF43,MYSUP0000001,INV,2026-06-23,2026-06-23,CLEARED,uuid-C2CF43,MYR,912.50,73.00,985.50,SST-S,,,false
1100,C2CF44,C2CF44,MYSUP0000001,INV,2026-06-24,2026-06-24,CLEARED,uuid-C2CF44,MYR,925.00,74.00,999.00,SST-S,,,false
1100,C2CF45,C2CF45,MYSUP0000001,INV,2026-06-25,2026-06-25,CLEARED,uuid-C2CF45,MYR,937.50,75.00,1012.50,SST-S,,,false
1100,C2CF46,C2CF46,MYSUP0000001,INV,2026-06-26,2026-06-26,CLEARED,uuid-C2CF46,MYR,950.00,76.00,1026.00,SST-S,,,false
1100,C2CF47,C2CF47,MYSUP0000001,INV,2026-06-27,2026-06-27,CLEARED,uuid-C2CF47,MYR,962.50,77.00,1039.50,SST-S,,,false
1100,C2CF48,C2CF48,MYSUP0000001,INV,2026-06-20,2026-06-20,CLEARED,uuid-C2CF48,MYR,975.00,78.00,1053.00,SST-S,,,false
1100,C2CF49,C2CF49,MYSUP0000001,INV,2026-06-21,2026-06-21,CLEARED,uuid-C2CF49,MYR,987.50,79.00,1066.50,SST-S,,,false
1100,C2CF50,C2CF50,MYSUP0000001,INV,2026-06-22,2026-06-22,CLEARED,uuid-C2CF50,MYR,1000.00,80.00,1080.00,SST-S,,,false
1100,C2CF51,C2CF51,MYSUP0000001,INV,2026-06-23,2026-06-23,CLEARED,uuid-C2CF51,MYR,1012.50,81.00,1093.50,SST-S,,,false
1100,C2CF52,C2CF52,MYSUP0000001,INV,2026-06-24,2026-06-24,CLEARED,uuid-C2CF52,MYR,1025.00,82.00,1107.00,SST-S,,,false
1100,C2CF53,C2CF53,MYSUP0000001,INV,2026-06-25,2026-06-25,CLEARED,uuid-C2CF53,MYR,1037.50,83.00,1120.50,SST-S,,,false
1100,C2CF54,C2CF54,MYSUP0000001,INV,2026-06-26,2026-06-26,CLEARED,uuid-C2CF54,MYR,1050.00,84.00,1134.00,SST-S,,,false
1100,C2CF55,C2CF55,MYSUP0000001,INV,2026-06-27,2026-06-27,CLEARED,uuid-C2CF55,MYR,1062.50,85.00,1147.50,SST-S,,,false
1100,C2CF56,C2CF56,MYSUP0000001,INV,2026-06-20,2026-06-20,CLEARED,uuid-C2CF56,MYR,1075.00,86.00,1161.00,SST-S,,,false
1100,C2CF57,C2CF57,MYSUP0000001,INV,2026-06-21,2026-06-21,CLEARED,uuid-C2CF57,MYR,1087.50,87.00,1174.50,SST-S,,,false
1100,C2CF58,C2CF58,MYSUP0000001,INV,2026-06-22,2026-06-22,CLEARED,uuid-C2CF58,MYR,1100.00,88.00,1188.00,SST-S,,,false
1100,C2CF59,C2CF59,MYSUP0000001,INV,2026-06-23,2026-06-23,CLEARED,uuid-C2CF59,MYR,1112.50,89.00,1201.50,SST-S,,,false
1100,C2CF60,C2CF60,MYSUP0000001,INV,2026-06-24,2026-06-24,CLEARED,uuid-C2CF60,MYR,1125.00,90.00,1215.00,SST-S,,,false
1100,C2CF61,C2CF61,MYSUP0000001,INV,2026-06-25,2026-06-25,CLEARED,uuid-C2CF61,MYR,1137.50,91.00,1228.50,SST-S,,,false
1100,C2CF62,C2CF62,MYSUP0000001,INV,2026-06-26,2026-06-26,CLEARED,uuid-C2CF62,MYR,1150.00,92.00,1242.00,SST-S,,,false
1100,C2CF63,C2CF63,MYSUP0000001,INV,2026-06-27,2026-06-27,CLEARED,uuid-C2CF63,MYR,1162.50,93.00,1255.50,SST-S,,,false
1100,C2CF64,C2CF64,MYSUP0000001,INV,2026-06-20,2026-06-20,CLEARED,uuid-C2CF64,MYR,1175.00,94.00,1269.00,SST-S,,,false
1100,C2CF65,C2CF65,MYSUP0000001,INV,2026-06-21,2026-06-21,CLEARED,uuid-C2CF65,MYR,1187.50,95.00,1282.50,SST-S,,,false
1100,C2CF66,C2CF66,MYSUP0000001,INV,2026-06-22,2026-06-22,CLEARED,uuid-C2CF66,MYR,1200.00,96.00,1296.00,SST-S,,,false
1100,C2CF67,C2CF67,MYSUP0000001,INV,2026-06-23,2026-06-23,CLEARED,uuid-C2CF67,MYR,1212.50,97.00,1309.50,SST-S,,,false
1100,C2CF68,C2CF68,MYSUP0000001,INV,2026-06-24,2026-06-24,CLEARED,uuid-C2CF68,MYR,1225.00,98.00,1323.00,SST-S,,,false
1100,C2CF69,C2CF69,MYSUP0000001,INV,2026-06-25,2026-06-25,CLEARED,uuid-C2CF69,MYR,1237.50,99.00,1336.50,SST-S,,,false
1100,C2CF70,C2CF70,MYSUP0000001,INV,2026-06-26,2026-06-26,CLEARED,uuid-C2CF70,MYR,1250.00,100.00,1350.00,SST-S,,,false
1100,C2CF71,C2CF71,MYSUP0000001,INV,2026-06-27,2026-06-27,CLEARED,uuid-C2CF71,MYR,1262.50,101.00,1363.50,SST-S,,,false
1100,C2CF72,C2CF72,MYSUP0000001,INV,2026-06-20,2026-06-20,CLEARED,uuid-C2CF72,MYR,1275.00,102.00,1377.00,SST-S,,,false
1100,C2CF73,C2CF73,MYSUP0000001,INV,2026-06-21,2026-06-21,CLEARED,uuid-C2CF73,MYR,1287.50,103.00,1390.50,SST-S,,,false
1100,C2CF74,C2CF74,MYSUP0000001,INV,2026-06-22,2026-06-22,CLEARED,uuid-C2CF74,MYR,1300.00,104.00,1404.00,SST-S,,,false
1100,C2CF75,C2CF75,MYSUP0000001,INV,2026-06-23,2026-06-23,CLEARED,uuid-C2CF75,MYR,1312.50,105.00,1417.50,SST-S,,,false
1100,C2CF76,C2CF76,MYSUP0000001,INV,2026-06-24,2026-06-24,CLEARED,uuid-C2CF76,MYR,1325.00,106.00,1431.00,SST-S,,,false
1100,C2CF77,C2CF77,MYSUP0000001,INV,2026-06-25,2026-06-25,CLEARED,uuid-C2CF77,MYR,1337.50,107.00,1444.50,SST-S,,,false
1100,C2CF78,C2CF78,MYSUP0000001,INV,2026-06-26,2026-06-26,CLEARED,uuid-C2CF78,MYR,1350.00,108.00,1458.00,SST-S,,,false
1100,C2CF79,C2CF79,MYSUP0000001,INV,2026-06-27,2026-06-27,CLEARED,uuid-C2CF79,MYR,1362.50,109.00,1471.50,SST-S,,,false
1100,C2CF80,C2CF80,MYSUP0000001,INV,2026-06-20,2026-06-20,CLEARED,uuid-C2CF80,MYR,1375.00,110.00,1485.00,SST-S,,,false
1100,C2CF81,C2CF81,MYSUP0000001,INV,2026-06-21,2026-06-21,CLEARED,uuid-C2CF81,MYR,1387.50,111.00,1498.50,SST-S,,,false
1100,C2CF82,C2CF82,MYSUP0000001,INV,2026-06-22,2026-06-22,CLEARED,uuid-C2CF82,MYR,1400.00,112.00,1512.00,SST-S,,,false
1100,C2CF83,C2CF83,MYSUP0000001,INV,2026-06-23,2026-06-23,CLEARED,uuid-C2CF83,MYR,1412.50,113.00,1525.50,SST-S,,,false
1100,C2CF84,C2CF84,MYSUP0000001,INV,2026-06-24,2026-06-24,CLEARED,uuid-C2CF84,MYR,1425.00,114.00,1539.00,SST-S,,,false
1100,C2CF85,C2CF85,MYSUP0000001,INV,2026-06-25,2026-06-25,CLEARED,uuid-C2CF85,MYR,1437.50,115.00,1552.50,SST-S,,,false
1100,C2CF86,C2CF86,MYSUP0000001,INV,2026-06-26,2026-06-26,CLEARED,uuid-C2CF86,MYR,1450.00,116.00,1566.00,SST-S,,,false
1100,C2CF87,C2CF87,MYSUP0000001,INV,2026-06-27,2026-06-27,CLEARED,uuid-C2CF87,MYR,1462.50,117.00,1579.50,SST-S,,,false
1100,C2CF88,C2CF88,MYSUP0000001,INV,2026-06-20,2026-06-20,CLEARED,uuid-C2CF88,MYR,1475.00,118.00,1593.00,SST-S,,,false
1100,C2CF89,C2CF89,MYSUP0000001,INV,2026-06-21,2026-06-21,CLEARED,uuid-C2CF89,MYR,1487.50,119.00,1606.50,SST-S,,,false
1100,C2CF90,C2CF90,MYSUP0000001,INV,2026-06-22,2026-06-22,CLEARED,uuid-C2CF90,MYR,1500.00,120.00,1620.00,SST-S,,,false
1100,C2CF91,C2CF91,MYSUP0000001,INV,2026-06-23,2026-06-23,CLEARED,uuid-C2CF91,MYR,1512.50,121.00,1633.50,SST-S,,,false
1100,C2CF92,C2CF92,MYSUP0000001,INV,2026-06-24,2026-06-24,CLEARED,uuid-C2CF92,MYR,1525.00,122.00,1647.00,SST-S,,,false
1100,C2CF93,C2CF93,MYSUP0000001,INV,2026-06-25,2026-06-25,CLEARED,uuid-C2CF93,MYR,1537.50,123.00,1660.50,SST-S,,,false
1100,C2CF94,C2CF94,MYSUP0000001,INV,2026-06-26,2026-06-26,CLEARED,uuid-C2CF94,MYR,1550.00,124.00,1674.00,SST-S,,,false
1100,C2CF95,C2CF95,MYSUP0000001,INV,2026-06-27,2026-06-27,CLEARED,uuid-C2CF95,MYR,1562.50,125.00,1687.50,SST-S,,,false
1100,C2CF96,C2CF96,MYSUP0000001,INV,2026-06-20,2026-06-20,CLEARED,uuid-C2CF96,MYR,1575.00,126.00,1701.00,SST-S,,,false
1100,C2CF97,C2CF97,MYSUP0000001,INV,2026-06-21,2026-06-21,CLEARED,uuid-C2CF97,MYR,1587.50,127.00,1714.50,SST-S,,,false
1100,C2CF98,C2CF98,MYSUP0000001,INV,2026-06-22,2026-06-22,CLEARED,uuid-C2CF98,MYR,1600.00,128.00,1728.00,SST-S,,,false
1100,C2CF99,C2CF99,MYSUP0000001,INV,2026-06-23,2026-06-23,CLEARED,uuid-C2CF99,MYR,1612.50,129.00,1741.50,SST-S,,,false
1100,C2CF100,C2CF100,MYSUP0000001,INV,2026-06-24,2026-06-24,CLEARED,uuid-C2CF100,MYR,1625.00,130.00,1755.00,SST-S,,,false
1100,C2CF101,C2CF101,MYSUP0000001,INV,2026-06-25,2026-06-25,CLEARED,uuid-C2CF101,MYR,1637.50,131.00,1768.50,SST-S,,,false
1100,C2CF102,C2CF102,MYSUP0000001,INV,2026-06-26,2026-06-26,CLEARED,uuid-C2CF102,MYR,1650.00,132.00,1782.00,SST-S,,,false
1100,C2CF103,C2CF103,MYSUP0000001,INV,2026-06-27,2026-06-27,CLEARED,uuid-C2CF103,MYR,1662.50,133.00,1795.50,SST-S,,,false
1100,C2CF104,C2CF104,MYSUP0000001,INV,2026-06-20,2026-06-20,CLEARED,uuid-C2CF104,MYR,1675.00,134.00,1809.00,SST-S,,,false
1100,C2CF105,C2CF105,MYSUP0000001,INV,2026-06-21,2026-06-21,CLEARED,uuid-C2CF105,MYR,1687.50,135.00,1822.50,SST-S,,,false
1100,C2CF106,C2CF106,MYSUP0000001,INV,2026-06-22,2026-06-22,CLEARED,uuid-C2CF106,MYR,1700.00,136.00,1836.00,SST-S,,,false
1100,C2CF107,C2CF107,MYSUP0000001,INV,2026-06-23,2026-06-23,CLEARED,uuid-C2CF107,MYR,1712.50,137.00,1849.50,SST-S,,,false
1100,C2CF108,C2CF108,MYSUP0000001,INV,2026-06-24,2026-06-24,CLEARED,uuid-C2CF108,MYR,1725.00,138.00,1863.00,SST-S,,,false
1100,C2CF109,C2CF109,MYSUP0000001,INV,2026-06-25,2026-06-25,CLEARED,uuid-C2CF109,MYR,1737.50,139.00,1876.50,SST-S,,,false
1100,C2CF110,C2CF110,MYSUP0000001,INV,2026-06-26,2026-06-26,CLEARED,uuid-C2CF110,MYR,1750.00,140.00,1890.00,SST-S,,,false
1100,C2CF111,C2CF111,MYSUP0000001,INV,2026-06-27,2026-06-27,CLEARED,uuid-C2CF111,MYR,1762.50,141.00,1903.50,SST-S,,,false
1100,C2CF112,C2CF112,MYSUP0000001,INV,2026-06-20,2026-06-20,CLEARED,uuid-C2CF112,MYR,1775.00,142.00,1917.00,SST-S,,,false
1100,C2CF113,C2CF113,MYSUP0000001,INV,2026-06-21,2026-06-21,CLEARED,uuid-C2CF113,MYR,1787.50,143.00,1930.50,SST-S,,,false
1100,C2CF114,C2CF114,MYSUP0000001,INV,2026-06-22,2026-06-22,CLEARED,uuid-C2CF114,MYR,1800.00,144.00,1944.00,SST-S,,,false
1100,C2CF115,C2CF115,MYSUP0000001,INV,2026-06-23,2026-06-23,CLEARED,uuid-C2CF115,MYR,1812.50,145.00,1957.50,SST-S,,,false
1100,C2CF116,C2CF116,MYSUP0000001,INV,2026-06-24,2026-06-24,CLEARED,uuid-C2CF116,MYR,1825.00,146.00,1971.00,SST-S,,,false
1100,C2CF117,C2CF117,MYSUP0000001,INV,2026-06-25,2026-06-25,CLEARED,uuid-C2CF117,MYR,1837.50,147.00,1984.50,SST-S,,,false
1100,C2CF118,C2CF118,MYSUP0000001,INV,2026-06-26,2026-06-26,CLEARED,uuid-C2CF118,MYR,1850.00,148.00,1998.00,SST-S,,,false
1100,C2CF119,C2CF119,MYSUP0000001,INV,2026-06-27,2026-06-27,CLEARED,uuid-C2CF119,MYR,1862.50,149.00,2011.50,SST-S,,,false
1100,C2CF120,C2CF120,MYSUP0000001,INV,2026-06-20,2026-06-20,CLEARED,uuid-C2CF120,MYR,1875.00,150.00,2025.00,SST-S,,,false
1100,C2CF121,C2CF121,MYSUP0000001,INV,2026-06-21,2026-06-21,CLEARED,uuid-C2CF121,MYR,1887.50,151.00,2038.50,SST-S,,,false
1100,C2CF122,C2CF122,MYSUP0000001,INV,2026-06-22,2026-06-22,CLEARED,uuid-C2CF122,MYR,1900.00,152.00,2052.00,SST-S,,,false
1100,C2CF123,C2CF123,MYSUP0000001,INV,2026-06-23,2026-06-23,CLEARED,uuid-C2CF123,MYR,1912.50,153.00,2065.50,SST-S,,,false
1100,C2CF124,C2CF124,MYSUP0000001,INV,2026-06-24,2026-06-24,CLEARED,uuid-C2CF124,MYR,1925.00,154.00,2079.00,SST-S,,,false
1100,C2CF125,C2CF125,MYSUP0000001,INV,2026-06-25,2026-06-25,CLEARED,uuid-C2CF125,MYR,1937.50,155.00,2092.50,SST-S,,,false
1100,C2CF126,C2CF126,MYSUP0000001,INV,2026-06-26,2026-06-26,CLEARED,uuid-C2CF126,MYR,1950.00,156.00,2106.00,SST-S,,,false
1100,C2CF127,C2CF127,MYSUP0000001,INV,2026-06-27,2026-06-27,CLEARED,uuid-C2CF127,MYR,1962.50,157.00,2119.50,SST-S,,,false
1100,C2CF128,C2CF128,MYSUP0000001,INV,2026-06-20,2026-06-20,CLEARED,uuid-C2CF128,MYR,1975.00,158.00,2133.00,SST-S,,,false
1100,C2CF129,C2CF129,MYSUP0000001,INV,2026-06-21,2026-06-21,CLEARED,uuid-C2CF129,MYR,1987.50,159.00,2146.50,SST-S,,,false
1100,C2CF130,C2CF130,MYSUP0000001,INV,2026-06-22,2026-06-22,CLEARED,uuid-C2CF130,MYR,2000.00,160.00,2160.00,SST-S,,,false
1100,C2CF131,C2CF131,MYSUP0000001,INV,2026-06-23,2026-06-23,CLEARED,uuid-C2CF131,MYR,2012.50,161.00,2173.50,SST-S,,,false
1100,C2CF132,C2CF132,MYSUP0000001,INV,2026-06-24,2026-06-24,CLEARED,uuid-C2CF132,MYR,2025.00,162.00,2187.00,SST-S,,,false
1100,C2CF133,C2CF133,MYSUP0000001,INV,2026-06-25,2026-06-25,CLEARED,uuid-C2CF133,MYR,2037.50,163.00,2200.50,SST-S,,,false
1100,C2CF134,C2CF134,MYSUP0000001,INV,2026-06-26,2026-06-26,CLEARED,uuid-C2CF134,MYR,2050.00,164.00,2214.00,SST-S,,,false
1100,C2CF135,C2CF135,MYSUP0000001,INV,2026-06-27,2026-06-27,CLEARED,uuid-C2CF135,MYR,2062.50,165.00,2227.50,SST-S,,,false
1100,C2CF136,C2CF136,MYSUP0000001,INV,2026-06-20,2026-06-20,CLEARED,uuid-C2CF136,MYR,2075.00,166.00,2241.00,SST-S,,,false
1100,C2CF137,C2CF137,MYSUP0000001,INV,2026-06-21,2026-06-21,CLEARED,uuid-C2CF137,MYR,2087.50,167.00,2254.50,SST-S,,,false
1100,C2CF138,C2CF138,MYSUP0000001,INV,2026-06-22,2026-06-22,CLEARED,uuid-C2CF138,MYR,2100.00,168.00,2268.00,SST-S,,,false
1100,C2CF139,C2CF139,MYSUP0000001,INV,2026-06-23,2026-06-23,CLEARED,uuid-C2CF139,MYR,2112.50,169.00,2281.50,SST-S,,,false
1100,C2CF140,C2CF140,MYSUP0000001,INV,2026-06-24,2026-06-24,CLEARED,uuid-C2CF140,MYR,2125.00,170.00,2295.00,SST-S,,,false
1100,C2CF141,C2CF141,MYSUP0000001,INV,2026-06-25,2026-06-25,CLEARED,uuid-C2CF141,MYR,2137.50,171.00,2308.50,SST-S,,,false
1100,C2CF142,C2CF142,MYSUP0000001,INV,2026-06-26,2026-06-26,CLEARED,uuid-C2CF142,MYR,2150.00,172.00,2322.00,SST-S,,,false
1100,C2CF143,C2CF143,MYSUP0000001,INV,2026-06-27,2026-06-27,CLEARED,uuid-C2CF143,MYR,2162.50,173.00,2335.50,SST-S,,,false
1100,C2CF144,C2CF144,MYSUP0000001,INV,2026-06-20,2026-06-20,CLEARED,uuid-C2CF144,MYR,2175.00,174.00,2349.00,SST-S,,,false
1100,C2CF145,C2CF145,MYSUP0000001,INV,2026-06-21,2026-06-21,CLEARED,uuid-C2CF145,MYR,2187.50,175.00,2362.50,SST-S,,,false
1100,C2CF146,C2CF146,MYSUP0000001,INV,2026-06-22,2026-06-22,CLEARED,uuid-C2CF146,MYR,2200.00,176.00,2376.00,SST-S,,,false
1100,C2CF147,C2CF147,MYSUP0000001,INV,2026-06-23,2026-06-23,CLEARED,uuid-C2CF147,MYR,2212.50,177.00,2389.50,SST-S,,,false
1100,C2CF148,C2CF148,MYSUP0000001,INV,2026-06-24,2026-06-24,CLEARED,uuid-C2CF148,MYR,2225.00,178.00,2403.00,SST-S,,,false
1100,C2CF149,C2CF149,MYSUP0000001,INV,2026-06-25,2026-06-25,CLEARED,uuid-C2CF149,MYR,2237.50,179.00,2416.50,SST-S,,,false
1100,C2CF150,C2CF150,MYSUP0000001,INV,2026-06-26,2026-06-26,CLEARED,uuid-C2CF150,MYR,2250.00,180.00,2430.00,SST-S,,,false
1100,C2CF151,C2CF151,MYSUP0000001,INV,2026-06-27,2026-06-27,CLEARED,uuid-C2CF151,MYR,2262.50,181.00,2443.50,SST-S,,,false
1100,C2CF152,C2CF152,MYSUP0000001,INV,2026-06-20,2026-06-20,CLEARED,uuid-C2CF152,MYR,2275.00,182.00,2457.00,SST-S,,,false
1100,C2CF153,C2CF153,MYSUP0000001,INV,2026-06-21,2026-06-21,CLEARED,uuid-C2CF153,MYR,2287.50,183.00,2470.50,SST-S,,,false
1100,C2CF154,C2CF154,MYSUP0000001,INV,2026-06-22,2026-06-22,CLEARED,uuid-C2CF154,MYR,2300.00,184.00,2484.00,SST-S,,,false
1100,C2CF155,C2CF155,MYSUP0000001,INV,2026-06-23,2026-06-23,CLEARED,uuid-C2CF155,MYR,2312.50,185.00,2497.50,SST-S,,,false
1100,C2CF156,C2CF156,MYSUP0000001,INV,2026-06-24,2026-06-24,CLEARED,uuid-C2CF156,MYR,2325.00,186.00,2511.00,SST-S,,,false
1100,C2CF157,C2CF157,MYSUP0000001,INV,2026-06-25,2026-06-25,CLEARED,uuid-C2CF157,MYR,2337.50,187.00,2524.50,SST-S,,,false
1100,C2CF158,C2CF158,MYSUP0000001,INV,2026-06-26,2026-06-26,CLEARED,uuid-C2CF158,MYR,2350.00,188.00,2538.00,SST-S,,,false
1100,C2CF159,C2CF159,MYSUP0000001,INV,2026-06-27,2026-06-27,CLEARED,uuid-C2CF159,MYR,2362.50,189.00,2551.50,SST-S,,,false
1100,C2CF160,C2CF160,MYSUP0000001,INV,2026-06-20,2026-06-20,CLEARED,uuid-C2CF160,MYR,2375.00,190.00,2565.00,SST-S,,,false
1100,C2CF161,C2CF161,MYSUP0000001,INV,2026-06-21,2026-06-21,CLEARED,uuid-C2CF161,MYR,2387.50,191.00,2578.50,SST-S,,,false
1100,C2CF162,C2CF162,MYSUP0000001,INV,2026-06-22,2026-06-22,CLEARED,uuid-C2CF162,MYR,2400.00,192.00,2592.00,SST-S,,,false
1100,C2CF163,C2CF163,MYSUP0000001,INV,2026-06-23,2026-06-23,CLEARED,uuid-C2CF163,MYR,2412.50,193.00,2605.50,SST-S,,,false
1100,C2CF164,C2CF164,MYSUP0000001,INV,2026-06-24,2026-06-24,CLEARED,uuid-C2CF164,MYR,2425.00,194.00,2619.00,SST-S,,,false
1100,C2CF165,C2CF165,MYSUP0000001,INV,2026-06-25,2026-06-25,CLEARED,uuid-C2CF165,MYR,2437.50,195.00,2632.50,SST-S,,,false
1100,C2CF166,C2CF166,MYSUP0000001,INV,2026-06-26,2026-06-26,CLEARED,uuid-C2CF166,MYR,2450.00,196.00,2646.00,SST-S,,,false
1100,C2CF167,C2CF167,MYSUP0000001,INV,2026-06-27,2026-06-27,CLEARED,uuid-C2CF167,MYR,2462.50,197.00,2659.50,SST-S,,,false
1100,C2CF168,C2CF168,MYSUP0000001,INV,2026-06-20,2026-06-20,CLEARED,uuid-C2CF168,MYR,2475.00,198.00,2673.00,SST-S,,,false
1100,C2CF169,C2CF169,MYSUP0000001,INV,2026-06-21,2026-06-21,CLEARED,uuid-C2CF169,MYR,2487.50,199.00,2686.50,SST-S,,,false
1100,C2CF170,C2CF170,MYSUP0000001,INV,2026-06-22,2026-06-22,CLEARED,uuid-C2CF170,MYR,2500.00,200.00,2700.00,SST-S,,,false
1100,C2CF171,C2CF171,MYSUP0000001,INV,2026-06-23,2026-06-23,CLEARED,uuid-C2CF171,MYR,2512.50,201.00,2713.50,SST-S,,,false
1100,C2CF172,C2CF172,MYSUP0000001,INV,2026-06-24,2026-06-24,CLEARED,uuid-C2CF172,MYR,2525.00,202.00,2727.00,SST-S,,,false
1100,C2CF173,C2CF173,MYSUP0000001,INV,2026-06-25,2026-06-25,CLEARED,uuid-C2CF173,MYR,2537.50,203.00,2740.50,SST-S,,,false
1100,C2CF174,C2CF174,MYSUP0000001,INV,2026-06-26,2026-06-26,CLEARED,uuid-C2CF174,MYR,2550.00,204.00,2754.00,SST-S,,,false
1100,C2CF175,C2CF175,MYSUP0000001,INV,2026-06-27,2026-06-27,CLEARED,uuid-C2CF175,MYR,2562.50,205.00,2767.50,SST-S,,,false
1100,C2CF176,C2CF176,MYSUP0000001,INV,2026-06-20,2026-06-20,CLEARED,uuid-C2CF176,MYR,2575.00,206.00,2781.00,SST-S,,,false
1100,C2CF177,C2CF177,MYSUP0000001,INV,2026-06-21,2026-06-21,CLEARED,uuid-C2CF177,MYR,2587.50,207.00,2794.50,SST-S,,,false
1100,C2CF178,C2CF178,MYSUP0000001,INV,2026-06-22,2026-06-22,CLEARED,uuid-C2CF178,MYR,2600.00,208.00,2808.00,SST-S,,,false
1100,C2CF179,C2CF179,MYSUP0000001,INV,2026-06-23,2026-06-23,CLEARED,uuid-C2CF179,MYR,2612.50,209.00,2821.50,SST-S,,,false
1100,C2CF180,C2CF180,MYSUP0000001,INV,2026-06-24,2026-06-24,CLEARED,uuid-C2CF180,MYR,2625.00,210.00,2835.00,SST-S,,,false
1100,C2CF181,C2CF181,MYSUP0000001,INV,2026-06-25,2026-06-25,CLEARED,uuid-C2CF181,MYR,2637.50,211.00,2848.50,SST-S,,,false
1100,C2CF182,C2CF182,MYSUP0000001,INV,2026-06-26,2026-06-26,CLEARED,uuid-C2CF182,MYR,2650.00,212.00,2862.00,SST-S,,,false
1100,C2CF183,C2CF183,MYSUP0000001,INV,2026-06-27,2026-06-27,CLEARED,uuid-C2CF183,MYR,2662.50,213.00,2875.50,SST-S,,,false
1100,C2CF184,C2CF184,MYSUP0000001,INV,2026-06-20,2026-06-20,CLEARED,uuid-C2CF184,MYR,2675.00,214.00,2889.00,SST-S,,,false
1100,C2CF185,C2CF185,MYSUP0000001,INV,2026-06-21,2026-06-21,CLEARED,uuid-C2CF185,MYR,2687.50,215.00,2902.50,SST-S,,,false
1100,C2CF186,C2CF186,MYSUP0000001,INV,2026-06-22,2026-06-22,CLEARED,uuid-C2CF186,MYR,2700.00,216.00,2916.00,SST-S,,,false
1100,C2CF187,C2CF187,MYSUP0000001,INV,2026-06-23,2026-06-23,CLEARED,uuid-C2CF187,MYR,2712.50,217.00,2929.50,SST-S,,,false
1100,C2CF188,C2CF188,MYSUP0000001,INV,2026-06-24,2026-06-24,CLEARED,uuid-C2CF188,MYR,2725.00,218.00,2943.00,SST-S,,,false
1100,C2CF189,C2CF189,MYSUP0000001,INV,2026-06-25,2026-06-25,CLEARED,uuid-C2CF189,MYR,2737.50,219.00,2956.50,SST-S,,,false
1100,C2CF190,C2CF190,MYSUP0000001,INV,2026-06-26,2026-06-26,CLEARED,uuid-C2CF190,MYR,2750.00,220.00,2970.00,SST-S,,,false
1100,C2CF191,C2CF191,MYSUP0000001,INV,2026-06-27,2026-06-27,CLEARED,uuid-C2CF191,MYR,2762.50,221.00,2983.50,SST-S,,,false
1100,C2CF192,C2CF192,MYSUP0000001,INV,2026-06-20,2026-06-20,CLEARED,uuid-C2CF192,MYR,2775.00,222.00,2997.00,SST-S,,,false
1100,C2CF193,C2CF193,MYSUP0000001,INV,2026-06-21,2026-06-21,CLEARED,uuid-C2CF193,MYR,2787.50,223.00,3010.50,SST-S,,,false
1100,C2CF194,C2CF194,MYSUP0000001,INV,2026-06-22,2026-06-22,CLEARED,uuid-C2CF194,MYR,2800.00,224.00,3024.00,SST-S,,,false
1100,C2CF195,C2CF195,MYSUP0000001,INV,2026-06-23,2026-06-23,CLEARED,uuid-C2CF195,MYR,2812.50,225.00,3037.50,SST-S,,,false
1100,C2CF196,C2CF196,MYSUP0000001,INV,2026-06-24,2026-06-24,CLEARED,uuid-C2CF196,MYR,2825.00,226.00,3051.00,SST-S,,,false
1100,C2CF197,C2CF197,MYSUP0000001,INV,2026-06-25,2026-06-25,CLEARED,uuid-C2CF197,MYR,2837.50,227.00,3064.50,SST-S,,,false
1100,C2CF198,C2CF198,MYSUP0000001,INV,2026-06-26,2026-06-26,CLEARED,uuid-C2CF198,MYR,2850.00,228.00,3078.00,SST-S,,,false
1100,C2CF199,C2CF199,MYSUP0000001,INV,2026-06-27,2026-06-27,CLEARED,uuid-C2CF199,MYR,2862.50,229.00,3091.50,SST-S,,,false
1100,C2CF200,C2CF200,MYSUP0000001,INV,2026-06-20,2026-06-20,CLEARED,uuid-C2CF200,MYR,2875.00,230.00,3105.00,SST-S,,,false
1100,C2CF201,C2CF201,MYSUP0000001,INV,2026-06-21,2026-06-21,CLEARED,uuid-C2CF201,MYR,2887.50,231.00,3118.50,SST-S,,,false
1100,C2CF202,C2CF202,MYSUP0000001,INV,2026-06-22,2026-06-22,CLEARED,uuid-C2CF202,MYR,2900.00,232.00,3132.00,SST-S,,,false
1100,C2CF203,C2CF203,MYSUP0000001,INV,2026-06-23,2026-06-23,CLEARED,uuid-C2CF203,MYR,2912.50,233.00,3145.50,SST-S,,,false
1100,C2CF204,C2CF204,MYSUP0000001,INV,2026-06-24,2026-06-24,CLEARED,uuid-C2CF204,MYR,2925.00,234.00,3159.00,SST-S,,,false
1100,C2CF205,C2CF205,MYSUP0000001,INV,2026-06-25,2026-06-25,CLEARED,uuid-C2CF205,MYR,2937.50,235.00,3172.50,SST-S,,,false
1100,C2CF206,C2CF206,MYSUP0000001,INV,2026-06-26,2026-06-26,CLEARED,uuid-C2CF206,MYR,2950.00,236.00,3186.00,SST-S,,,false
1100,C2CF207,C2CF207,MYSUP0000001,INV,2026-06-27,2026-06-27,CLEARED,uuid-C2CF207,MYR,2962.50,237.00,3199.50,SST-S,,,false
1100,C2CF208,C2CF208,MYSUP0000001,INV,2026-06-20,2026-06-20,CLEARED,uuid-C2CF208,MYR,2975.00,238.00,3213.00,SST-S,,,false
1100,C2CF209,C2CF209,MYSUP0000001,INV,2026-06-21,2026-06-21,CLEARED,uuid-C2CF209,MYR,2987.50,239.00,3226.50,SST-S,,,false
1100,C2CF210,C2CF210,MYSUP0000001,INV,2026-06-22,2026-06-22,CLEARED,uuid-C2CF210,MYR,3000.00,240.00,3240.00,SST-S,,,false
1100,C2CF211,C2CF211,MYSUP0000001,INV,2026-06-23,2026-06-23,CLEARED,uuid-C2CF211,MYR,3012.50,241.00,3253.50,SST-S,,,false
1100,C2CF212,C2CF212,MYSUP0000001,INV,2026-06-24,2026-06-24,CLEARED,uuid-C2CF212,MYR,3025.00,242.00,3267.00,SST-S,,,false
1100,C2CF213,C2CF213,MYSUP0000001,INV,2026-06-25,2026-06-25,CLEARED,uuid-C2CF213,MYR,3037.50,243.00,3280.50,SST-S,,,false
1100,C2CF214,C2CF214,MYSUP0000001,INV,2026-06-26,2026-06-26,CLEARED,uuid-C2CF214,MYR,3050.00,244.00,3294.00,SST-S,,,false
1100,C2CF215,C2CF215,MYSUP0000001,INV,2026-06-27,2026-06-27,CLEARED,uuid-C2CF215,MYR,3062.50,245.00,3307.50,SST-S,,,false
1100,C2CF216,C2CF216,MYSUP0000001,INV,2026-06-20,2026-06-20,CLEARED,uuid-C2CF216,MYR,3075.00,246.00,3321.00,SST-S,,,false
1100,C2CF217,C2CF217,MYSUP0000001,INV,2026-06-21,2026-06-21,CLEARED,uuid-C2CF217,MYR,3087.50,247.00,3334.50,SST-S,,,false
1100,C2CF218,C2CF218,MYSUP0000001,INV,2026-06-22,2026-06-22,CLEARED,uuid-C2CF218,MYR,3100.00,248.00,3348.00,SST-S,,,false
1100,C2CF219,C2CF219,MYSUP0000001,INV,2026-06-23,2026-06-23,CLEARED,uuid-C2CF219,MYR,3112.50,249.00,3361.50,SST-S,,,false
1100,C2CF220,C2CF220,MYSUP0000001,INV,2026-06-24,2026-06-24,CLEARED,uuid-C2CF220,MYR,3125.00,250.00,3375.00,SST-S,,,false
1100,C2CF221,C2CF221,MYSUP0000001,INV,2026-06-25,2026-06-25,CLEARED,uuid-C2CF221,MYR,3137.50,251.00,3388.50,SST-S,,,false
1100,C2CF222,C2CF222,MYSUP0000001,INV,2026-06-26,2026-06-26,CLEARED,uuid-C2CF222,MYR,3150.00,252.00,3402.00,SST-S,,,false
1100,C2CF223,C2CF223,MYSUP0000001,INV,2026-06-27,2026-06-27,CLEARED,uuid-C2CF223,MYR,3162.50,253.00,3415.50,SST-S,,,false
1100,C2CF224,C2CF224,MYSUP0000001,INV,2026-06-20,2026-06-20,CLEARED,uuid-C2CF224,MYR,3175.00,254.00,3429.00,SST-S,,,false
1100,C2CF225,C2CF225,MYSUP0000001,INV,2026-06-21,2026-06-21,CLEARED,uuid-C2CF225,MYR,3187.50,255.00,3442.50,SST-S,,,false
1100,C2CF226,C2CF226,MYSUP0000001,INV,2026-06-22,2026-06-22,CLEARED,uuid-C2CF226,MYR,3200.00,256.00,3456.00,SST-S,,,false
1100,C2CF227,C2CF227,MYSUP0000001,INV,2026-06-23,2026-06-23,CLEARED,uuid-C2CF227,MYR,3212.50,257.00,3469.50,SST-S,,,false
1100,C2CF228,C2CF228,MYSUP0000001,INV,2026-06-24,2026-06-24,CLEARED,uuid-C2CF228,MYR,3225.00,258.00,3483.00,SST-S,,,false
1100,C2CF229,C2CF229,MYSUP0000001,INV,2026-06-25,2026-06-25,CLEARED,uuid-C2CF229,MYR,3237.50,259.00,3496.50,SST-S,,,false
1100,C2CF230,C2CF230,MYSUP0000001,INV,2026-06-26,2026-06-26,CLEARED,uuid-C2CF230,MYR,3250.00,260.00,3510.00,SST-S,,,false
1100,C2CF231,C2CF231,MYSUP0000001,INV,2026-06-27,2026-06-27,CLEARED,uuid-C2CF231,MYR,3262.50,261.00,3523.50,SST-S,,,false
1100,C2CF232,C2CF232,MYSUP0000001,INV,2026-06-20,2026-06-20,CLEARED,uuid-C2CF232,MYR,3275.00,262.00,3537.00,SST-S,,,false
1100,C2CF233,C2CF233,MYSUP0000001,INV,2026-06-21,2026-06-21,CLEARED,uuid-C2CF233,MYR,3287.50,263.00,3550.50,SST-S,,,false
1100,C2CF234,C2CF234,MYSUP0000001,INV,2026-06-22,2026-06-22,CLEARED,uuid-C2CF234,MYR,3300.00,264.00,3564.00,SST-S,,,false
1100,C2CF235,C2CF235,MYSUP0000001,INV,2026-06-23,2026-06-23,CLEARED,uuid-C2CF235,MYR,3312.50,265.00,3577.50,SST-S,,,false
1100,C2CF236,C2CF236,MYSUP0000001,INV,2026-06-24,2026-06-24,CLEARED,uuid-C2CF236,MYR,3325.00,266.00,3591.00,SST-S,,,false
1100,C2CF237,C2CF237,MYSUP0000001,INV,2026-06-25,2026-06-25,CLEARED,uuid-C2CF237,MYR,3337.50,267.00,3604.50,SST-S,,,false
1100,C2CF238,C2CF238,MYSUP0000001,INV,2026-06-26,2026-06-26,CLEARED,uuid-C2CF238,MYR,3350.00,268.00,3618.00,SST-S,,,false
1100,C2CF239,C2CF239,MYSUP0000001,INV,2026-06-27,2026-06-27,CLEARED,uuid-C2CF239,MYR,3362.50,269.00,3631.50,SST-S,,,false
1100,C2CF240,C2CF240,MYSUP0000001,INV,2026-06-20,2026-06-20,CLEARED,uuid-C2CF240,MYR,3375.00,270.00,3645.00,SST-S,,,false
1100,C2CF241,C2CF241,MYSUP0000001,INV,2026-06-21,2026-06-21,CLEARED,uuid-C2CF241,MYR,3387.50,271.00,3658.50,SST-S,,,false
1100,C2CF242,C2CF242,MYSUP0000001,INV,2026-06-22,2026-06-22,CLEARED,uuid-C2CF242,MYR,3400.00,272.00,3672.00,SST-S,,,false
1100,C2CF243,C2CF243,MYSUP0000001,INV,2026-06-23,2026-06-23,CLEARED,uuid-C2CF243,MYR,3412.50,273.00,3685.50,SST-S,,,false
1100,C2CF244,C2CF244,MYSUP0000001,INV,2026-06-24,2026-06-24,CLEARED,uuid-C2CF244,MYR,3425.00,274.00,3699.00,SST-S,,,false
1100,C2CF245,C2CF245,MYSUP0000001,INV,2026-06-25,2026-06-25,CLEARED,uuid-C2CF245,MYR,3437.50,275.00,3712.50,SST-S,,,false
1100,C2CF246,C2CF246,MYSUP0000001,INV,2026-06-26,2026-06-26,CLEARED,uuid-C2CF246,MYR,3450.00,276.00,3726.00,SST-S,,,false
1100,C2CF247,C2CF247,MYSUP0000001,INV,2026-06-27,2026-06-27,CLEARED,uuid-C2CF247,MYR,3462.50,277.00,3739.50,SST-S,,,false
1100,C2CF248,C2CF248,MYSUP0000001,INV,2026-06-20,2026-06-20,CLEARED,uuid-C2CF248,MYR,3475.00,278.00,3753.00,SST-S,,,false
1100,C2CF249,C2CF249,MYSUP0000001,INV,2026-06-21,2026-06-21,CLEARED,uuid-C2CF249,MYR,3487.50,279.00,3766.50,SST-S,,,false
1100,C2CF250,C2CF250,MYSUP0000001,INV,2026-06-22,2026-06-22,CLEARED,uuid-C2CF250,MYR,3500.00,280.00,3780.00,SST-S,,,false
1100,C2CF251,C2CF251,MYSUP0000001,INV,2026-06-23,2026-06-23,CLEARED,uuid-C2CF251,MYR,3512.50,281.00,3793.50,SST-S,,,false
1100,C2CF252,C2CF252,MYSUP0000001,INV,2026-06-24,2026-06-24,CLEARED,uuid-C2CF252,MYR,3525.00,282.00,3807.00,SST-S,,,false
1100,C2CF253,C2CF253,MYSUP0000001,INV,2026-06-25,2026-06-25,CLEARED,uuid-C2CF253,MYR,3537.50,283.00,3820.50,SST-S,,,false
1100,C2CF254,C2CF254,MYSUP0000001,INV,2026-06-26,2026-06-26,CLEARED,uuid-C2CF254,MYR,3550.00,284.00,3834.00,SST-S,,,false
1100,C2CF255,C2CF255,MYSUP0000001,INV,2026-06-27,2026-06-27,CLEARED,uuid-C2CF255,MYR,3562.50,285.00,3847.50,SST-S,,,false
1100,C2CF256,C2CF256,MYSUP0000001,INV,2026-06-20,2026-06-20,CLEARED,uuid-C2CF256,MYR,3575.00,286.00,3861.00,SST-S,,,false
1100,C2CF257,C2CF257,MYSUP0000001,INV,2026-06-21,2026-06-21,CLEARED,uuid-C2CF257,MYR,3587.50,287.00,3874.50,SST-S,,,false
1100,C2CF258,C2CF258,MYSUP0000001,INV,2026-06-22,2026-06-22,CLEARED,uuid-C2CF258,MYR,3600.00,288.00,3888.00,SST-S,,,false
1100,C2CF259,C2CF259,MYSUP0000001,INV,2026-06-23,2026-06-23,CLEARED,uuid-C2CF259,MYR,3612.50,289.00,3901.50,SST-S,,,false
1100,C2CF260,C2CF260,MYSUP0000001,INV,2026-06-24,2026-06-24,CLEARED,uuid-C2CF260,MYR,3625.00,290.00,3915.00,SST-S,,,false
1100,C2CF261,C2CF261,MYSUP0000001,INV,2026-06-25,2026-06-25,CLEARED,uuid-C2CF261,MYR,3637.50,291.00,3928.50,SST-S,,,false
1100,C2CF262,C2CF262,MYSUP0000001,INV,2026-06-26,2026-06-26,CLEARED,uuid-C2CF262,MYR,3650.00,292.00,3942.00,SST-S,,,false
1100,C2CF263,C2CF263,MYSUP0000001,INV,2026-06-27,2026-06-27,CLEARED,uuid-C2CF263,MYR,3662.50,293.00,3955.50,SST-S,,,false
1100,C2CF264,C2CF264,MYSUP0000001,INV,2026-06-20,2026-06-20,CLEARED,uuid-C2CF264,MYR,3675.00,294.00,3969.00,SST-S,,,false
1100,C2CF265,C2CF265,MYSUP0000001,INV,2026-06-21,2026-06-21,CLEARED,uuid-C2CF265,MYR,3687.50,295.00,3982.50,SST-S,,,false
1100,C2CF266,C2CF266,MYSUP0000001,INV,2026-06-22,2026-06-22,CLEARED,uuid-C2CF266,MYR,3700.00,296.00,3996.00,SST-S,,,false
1100,C2CF267,C2CF267,MYSUP0000001,INV,2026-06-23,2026-06-23,CLEARED,uuid-C2CF267,MYR,3712.50,297.00,4009.50,SST-S,,,false
1100,C2CF268,C2CF268,MYSUP0000001,INV,2026-06-24,2026-06-24,CLEARED,uuid-C2CF268,MYR,3725.00,298.00,4023.00,SST-S,,,false
1100,C2CF269,C2CF269,MYSUP0000001,INV,2026-06-25,2026-06-25,CLEARED,uuid-C2CF269,MYR,3737.50,299.00,4036.50,SST-S,,,false
1100,C2CF270,C2CF270,MYSUP0000001,INV,2026-06-26,2026-06-26,CLEARED,uuid-C2CF270,MYR,3750.00,300.00,4050.00,SST-S,,,false
1100,C2CF271,C2CF271,MYSUP0000001,INV,2026-06-27,2026-06-27,CLEARED,uuid-C2CF271,MYR,3762.50,301.00,4063.50,SST-S,,,false
1100,C2CF272,C2CF272,MYSUP0000001,INV,2026-06-20,2026-06-20,CLEARED,uuid-C2CF272,MYR,3775.00,302.00,4077.00,SST-S,,,false
1100,C2CF273,C2CF273,MYSUP0000001,INV,2026-06-21,2026-06-21,CLEARED,uuid-C2CF273,MYR,3787.50,303.00,4090.50,SST-S,,,false
1100,C2CF274,C2CF274,MYSUP0000001,INV,2026-06-22,2026-06-22,CLEARED,uuid-C2CF274,MYR,3800.00,304.00,4104.00,SST-S,,,false
1100,C2CF275,C2CF275,MYSUP0000001,INV,2026-06-23,2026-06-23,CLEARED,uuid-C2CF275,MYR,3812.50,305.00,4117.50,SST-S,,,false
1100,C2CF276,C2CF276,MYSUP0000001,INV,2026-06-24,2026-06-24,CLEARED,uuid-C2CF276,MYR,3825.00,306.00,4131.00,SST-S,,,false
1100,C2CF277,C2CF277,MYSUP0000001,INV,2026-06-25,2026-06-25,CLEARED,uuid-C2CF277,MYR,3837.50,307.00,4144.50,SST-S,,,false
1100,C2CF278,C2CF278,MYSUP0000001,INV,2026-06-26,2026-06-26,CLEARED,uuid-C2CF278,MYR,3850.00,308.00,4158.00,SST-S,,,false
1100,C2CF279,C2CF279,MYSUP0000001,INV,2026-06-27,2026-06-27,CLEARED,uuid-C2CF279,MYR,3862.50,309.00,4171.50,SST-S,,,false
1100,C2CF280,C2CF280,MYSUP0000001,INV,2026-06-20,2026-06-20,CLEARED,uuid-C2CF280,MYR,3875.00,310.00,4185.00,SST-S,,,false
1100,C2CF281,C2CF281,MYSUP0000001,INV,2026-06-21,2026-06-21,CLEARED,uuid-C2CF281,MYR,3887.50,311.00,4198.50,SST-S,,,false
1100,C2CF282,C2CF282,MYSUP0000001,INV,2026-06-22,2026-06-22,CLEARED,uuid-C2CF282,MYR,3900.00,312.00,4212.00,SST-S,,,false
1100,C2CF283,C2CF283,MYSUP0000001,INV,2026-06-23,2026-06-23,CLEARED,uuid-C2CF283,MYR,3912.50,313.00,4225.50,SST-S,,,false
1100,C2CF284,C2CF284,MYSUP0000001,INV,2026-06-24,2026-06-24,CLEARED,uuid-C2CF284,MYR,3925.00,314.00,4239.00,SST-S,,,false
1100,C2CF285,C2CF285,MYSUP0000001,INV,2026-06-25,2026-06-25,CLEARED,uuid-C2CF285,MYR,3937.50,315.00,4252.50,SST-S,,,false
1100,C2CF286,C2CF286,MYSUP0000001,INV,2026-06-26,2026-06-26,CLEARED,uuid-C2CF286,MYR,3950.00,316.00,4266.00,SST-S,,,false
1100,C2CF287,C2CF287,MYSUP0000001,INV,2026-06-27,2026-06-27,CLEARED,uuid-C2CF287,MYR,3962.50,317.00,4279.50,SST-S,,,false
1100,C2CF288,C2CF288,MYSUP0000001,INV,2026-06-20,2026-06-20,CLEARED,uuid-C2CF288,MYR,3975.00,318.00,4293.00,SST-S,,,false
1100,C2CF289,C2CF289,MYSUP0000001,INV,2026-06-21,2026-06-21,CLEARED,uuid-C2CF289,MYR,3987.50,319.00,4306.50,SST-S,,,false
1100,C2CF290,C2CF290,MYSUP0000001,INV,2026-06-22,2026-06-22,CLEARED,uuid-C2CF290,MYR,4000.00,320.00,4320.00,SST-S,,,false
1100,C2CF291,C2CF291,MYSUP0000001,INV,2026-06-23,2026-06-23,CLEARED,uuid-C2CF291,MYR,4012.50,321.00,4333.50,SST-S,,,false
1100,C2CF292,C2CF292,MYSUP0000001,INV,2026-06-24,2026-06-24,CLEARED,uuid-C2CF292,MYR,4025.00,322.00,4347.00,SST-S,,,false
1100,C2CF293,C2CF293,MYSUP0000001,INV,2026-06-25,2026-06-25,CLEARED,uuid-C2CF293,MYR,4037.50,323.00,4360.50,SST-S,,,false
1100,C2CF294,C2CF294,MYSUP0000001,INV,2026-06-26,2026-06-26,CLEARED,uuid-C2CF294,MYR,4050.00,324.00,4374.00,SST-S,,,false
1100,C2CF295,C2CF295,MYSUP0000001,INV,2026-06-27,2026-06-27,CLEARED,uuid-C2CF295,MYR,4062.50,325.00,4387.50,SST-S,,,false
1100,C2CF296,C2CF296,MYSUP0000001,INV,2026-06-20,2026-06-20,CLEARED,uuid-C2CF296,MYR,4075.00,326.00,4401.00,SST-S,,,false
1100,C2CF297,C2CF297,MYSUP0000001,INV,2026-06-21,2026-06-21,CLEARED,uuid-C2CF297,MYR,4087.50,327.00,4414.50,SST-S,,,false
1100,C2CF298,C2CF298,MYSUP0000001,INV,2026-06-22,2026-06-22,CLEARED,uuid-C2CF298,MYR,4100.00,328.00,4428.00,SST-S,,,false
1100,C2CF299,C2CF299,MYSUP0000001,INV,2026-06-23,2026-06-23,CLEARED,uuid-C2CF299,MYR,4112.50,329.00,4441.50,SST-S,,,false
1100,C2CF300,C2CF300,MYSUP0000001,INV,2026-06-24,2026-06-24,CLEARED,uuid-C2CF300,MYR,375.00,30.00,405.00,SST-S,,,false
1100,C2CF301,C2CF301,MYSUP0000001,INV,2026-06-25,2026-06-25,CLEARED,uuid-C2CF301,MYR,387.50,31.00,418.50,SST-S,,,false
1100,C2CF302,C2CF302,MYSUP0000001,INV,2026-06-26,2026-06-26,CLEARED,uuid-C2CF302,MYR,400.00,32.00,432.00,SST-S,,,false
1100,C2CF303,C2CF303,MYSUP0000001,INV,2026-06-27,2026-06-27,CLEARED,uuid-C2CF303,MYR,412.50,33.00,445.50,SST-S,,,false
1100,C2CF304,C2CF304,MYSUP0000001,INV,2026-06-20,2026-06-20,CLEARED,uuid-C2CF304,MYR,425.00,34.00,459.00,SST-S,,,false
1100,C2CF305,C2CF305,MYSUP0000001,INV,2026-06-21,2026-06-21,CLEARED,uuid-C2CF305,MYR,437.50,35.00,472.50,SST-S,,,false
1100,C2CF306,C2CF306,MYSUP0000001,INV,2026-06-22,2026-06-22,CLEARED,uuid-C2CF306,MYR,450.00,36.00,486.00,SST-S,,,false
1100,C2CF307,C2CF307,MYSUP0000001,INV,2026-06-23,2026-06-23,CLEARED,uuid-C2CF307,MYR,462.50,37.00,499.50,SST-S,,,false
1100,C2CF308,C2CF308,MYSUP0000001,INV,2026-06-24,2026-06-24,CLEARED,uuid-C2CF308,MYR,475.00,38.00,513.00,SST-S,,,false
1100,C2CF309,C2CF309,MYSUP0000001,INV,2026-06-25,2026-06-25,CLEARED,uuid-C2CF309,MYR,487.50,39.00,526.50,SST-S,,,false
1100,C2CF310,C2CF310,MYSUP0000001,INV,2026-06-26,2026-06-26,CLEARED,uuid-C2CF310,MYR,500.00,40.00,540.00,SST-S,,,false
1100,C2CF311,C2CF311,MYSUP0000001,INV,2026-06-27,2026-06-27,CLEARED,uuid-C2CF311,MYR,512.50,41.00,553.50,SST-S,,,false
1100,C2CF312,C2CF312,MYSUP0000001,INV,2026-06-20,2026-06-20,CLEARED,uuid-C2CF312,MYR,525.00,42.00,567.00,SST-S,,,false
1100,C2CF313,C2CF313,MYSUP0000001,INV,2026-06-21,2026-06-21,CLEARED,uuid-C2CF313,MYR,537.50,43.00,580.50,SST-S,,,false
1100,C2CF314,C2CF314,MYSUP0000001,INV,2026-06-22,2026-06-22,CLEARED,uuid-C2CF314,MYR,550.00,44.00,594.00,SST-S,,,false
1100,C2CF315,C2CF315,MYSUP0000001,INV,2026-06-23,2026-06-23,CLEARED,uuid-C2CF315,MYR,562.50,45.00,607.50,SST-S,,,false
1100,C2CF316,C2CF316,MYSUP0000001,INV,2026-06-24,2026-06-24,CLEARED,uuid-C2CF316,MYR,575.00,46.00,621.00,SST-S,,,false
1100,C2CF317,C2CF317,MYSUP0000001,INV,2026-06-25,2026-06-25,CLEARED,uuid-C2CF317,MYR,587.50,47.00,634.50,SST-S,,,false
1100,C2CF318,C2CF318,MYSUP0000001,INV,2026-06-26,2026-06-26,CLEARED,uuid-C2CF318,MYR,600.00,48.00,648.00,SST-S,,,false
1100,C2CF319,C2CF319,MYSUP0000001,INV,2026-06-27,2026-06-27,CLEARED,uuid-C2CF319,MYR,612.50,49.00,661.50,SST-S,,,false
1100,C2CF320,C2CF320,MYSUP0000001,INV,2026-06-20,2026-06-20,CLEARED,uuid-C2CF320,MYR,625.00,50.00,675.00,SST-S,,,false
1100,C2CF321,C2CF321,MYSUP0000001,INV,2026-06-21,2026-06-21,CLEARED,uuid-C2CF321,MYR,637.50,51.00,688.50,SST-S,,,false
1100,C2CF322,C2CF322,MYSUP0000001,INV,2026-06-22,2026-06-22,CLEARED,uuid-C2CF322,MYR,650.00,52.00,702.00,SST-S,,,false
1100,C2CF323,C2CF323,MYSUP0000001,INV,2026-06-23,2026-06-23,CLEARED,uuid-C2CF323,MYR,662.50,53.00,715.50,SST-S,,,false
1100,C2CF324,C2CF324,MYSUP0000001,INV,2026-06-24,2026-06-24,CLEARED,uuid-C2CF324,MYR,675.00,54.00,729.00,SST-S,,,false
1100,C2CF325,C2CF325,MYSUP0000001,INV,2026-06-25,2026-06-25,CLEARED,uuid-C2CF325,MYR,687.50,55.00,742.50,SST-S,,,false
1100,C2CF326,C2CF326,MYSUP0000001,INV,2026-06-26,2026-06-26,CLEARED,uuid-C2CF326,MYR,700.00,56.00,756.00,SST-S,,,false
1100,C2CF327,C2CF327,MYSUP0000001,INV,2026-06-27,2026-06-27,CLEARED,uuid-C2CF327,MYR,712.50,57.00,769.50,SST-S,,,false
1100,C2CF328,C2CF328,MYSUP0000001,INV,2026-06-20,2026-06-20,CLEARED,uuid-C2CF328,MYR,725.00,58.00,783.00,SST-S,,,false
1100,C2CF329,C2CF329,MYSUP0000001,INV,2026-06-21,2026-06-21,CLEARED,uuid-C2CF329,MYR,737.50,59.00,796.50,SST-S,,,false
1100,C2CF330,C2CF330,MYSUP0000001,INV,2026-06-22,2026-06-22,CLEARED,uuid-C2CF330,MYR,750.00,60.00,810.00,SST-S,,,false
1100,C2CF331,C2CF331,MYSUP0000001,INV,2026-06-23,2026-06-23,CLEARED,uuid-C2CF331,MYR,762.50,61.00,823.50,SST-S,,,false
1100,C2CF332,C2CF332,MYSUP0000001,INV,2026-06-24,2026-06-24,CLEARED,uuid-C2CF332,MYR,775.00,62.00,837.00,SST-S,,,false
1100,C2CF333,C2CF333,MYSUP0000001,INV,2026-06-25,2026-06-25,CLEARED,uuid-C2CF333,MYR,787.50,63.00,850.50,SST-S,,,false
1100,C2CF334,C2CF334,MYSUP0000001,INV,2026-06-26,2026-06-26,CLEARED,uuid-C2CF334,MYR,800.00,64.00,864.00,SST-S,,,false
1100,C2CF335,C2CF335,MYSUP0000001,INV,2026-06-27,2026-06-27,CLEARED,uuid-C2CF335,MYR,812.50,65.00,877.50,SST-S,,,false
1100,C2CF336,C2CF336,MYSUP0000001,INV,2026-06-20,2026-06-20,CLEARED,uuid-C2CF336,MYR,825.00,66.00,891.00,SST-S,,,false
1100,C2CF337,C2CF337,MYSUP0000001,INV,2026-06-21,2026-06-21,CLEARED,uuid-C2CF337,MYR,837.50,67.00,904.50,SST-S,,,false
1100,C2CF338,C2CF338,MYSUP0000001,INV,2026-06-22,2026-06-22,CLEARED,uuid-C2CF338,MYR,850.00,68.00,918.00,SST-S,,,false
1100,C2CF339,C2CF339,MYSUP0000001,INV,2026-06-23,2026-06-23,CLEARED,uuid-C2CF339,MYR,862.50,69.00,931.50,SST-S,,,false
1100,C2CF340,C2CF340,MYSUP0000001,INV,2026-06-24,2026-06-24,CLEARED,uuid-C2CF340,MYR,875.00,70.00,945.00,SST-S,,,false
1100,C2CF341,C2CF341,MYSUP0000001,INV,2026-06-25,2026-06-25,CLEARED,uuid-C2CF341,MYR,887.50,71.00,958.50,SST-S,,,false
1100,C2CF342,C2CF342,MYSUP0000001,INV,2026-06-26,2026-06-26,CLEARED,uuid-C2CF342,MYR,900.00,72.00,972.00,SST-S,,,false
1100,C2CF343,C2CF343,MYSUP0000001,INV,2026-06-27,2026-06-27,CLEARED,uuid-C2CF343,MYR,912.50,73.00,985.50,SST-S,,,false
1100,C2CF344,C2CF344,MYSUP0000001,INV,2026-06-20,2026-06-20,CLEARED,uuid-C2CF344,MYR,925.00,74.00,999.00,SST-S,,,false
1100,C2CF345,C2CF345,MYSUP0000001,INV,2026-06-21,2026-06-21,CLEARED,uuid-C2CF345,MYR,937.50,75.00,1012.50,SST-S,,,false
1100,C2CF346,C2CF346,MYSUP0000001,INV,2026-06-22,2026-06-22,CLEARED,uuid-C2CF346,MYR,950.00,76.00,1026.00,SST-S,,,false
1100,C2CF347,C2CF347,MYSUP0000001,INV,2026-06-23,2026-06-23,CLEARED,uuid-C2CF347,MYR,962.50,77.00,1039.50,SST-S,,,false
1100,C2CF348,C2CF348,MYSUP0000001,INV,2026-06-24,2026-06-24,CLEARED,uuid-C2CF348,MYR,975.00,78.00,1053.00,SST-S,,,false
1100,C2CF349,C2CF349,MYSUP0000001,INV,2026-06-25,2026-06-25,CLEARED,uuid-C2CF349,MYR,987.50,79.00,1066.50,SST-S,,,false
1100,C2CF350,C2CF350,MYSUP0000001,INV,2026-06-26,2026-06-26,CLEARED,uuid-C2CF350,MYR,1000.00,80.00,1080.00,SST-S,,,false
1100,C2CF351,C2CF351,MYSUP0000001,INV,2026-06-27,2026-06-27,CLEARED,uuid-C2CF351,MYR,1012.50,81.00,1093.50,SST-S,,,false
1100,C2CF352,C2CF352,MYSUP0000001,INV,2026-06-20,2026-06-20,CLEARED,uuid-C2CF352,MYR,1025.00,82.00,1107.00,SST-S,,,false
1100,C2CF353,C2CF353,MYSUP0000001,INV,2026-06-21,2026-06-21,CLEARED,uuid-C2CF353,MYR,1037.50,83.00,1120.50,SST-S,,,false
1100,C2CF354,C2CF354,MYSUP0000001,INV,2026-06-22,2026-06-22,CLEARED,uuid-C2CF354,MYR,1050.00,84.00,1134.00,SST-S,,,false
1100,C2CF355,C2CF355,MYSUP0000001,INV,2026-06-23,2026-06-23,CLEARED,uuid-C2CF355,MYR,1062.50,85.00,1147.50,SST-S,,,false
1100,C2CF356,C2CF356,MYSUP0000001,INV,2026-06-24,2026-06-24,CLEARED,uuid-C2CF356,MYR,1075.00,86.00,1161.00,SST-S,,,false
1100,C2CF357,C2CF357,MYSUP0000001,INV,2026-06-25,2026-06-25,CLEARED,uuid-C2CF357,MYR,1087.50,87.00,1174.50,SST-S,,,false
1100,C2CF358,C2CF358,MYSUP0000001,INV,2026-06-26,2026-06-26,CLEARED,uuid-C2CF358,MYR,1100.00,88.00,1188.00,SST-S,,,false
1100,C2CF359,C2CF359,MYSUP0000001,INV,2026-06-27,2026-06-27,CLEARED,uuid-C2CF359,MYR,1112.50,89.00,1201.50,SST-S,,,false
1100,C2CF360,C2CF360,MYSUP0000001,INV,2026-06-20,2026-06-20,CLEARED,uuid-C2CF360,MYR,1125.00,90.00,1215.00,SST-S,,,false
1100,C2CF361,C2CF361,MYSUP0000001,INV,2026-06-21,2026-06-21,CLEARED,uuid-C2CF361,MYR,1137.50,91.00,1228.50,SST-S,,,false
1100,C2CF362,C2CF362,MYSUP0000001,INV,2026-06-22,2026-06-22,CLEARED,uuid-C2CF362,MYR,1150.00,92.00,1242.00,SST-S,,,false
1100,C2CF363,C2CF363,MYSUP0000001,INV,2026-06-23,2026-06-23,CLEARED,uuid-C2CF363,MYR,1162.50,93.00,1255.50,SST-S,,,false
1100,C2CF364,C2CF364,MYSUP0000001,INV,2026-06-24,2026-06-24,CLEARED,uuid-C2CF364,MYR,1175.00,94.00,1269.00,SST-S,,,false
1100,C2CF365,C2CF365,MYSUP0000001,INV,2026-06-25,2026-06-25,CLEARED,uuid-C2CF365,MYR,1187.50,95.00,1282.50,SST-S,,,false
1100,C2CF366,C2CF366,MYSUP0000001,INV,2026-06-26,2026-06-26,CLEARED,uuid-C2CF366,MYR,1200.00,96.00,1296.00,SST-S,,,false
1100,C2CF367,C2CF367,MYSUP0000001,INV,2026-06-27,2026-06-27,CLEARED,uuid-C2CF367,MYR,1212.50,97.00,1309.50,SST-S,,,false
1100,C2CF368,C2CF368,MYSUP0000001,INV,2026-06-20,2026-06-20,CLEARED,uuid-C2CF368,MYR,1225.00,98.00,1323.00,SST-S,,,false
1100,C2CF369,C2CF369,MYSUP0000001,INV,2026-06-21,2026-06-21,CLEARED,uuid-C2CF369,MYR,1237.50,99.00,1336.50,SST-S,,,false
1100,C2CF370,C2CF370,MYSUP0000001,INV,2026-06-22,2026-06-22,CLEARED,uuid-C2CF370,MYR,1250.00,100.00,1350.00,SST-S,,,false
1100,C2CF371,C2CF371,MYSUP0000001,INV,2026-06-23,2026-06-23,CLEARED,uuid-C2CF371,MYR,1262.50,101.00,1363.50,SST-S,,,false
1100,C2CF372,C2CF372,MYSUP0000001,INV,2026-06-24,2026-06-24,CLEARED,uuid-C2CF372,MYR,1275.00,102.00,1377.00,SST-S,,,false
1100,C2CF373,C2CF373,MYSUP0000001,INV,2026-06-25,2026-06-25,CLEARED,uuid-C2CF373,MYR,1287.50,103.00,1390.50,SST-S,,,false
1100,C2CF374,C2CF374,MYSUP0000001,INV,2026-06-26,2026-06-26,CLEARED,uuid-C2CF374,MYR,1300.00,104.00,1404.00,SST-S,,,false
1100,C2CF375,C2CF375,MYSUP0000001,INV,2026-06-27,2026-06-27,CLEARED,uuid-C2CF375,MYR,1312.50,105.00,1417.50,SST-S,,,false
1100,C2CF376,C2CF376,MYSUP0000001,INV,2026-06-20,2026-06-20,CLEARED,uuid-C2CF376,MYR,1325.00,106.00,1431.00,SST-S,,,false
1100,C2CF377,C2CF377,MYSUP0000001,INV,2026-06-21,2026-06-21,CLEARED,uuid-C2CF377,MYR,1337.50,107.00,1444.50,SST-S,,,false
1100,C2CF378,C2CF378,MYSUP0000001,INV,2026-06-22,2026-06-22,CLEARED,uuid-C2CF378,MYR,1350.00,108.00,1458.00,SST-S,,,false
1100,C2CF379,C2CF379,MYSUP0000001,INV,2026-06-23,2026-06-23,CLEARED,uuid-C2CF379,MYR,1362.50,109.00,1471.50,SST-S,,,false
1100,C2CF380,C2CF380,MYSUP0000001,INV,2026-06-24,2026-06-24,CLEARED,uuid-C2CF380,MYR,1375.00,110.00,1485.00,SST-S,,,false
1100,C2CF381,C2CF381,MYSUP0000001,INV,2026-06-25,2026-06-25,CLEARED,uuid-C2CF381,MYR,1387.50,111.00,1498.50,SST-S,,,false
1100,C2CF382,C2CF382,MYSUP0000001,INV,2026-06-26,2026-06-26,CLEARED,uuid-C2CF382,MYR,1400.00,112.00,1512.00,SST-S,,,false
1100,C2CF383,C2CF383,MYSUP0000001,INV,2026-06-27,2026-06-27,CLEARED,uuid-C2CF383,MYR,1412.50,113.00,1525.50,SST-S,,,false
1100,C2CF384,C2CF384,MYSUP0000001,INV,2026-06-20,2026-06-20,CLEARED,uuid-C2CF384,MYR,1425.00,114.00,1539.00,SST-S,,,false
1100,C2CF385,C2CF385,MYSUP0000001,INV,2026-06-21,2026-06-21,CLEARED,uuid-C2CF385,MYR,1437.50,115.00,1552.50,SST-S,,,false
1100,C2CF386,C2CF386,MYSUP0000001,INV,2026-06-22,2026-06-22,CLEARED,uuid-C2CF386,MYR,1450.00,116.00,1566.00,SST-S,,,false
1100,C2CF387,C2CF387,MYSUP0000001,INV,2026-06-23,2026-06-23,CLEARED,uuid-C2CF387,MYR,1462.50,117.00,1579.50,SST-S,,,false
1100,C2CF388,C2CF388,MYSUP0000001,INV,2026-06-24,2026-06-24,CLEARED,uuid-C2CF388,MYR,1475.00,118.00,1593.00,SST-S,,,false
1100,C2CF389,C2CF389,MYSUP0000001,INV,2026-06-25,2026-06-25,CLEARED,uuid-C2CF389,MYR,1487.50,119.00,1606.50,SST-S,,,false
1100,C2CF390,C2CF390,MYSUP0000001,INV,2026-06-26,2026-06-26,CLEARED,uuid-C2CF390,MYR,1500.00,120.00,1620.00,SST-S,,,false
1100,C2CF391,C2CF391,MYSUP0000001,INV,2026-06-27,2026-06-27,CLEARED,uuid-C2CF391,MYR,1512.50,121.00,1633.50,SST-S,,,false
1100,C2CF392,C2CF392,MYSUP0000001,INV,2026-06-20,2026-06-20,CLEARED,uuid-C2CF392,MYR,1525.00,122.00,1647.00,SST-S,,,false
1100,C2CF393,C2CF393,MYSUP0000001,INV,2026-06-21,2026-06-21,CLEARED,uuid-C2CF393,MYR,1537.50,123.00,1660.50,SST-S,,,false
1100,C2CF394,C2CF394,MYSUP0000001,INV,2026-06-22,2026-06-22,CLEARED,uuid-C2CF394,MYR,1550.00,124.00,1674.00,SST-S,,,false
1100,C2CF395,C2CF395,MYSUP0000001,INV,2026-06-23,2026-06-23,CLEARED,uuid-C2CF395,MYR,1562.50,125.00,1687.50,SST-S,,,false
1100,C2CF396,C2CF396,MYSUP0000001,INV,2026-06-24,2026-06-24,CLEARED,uuid-C2CF396,MYR,1575.00,126.00,1701.00,SST-S,,,false
1100,C2CF397,C2CF397,MYSUP0000001,INV,2026-06-25,2026-06-25,CLEARED,uuid-C2CF397,MYR,1587.50,127.00,1714.50,SST-S,,,false
1100,C2CF398,C2CF398,MYSUP0000001,INV,2026-06-26,2026-06-26,CLEARED,uuid-C2CF398,MYR,1600.00,128.00,1728.00,SST-S,,,false
1100,C2CF399,C2CF399,MYSUP0000001,INV,2026-06-27,2026-06-27,CLEARED,uuid-C2CF399,MYR,1612.50,129.00,1741.50,SST-S,,,false
1100,C2CF400,C2CF400,MYSUP0000001,INV,2026-06-20,2026-06-20,CLEARED,uuid-C2CF400,MYR,1625.00,130.00,1755.00,SST-S,,,false
1100,C2CF401,C2CF401,MYSUP0000001,INV,2026-06-21,2026-06-21,CLEARED,uuid-C2CF401,MYR,1637.50,131.00,1768.50,SST-S,,,false
1100,C2CF402,C2CF402,MYSUP0000001,INV,2026-06-22,2026-06-22,CLEARED,uuid-C2CF402,MYR,1650.00,132.00,1782.00,SST-S,,,false
1100,C2CF403,C2CF403,MYSUP0000001,INV,2026-06-23,2026-06-23,CLEARED,uuid-C2CF403,MYR,1662.50,133.00,1795.50,SST-S,,,false
1100,C2CF404,C2CF404,MYSUP0000001,INV,2026-06-24,2026-06-24,CLEARED,uuid-C2CF404,MYR,1675.00,134.00,1809.00,SST-S,,,false
1100,C2CB1,C2CB1,MYSUP0000001,INV,2026-06-21,2026-06-21,CLEARED,uuid-C2CB1,MYR,637.50,51.00,688.50,SST-S,MYC0000001,Cred 1,false
1100,C2CB2,C2CB2,MYSUP0000001,INV,2026-06-22,2026-06-22,CLEARED,uuid-C2CB2,MYR,650.00,52.00,702.00,SST-S,MYC0000002,Cred 2,false
1100,C2CB3,C2CB3,MYSUP0000001,INV,2026-06-23,2026-06-23,CLEARED,uuid-C2CB3,MYR,662.50,53.00,715.50,SST-S,MYC0000003,Cred 3,false
1100,C2CB4,C2CB4,MYSUP0000001,INV,2026-06-24,2026-06-24,CLEARED,uuid-C2CB4,MYR,675.00,54.00,729.00,SST-S,MYC0000004,Cred 4,false
1100,C2CB5,C2CB5,MYSUP0000001,INV,2026-06-25,2026-06-25,CLEARED,uuid-C2CB5,MYR,687.50,55.00,742.50,SST-S,MYC0000005,Cred 5,false
1100,C2CB6,C2CB6,MYSUP0000001,INV,2026-06-26,2026-06-26,CLEARED,uuid-C2CB6,MYR,700.00,56.00,756.00,SST-S,MYC0000006,Cred 6,false
1100,C2CB7,C2CB7,MYSUP0000001,INV,2026-06-27,2026-06-27,CLEARED,uuid-C2CB7,MYR,712.50,57.00,769.50,SST-S,MYC0000007,Cred 7,false
1100,C2CB8,C2CB8,MYSUP0000001,INV,2026-06-20,2026-06-20,CLEARED,uuid-C2CB8,MYR,725.00,58.00,783.00,SST-S,MYC0000008,Cred 8,false
1100,C2CB9,C2CB9,MYSUP0000001,INV,2026-06-21,2026-06-21,CLEARED,uuid-C2CB9,MYR,737.50,59.00,796.50,SST-S,MYC0000009,Cred 9,false
1100,C2CB10,C2CB10,MYSUP0000001,INV,2026-06-22,2026-06-22,CLEARED,uuid-C2CB10,MYR,750.00,60.00,810.00,SST-S,MYC0000010,Cred 10,false
1100,C2CB11,C2CB11,MYSUP0000001,INV,2026-06-23,2026-06-23,CLEARED,uuid-C2CB11,MYR,762.50,61.00,823.50,SST-S,MYC0000011,Cred 11,false
1100,C2CB12,C2CB12,MYSUP0000001,INV,2026-06-24,2026-06-24,CLEARED,uuid-C2CB12,MYR,775.00,62.00,837.00,SST-S,MYC0000012,Cred 12,false
1100,C2CB13,C2CB13,MYSUP0000001,INV,2026-06-25,2026-06-25,CLEARED,uuid-C2CB13,MYR,787.50,63.00,850.50,SST-S,MYC0000013,Cred 13,false
1100,C2CB14,C2CB14,MYSUP0000001,INV,2026-06-26,2026-06-26,CLEARED,uuid-C2CB14,MYR,800.00,64.00,864.00,SST-S,MYC0000014,Cred 14,false
1100,C2CB15,C2CB15,MYSUP0000001,INV,2026-06-27,2026-06-27,CLEARED,uuid-C2CB15,MYR,812.50,65.00,877.50,SST-S,MYC0000015,Cred 15,false
1100,C2CB16,C2CB16,MYSUP0000001,INV,2026-06-20,2026-06-20,CLEARED,uuid-C2CB16,MYR,825.00,66.00,891.00,SST-S,MYC0000016,Cred 16,false
1100,C2CB17,C2CB17,MYSUP0000001,INV,2026-06-21,2026-06-21,CLEARED,uuid-C2CB17,MYR,837.50,67.00,904.50,SST-S,MYC0000017,Cred 17,false
1100,C2CB18,C2CB18,MYSUP0000001,INV,2026-06-22,2026-06-22,CLEARED,uuid-C2CB18,MYR,850.00,68.00,918.00,SST-S,MYC0000018,Cred 18,false
1100,C2CB19,C2CB19,MYSUP0000001,INV,2026-06-23,2026-06-23,CLEARED,uuid-C2CB19,MYR,862.50,69.00,931.50,SST-S,MYC0000019,Cred 19,false
1100,C2CB20,C2CB20,MYSUP0000001,INV,2026-06-24,2026-06-24,CLEARED,uuid-C2CB20,MYR,875.00,70.00,945.00,SST-S,MYC0000020,Cred 20,false
1100,C2CB21,C2CB21,MYSUP0000001,INV,2026-06-25,2026-06-25,CLEARED,uuid-C2CB21,MYR,887.50,71.00,958.50,SST-S,MYC0000021,Cred 21,false
1100,C2CB22,C2CB22,MYSUP0000001,INV,2026-06-26,2026-06-26,CLEARED,uuid-C2CB22,MYR,900.00,72.00,972.00,SST-S,MYC0000022,Cred 22,false
1100,C2CB23,C2CB23,MYSUP0000001,INV,2026-06-27,2026-06-27,CLEARED,uuid-C2CB23,MYR,912.50,73.00,985.50,SST-S,MYC0000023,Cred 23,false
1100,C2CB24,C2CB24,MYSUP0000001,INV,2026-06-20,2026-06-20,CLEARED,uuid-C2CB24,MYR,925.00,74.00,999.00,SST-S,MYC0000024,Cred 24,false
1100,C2CB25,C2CB25,MYSUP0000001,INV,2026-06-21,2026-06-21,CLEARED,uuid-C2CB25,MYR,937.50,75.00,1012.50,SST-S,MYC0000025,Cred 25,false
1100,C2CB26,C2CB26,MYSUP0000001,INV,2026-06-22,2026-06-22,CLEARED,uuid-C2CB26,MYR,950.00,76.00,1026.00,SST-S,MYC0000026,Cred 26,false
1100,C2CB27,C2CB27,MYSUP0000001,INV,2026-06-23,2026-06-23,CLEARED,uuid-C2CB27,MYR,962.50,77.00,1039.50,SST-S,MYC0000027,Cred 27,false
1100,C2CB28,C2CB28,MYSUP0000001,INV,2026-06-24,2026-06-24,CLEARED,uuid-C2CB28,MYR,975.00,78.00,1053.00,SST-S,MYC0000028,Cred 28,false
1100,C2CB29,C2CB29,MYSUP0000001,INV,2026-06-25,2026-06-25,CLEARED,uuid-C2CB29,MYR,987.50,79.00,1066.50,SST-S,MYC0000029,Cred 29,false
1100,C2CB30,C2CB30,MYSUP0000001,INV,2026-06-26,2026-06-26,CLEARED,uuid-C2CB30,MYR,1000.00,80.00,1080.00,SST-S,MYC0000030,Cred 30,false
1100,C2CB31,C2CB31,MYSUP0000001,INV,2026-06-27,2026-06-27,CLEARED,uuid-C2CB31,MYR,1012.50,81.00,1093.50,SST-S,MYC0000031,Cred 31,false
1100,C2CB32,C2CB32,MYSUP0000001,INV,2026-06-20,2026-06-20,CLEARED,uuid-C2CB32,MYR,1025.00,82.00,1107.00,SST-S,MYC0000032,Cred 32,false
1100,C2CB33,C2CB33,MYSUP0000001,INV,2026-06-21,2026-06-21,CLEARED,uuid-C2CB33,MYR,1037.50,83.00,1120.50,SST-S,MYC0000033,Cred 33,false
1100,C2CB34,C2CB34,MYSUP0000001,INV,2026-06-22,2026-06-22,CLEARED,uuid-C2CB34,MYR,1050.00,84.00,1134.00,SST-S,MYC0000034,Cred 34,false
1100,C2CB35,C2CB35,MYSUP0000001,INV,2026-06-23,2026-06-23,CLEARED,uuid-C2CB35,MYR,1062.50,85.00,1147.50,SST-S,MYC0000035,Cred 35,false
1100,C2CB36,C2CB36,MYSUP0000001,INV,2026-06-24,2026-06-24,CLEARED,uuid-C2CB36,MYR,1075.00,86.00,1161.00,SST-S,MYC0000036,Cred 36,false
1100,C2CB37,C2CB37,MYSUP0000001,INV,2026-06-25,2026-06-25,CLEARED,uuid-C2CB37,MYR,1087.50,87.00,1174.50,SST-S,MYC0000037,Cred 37,false
1100,C2CB38,C2CB38,MYSUP0000001,INV,2026-06-26,2026-06-26,CLEARED,uuid-C2CB38,MYR,1100.00,88.00,1188.00,SST-S,MYC0000038,Cred 38,false
1100,C2CB39,C2CB39,MYSUP0000001,INV,2026-06-27,2026-06-27,CLEARED,uuid-C2CB39,MYR,1112.50,89.00,1201.50,SST-S,MYC0000039,Cred 39,false
1100,C2CB40,C2CB40,MYSUP0000001,INV,2026-06-20,2026-06-20,CLEARED,uuid-C2CB40,MYR,1125.00,90.00,1215.00,SST-S,MYC0000040,Cred 40,false
1100,C2CB41,C2CB41,MYSUP0000001,INV,2026-06-21,2026-06-21,CLEARED,uuid-C2CB41,MYR,1137.50,91.00,1228.50,SST-S,MYC0000041,Cred 41,false
1100,C2CB42,C2CB42,MYSUP0000001,INV,2026-06-22,2026-06-22,CLEARED,uuid-C2CB42,MYR,1150.00,92.00,1242.00,SST-S,MYC0000042,Cred 42,false
1100,C2CB43,C2CB43,MYSUP0000001,INV,2026-06-23,2026-06-23,CLEARED,uuid-C2CB43,MYR,1162.50,93.00,1255.50,SST-S,MYC0000043,Cred 43,false
1100,C2CB44,C2CB44,MYSUP0000001,INV,2026-06-24,2026-06-24,CLEARED,uuid-C2CB44,MYR,1175.00,94.00,1269.00,SST-S,MYC0000044,Cred 44,false
1100,C2CB45,C2CB45,MYSUP0000001,INV,2026-06-25,2026-06-25,CLEARED,uuid-C2CB45,MYR,1187.50,95.00,1282.50,SST-S,MYC0000045,Cred 45,false
1100,C2CB46,C2CB46,MYSUP0000001,INV,2026-06-26,2026-06-26,CLEARED,uuid-C2CB46,MYR,1200.00,96.00,1296.00,SST-S,MYC0000046,Cred 46,false
1100,C2CB47,C2CB47,MYSUP0000001,INV,2026-06-27,2026-06-27,CLEARED,uuid-C2CB47,MYR,1212.50,97.00,1309.50,SST-S,MYC0000047,Cred 47,false
1100,C2CB48,C2CB48,MYSUP0000001,INV,2026-06-20,2026-06-20,CLEARED,uuid-C2CB48,MYR,1225.00,98.00,1323.00,SST-S,MYC0000048,Cred 48,false
1100,C2CB49,C2CB49,MYSUP0000001,INV,2026-06-21,2026-06-21,CLEARED,uuid-C2CB49,MYR,1237.50,99.00,1336.50,SST-S,MYC0000049,Cred 49,false
1100,C2CB50,C2CB50,MYSUP0000001,INV,2026-06-22,2026-06-22,CLEARED,uuid-C2CB50,MYR,1250.00,100.00,1350.00,SST-S,MYC0000050,Cred 50,false
1100,C2CB51,C2CB51,MYSUP0000001,INV,2026-06-23,2026-06-23,CLEARED,uuid-C2CB51,MYR,1262.50,101.00,1363.50,SST-S,MYC0000051,Cred 51,false
1100,C2CB52,C2CB52,MYSUP0000001,INV,2026-06-24,2026-06-24,CLEARED,uuid-C2CB52,MYR,1275.00,102.00,1377.00,SST-S,MYC0000052,Cred 52,false
1100,C2CB53,C2CB53,MYSUP0000001,INV,2026-06-25,2026-06-25,CLEARED,uuid-C2CB53,MYR,1287.50,103.00,1390.50,SST-S,MYC0000053,Cred 53,false
1100,C2CB54,C2CB54,MYSUP0000001,INV,2026-06-26,2026-06-26,CLEARED,uuid-C2CB54,MYR,1300.00,104.00,1404.00,SST-S,MYC0000054,Cred 54,false
1100,C2CB55,C2CB55,MYSUP0000001,INV,2026-06-27,2026-06-27,CLEARED,uuid-C2CB55,MYR,1312.50,105.00,1417.50,SST-S,MYC0000055,Cred 55,false
1100,C2CB56,C2CB56,MYSUP0000001,INV,2026-06-20,2026-06-20,CLEARED,uuid-C2CB56,MYR,1325.00,106.00,1431.00,SST-S,MYC0000056,Cred 56,false
1100,C2CB57,C2CB57,MYSUP0000001,INV,2026-06-21,2026-06-21,CLEARED,uuid-C2CB57,MYR,1337.50,107.00,1444.50,SST-S,MYC0000057,Cred 57,false
1100,C2CB58,C2CB58,MYSUP0000001,INV,2026-06-22,2026-06-22,CLEARED,uuid-C2CB58,MYR,1350.00,108.00,1458.00,SST-S,MYC0000058,Cred 58,false
1100,C2CB59,C2CB59,MYSUP0000001,INV,2026-06-23,2026-06-23,CLEARED,uuid-C2CB59,MYR,1362.50,109.00,1471.50,SST-S,MYC0000059,Cred 59,false
1100,C2CB60,C2CB60,MYSUP0000001,INV,2026-06-24,2026-06-24,CLEARED,uuid-C2CB60,MYR,1375.00,110.00,1485.00,SST-S,MYC0000060,Cred 60,false
1100,C2CB61,C2CB61,MYSUP0000001,INV,2026-06-25,2026-06-25,CLEARED,uuid-C2CB61,MYR,1387.50,111.00,1498.50,SST-S,MYC0000061,Cred 61,false
1100,C2CB62,C2CB62,MYSUP0000001,INV,2026-06-26,2026-06-26,CLEARED,uuid-C2CB62,MYR,1400.00,112.00,1512.00,SST-S,MYC0000062,Cred 62,false
1100,C2CB63,C2CB63,MYSUP0000001,INV,2026-06-27,2026-06-27,CLEARED,uuid-C2CB63,MYR,1412.50,113.00,1525.50,SST-S,MYC0000063,Cred 63,false
1100,C2CB64,C2CB64,MYSUP0000001,INV,2026-06-20,2026-06-20,CLEARED,uuid-C2CB64,MYR,1425.00,114.00,1539.00,SST-S,MYC0000064,Cred 64,false
1100,C2CB65,C2CB65,MYSUP0000001,INV,2026-06-21,2026-06-21,CLEARED,uuid-C2CB65,MYR,1437.50,115.00,1552.50,SST-S,MYC0000065,Cred 65,false
1100,C2CB66,C2CB66,MYSUP0000001,INV,2026-06-22,2026-06-22,CLEARED,uuid-C2CB66,MYR,1450.00,116.00,1566.00,SST-S,MYC0000066,Cred 66,false
1100,C2CB67,C2CB67,MYSUP0000001,INV,2026-06-23,2026-06-23,CLEARED,uuid-C2CB67,MYR,1462.50,117.00,1579.50,SST-S,MYC0000067,Cred 67,false
1100,C2CB68,C2CB68,MYSUP0000001,INV,2026-06-24,2026-06-24,CLEARED,uuid-C2CB68,MYR,1475.00,118.00,1593.00,SST-S,MYC0000068,Cred 68,false
1100,C2CB69,C2CB69,MYSUP0000001,INV,2026-06-25,2026-06-25,CLEARED,uuid-C2CB69,MYR,1487.50,119.00,1606.50,SST-S,MYC0000069,Cred 69,false
1100,C2CB70,C2CB70,MYSUP0000001,INV,2026-06-26,2026-06-26,CLEARED,uuid-C2CB70,MYR,1500.00,120.00,1620.00,SST-S,MYC0000070,Cred 70,false
1100,C2CB71,C2CB71,MYSUP0000001,INV,2026-06-27,2026-06-27,CLEARED,uuid-C2CB71,MYR,1512.50,121.00,1633.50,SST-S,MYC0000071,Cred 71,false
1100,C2CB72,C2CB72,MYSUP0000001,INV,2026-06-20,2026-06-20,CLEARED,uuid-C2CB72,MYR,1525.00,122.00,1647.00,SST-S,MYC0000072,Cred 72,false
1100,C2CB73,C2CB73,MYSUP0000001,INV,2026-06-21,2026-06-21,CLEARED,uuid-C2CB73,MYR,1537.50,123.00,1660.50,SST-S,MYC0000073,Cred 73,false
1100,C2CB74,C2CB74,MYSUP0000001,INV,2026-06-22,2026-06-22,CLEARED,uuid-C2CB74,MYR,1550.00,124.00,1674.00,SST-S,MYC0000074,Cred 74,false
1100,C2CB75,C2CB75,MYSUP0000001,INV,2026-06-23,2026-06-23,CLEARED,uuid-C2CB75,MYR,1562.50,125.00,1687.50,SST-S,MYC0000075,Cred 75,false
1100,C2CB76,C2CB76,MYSUP0000001,INV,2026-06-24,2026-06-24,CLEARED,uuid-C2CB76,MYR,1575.00,126.00,1701.00,SST-S,MYC0000076,Cred 76,false
1100,C2CB77,C2CB77,MYSUP0000001,INV,2026-06-25,2026-06-25,CLEARED,uuid-C2CB77,MYR,1587.50,127.00,1714.50,SST-S,MYC0000077,Cred 77,false
1100,C2CB78,C2CB78,MYSUP0000001,INV,2026-06-26,2026-06-26,CLEARED,uuid-C2CB78,MYR,1600.00,128.00,1728.00,SST-S,MYC0000078,Cred 78,false
1100,C2CB79,C2CB79,MYSUP0000001,INV,2026-06-27,2026-06-27,CLEARED,uuid-C2CB79,MYR,1612.50,129.00,1741.50,SST-S,MYC0000079,Cred 79,false
1100,C2CB80,C2CB80,MYSUP0000001,INV,2026-06-20,2026-06-20,CLEARED,uuid-C2CB80,MYR,1625.00,130.00,1755.00,SST-S,MYC0000080,Cred 80,false
1100,C2CB81,C2CB81,MYSUP0000001,INV,2026-06-21,2026-06-21,CLEARED,uuid-C2CB81,MYR,1637.50,131.00,1768.50,SST-S,MYC0000081,Cred 81,false
1100,C2CB82,C2CB82,MYSUP0000001,INV,2026-06-22,2026-06-22,CLEARED,uuid-C2CB82,MYR,1650.00,132.00,1782.00,SST-S,MYC0000082,Cred 82,false
1100,C2CB83,C2CB83,MYSUP0000001,INV,2026-06-23,2026-06-23,CLEARED,uuid-C2CB83,MYR,1662.50,133.00,1795.50,SST-S,MYC0000083,Cred 83,false
1100,C2CB84,C2CB84,MYSUP0000001,INV,2026-06-24,2026-06-24,CLEARED,uuid-C2CB84,MYR,1675.00,134.00,1809.00,SST-S,MYC0000084,Cred 84,false
1100,C2CB85,C2CB85,MYSUP0000001,INV,2026-06-25,2026-06-25,CLEARED,uuid-C2CB85,MYR,1687.50,135.00,1822.50,SST-S,MYC0000085,Cred 85,false
1100,C2CB86,C2CB86,MYSUP0000001,INV,2026-06-26,2026-06-26,CLEARED,uuid-C2CB86,MYR,1700.00,136.00,1836.00,SST-S,MYC0000086,Cred 86,false
1100,C2CB87,C2CB87,MYSUP0000001,INV,2026-06-27,2026-06-27,CLEARED,uuid-C2CB87,MYR,1712.50,137.00,1849.50,SST-S,MYC0000087,Cred 87,false
1100,C2CB88,C2CB88,MYSUP0000001,INV,2026-06-20,2026-06-20,CLEARED,uuid-C2CB88,MYR,1725.00,138.00,1863.00,SST-S,MYC0000088,Cred 88,false
1100,C2CB89,C2CB89,MYSUP0000001,INV,2026-06-21,2026-06-21,CLEARED,uuid-C2CB89,MYR,1737.50,139.00,1876.50,SST-S,MYC0000089,Cred 89,false
1100,C2CB90,C2CB90,MYSUP0000001,INV,2026-06-22,2026-06-22,CLEARED,uuid-C2CB90,MYR,1750.00,140.00,1890.00,SST-S,MYC0000090,Cred 90,false
1100,C2CB91,C2CB91,MYSUP0000001,INV,2026-06-23,2026-06-23,CLEARED,uuid-C2CB91,MYR,1762.50,141.00,1903.50,SST-S,MYC0000091,Cred 91,false
1100,C2CB92,C2CB92,MYSUP0000001,INV,2026-06-24,2026-06-24,CLEARED,uuid-C2CB92,MYR,1775.00,142.00,1917.00,SST-S,MYC0000092,Cred 92,false
1100,C2CB93,C2CB93,MYSUP0000001,INV,2026-06-25,2026-06-25,CLEARED,uuid-C2CB93,MYR,1787.50,143.00,1930.50,SST-S,MYC0000093,Cred 93,false
1100,C2CB94,C2CB94,MYSUP0000001,INV,2026-06-26,2026-06-26,CLEARED,uuid-C2CB94,MYR,1800.00,144.00,1944.00,SST-S,MYC0000094,Cred 94,false
1100,C2CB95,C2CB95,MYSUP0000001,INV,2026-06-27,2026-06-27,CLEARED,uuid-C2CB95,MYR,1812.50,145.00,1957.50,SST-S,MYC0000095,Cred 95,false
1100,C2CB96,C2CB96,MYSUP0000001,INV,2026-06-20,2026-06-20,CLEARED,uuid-C2CB96,MYR,1825.00,146.00,1971.00,SST-S,MYC0000096,Cred 96,false
1100,C2CB97,C2CB97,MYSUP0000001,INV,2026-06-21,2026-06-21,CLEARED,uuid-C2CB97,MYR,1837.50,147.00,1984.50,SST-S,MYC0000097,Cred 97,false
1100,C2CB98,C2CB98,MYSUP0000001,INV,2026-06-22,2026-06-22,CLEARED,uuid-C2CB98,MYR,1850.00,148.00,1998.00,SST-S,MYC0000098,Cred 98,false
1100,C2CB99,C2CB99,MYSUP0000001,INV,2026-06-23,2026-06-23,CLEARED,uuid-C2CB99,MYR,1862.50,149.00,2011.50,SST-S,MYC0000099,Cred 99,false
1100,C2CB100,C2CB100,MYSUP0000001,INV,2026-06-24,2026-06-24,CLEARED,uuid-C2CB100,MYR,1875.00,150.00,2025.00,SST-S,MYC0000100,Cred 100,false
1100,C2CB101,C2CB101,MYSUP0000001,INV,2026-06-25,2026-06-25,CLEARED,uuid-C2CB101,MYR,1887.50,151.00,2038.50,SST-S,MYC0000101,Cred 101,false
1100,C2CB102,C2CB102,MYSUP0000001,INV,2026-06-26,2026-06-26,CLEARED,uuid-C2CB102,MYR,1900.00,152.00,2052.00,SST-S,MYC0000102,Cred 102,false
1100,C2CB103,C2CB103,MYSUP0000001,INV,2026-06-27,2026-06-27,CLEARED,uuid-C2CB103,MYR,1912.50,153.00,2065.50,SST-S,MYC0000103,Cred 103,false
1100,C2CB104,C2CB104,MYSUP0000001,INV,2026-06-20,2026-06-20,CLEARED,uuid-C2CB104,MYR,1925.00,154.00,2079.00,SST-S,MYC0000104,Cred 104,false
1100,C2CB105,C2CB105,MYSUP0000001,INV,2026-06-21,2026-06-21,CLEARED,uuid-C2CB105,MYR,1937.50,155.00,2092.50,SST-S,MYC0000105,Cred 105,false
1100,C2CB106,C2CB106,MYSUP0000001,INV,2026-06-22,2026-06-22,CLEARED,uuid-C2CB106,MYR,1950.00,156.00,2106.00,SST-S,MYC0000106,Cred 106,false
1100,C2CB107,C2CB107,MYSUP0000001,INV,2026-06-23,2026-06-23,CLEARED,uuid-C2CB107,MYR,1962.50,157.00,2119.50,SST-S,MYC0000107,Cred 107,false
1100,C2CB108,C2CB108,MYSUP0000001,INV,2026-06-24,2026-06-24,CLEARED,uuid-C2CB108,MYR,1975.00,158.00,2133.00,SST-S,MYC0000108,Cred 108,false
1100,C2CB109,C2CB109,MYSUP0000001,INV,2026-06-25,2026-06-25,CLEARED,uuid-C2CB109,MYR,1987.50,159.00,2146.50,SST-S,MYC0000109,Cred 109,false
1100,C2CB110,C2CB110,MYSUP0000001,INV,2026-06-26,2026-06-26,CLEARED,uuid-C2CB110,MYR,2000.00,160.00,2160.00,SST-S,MYC0000110,Cred 110,false
1100,C2CB111,C2CB111,MYSUP0000001,INV,2026-06-27,2026-06-27,CLEARED,uuid-C2CB111,MYR,2012.50,161.00,2173.50,SST-S,MYC0000111,Cred 111,false
1100,C2CB112,C2CB112,MYSUP0000001,INV,2026-06-20,2026-06-20,CLEARED,uuid-C2CB112,MYR,2025.00,162.00,2187.00,SST-S,MYC0000112,Cred 112,false
1100,C2CB113,C2CB113,MYSUP0000001,INV,2026-06-21,2026-06-21,CLEARED,uuid-C2CB113,MYR,2037.50,163.00,2200.50,SST-S,MYC0000113,Cred 113,false
1100,C2CB114,C2CB114,MYSUP0000001,INV,2026-06-22,2026-06-22,CLEARED,uuid-C2CB114,MYR,2050.00,164.00,2214.00,SST-S,MYC0000114,Cred 114,false
1100,C2CB115,C2CB115,MYSUP0000001,INV,2026-06-23,2026-06-23,CLEARED,uuid-C2CB115,MYR,2062.50,165.00,2227.50,SST-S,MYC0000115,Cred 115,false
1100,C2CB116,C2CB116,MYSUP0000001,INV,2026-06-24,2026-06-24,CLEARED,uuid-C2CB116,MYR,2075.00,166.00,2241.00,SST-S,MYC0000116,Cred 116,false
1100,C2CB117,C2CB117,MYSUP0000001,INV,2026-06-25,2026-06-25,CLEARED,uuid-C2CB117,MYR,2087.50,167.00,2254.50,SST-S,MYC0000117,Cred 117,false
1100,C2CB118,C2CB118,MYSUP0000001,INV,2026-06-26,2026-06-26,CLEARED,uuid-C2CB118,MYR,2100.00,168.00,2268.00,SST-S,MYC0000118,Cred 118,false
1100,C2CB119,C2CB119,MYSUP0000001,INV,2026-06-27,2026-06-27,CLEARED,uuid-C2CB119,MYR,2112.50,169.00,2281.50,SST-S,MYC0000119,Cred 119,false
1100,C2CB120,C2CB120,MYSUP0000001,INV,2026-06-20,2026-06-20,CLEARED,uuid-C2CB120,MYR,2125.00,170.00,2295.00,SST-S,MYC0000120,Cred 120,false
1100,C2CB121,C2CB121,MYSUP0000001,INV,2026-06-21,2026-06-21,CLEARED,uuid-C2CB121,MYR,2137.50,171.00,2308.50,SST-S,MYC0000121,Cred 121,false
1100,C2CB122,C2CB122,MYSUP0000001,INV,2026-06-22,2026-06-22,CLEARED,uuid-C2CB122,MYR,2150.00,172.00,2322.00,SST-S,MYC0000122,Cred 122,false
1100,C2CB123,C2CB123,MYSUP0000001,INV,2026-06-23,2026-06-23,CLEARED,uuid-C2CB123,MYR,2162.50,173.00,2335.50,SST-S,MYC0000123,Cred 123,false
1100,C2CB124,C2CB124,MYSUP0000001,INV,2026-06-24,2026-06-24,CLEARED,uuid-C2CB124,MYR,2175.00,174.00,2349.00,SST-S,MYC0000124,Cred 124,false
1100,C2CB125,C2CB125,MYSUP0000001,INV,2026-06-25,2026-06-25,CLEARED,uuid-C2CB125,MYR,2187.50,175.00,2362.50,SST-S,MYC0000125,Cred 125,false
1100,C2CB126,C2CB126,MYSUP0000001,INV,2026-06-26,2026-06-26,CLEARED,uuid-C2CB126,MYR,2200.00,176.00,2376.00,SST-S,MYC0000126,Cred 126,false
1100,C2CB127,C2CB127,MYSUP0000001,INV,2026-06-27,2026-06-27,CLEARED,uuid-C2CB127,MYR,2212.50,177.00,2389.50,SST-S,MYC0000127,Cred 127,false
1100,C2CB128,C2CB128,MYSUP0000001,INV,2026-06-20,2026-06-20,CLEARED,uuid-C2CB128,MYR,2225.00,178.00,2403.00,SST-S,MYC0000128,Cred 128,false
1100,C2CB129,C2CB129,MYSUP0000001,INV,2026-06-21,2026-06-21,CLEARED,uuid-C2CB129,MYR,2237.50,179.00,2416.50,SST-S,MYC0000129,Cred 129,false
1100,C2CB130,C2CB130,MYSUP0000001,INV,2026-06-22,2026-06-22,CLEARED,uuid-C2CB130,MYR,2250.00,180.00,2430.00,SST-S,MYC0000130,Cred 130,false
1100,C2CB131,C2CB131,MYSUP0000001,INV,2026-06-23,2026-06-23,CLEARED,uuid-C2CB131,MYR,2262.50,181.00,2443.50,SST-S,MYC0000131,Cred 131,false
1100,C2CB132,C2CB132,MYSUP0000001,INV,2026-06-24,2026-06-24,CLEARED,uuid-C2CB132,MYR,2275.00,182.00,2457.00,SST-S,MYC0000132,Cred 132,false
1100,C2CB133,C2CB133,MYSUP0000001,INV,2026-06-25,2026-06-25,CLEARED,uuid-C2CB133,MYR,2287.50,183.00,2470.50,SST-S,MYC0000133,Cred 133,false
1100,C2CB134,C2CB134,MYSUP0000001,INV,2026-06-26,2026-06-26,CLEARED,uuid-C2CB134,MYR,2300.00,184.00,2484.00,SST-S,MYC0000134,Cred 134,false
1100,C2CB135,C2CB135,MYSUP0000001,INV,2026-06-27,2026-06-27,CLEARED,uuid-C2CB135,MYR,2312.50,185.00,2497.50,SST-S,MYC0000135,Cred 135,false
1100,C2CB136,C2CB136,MYSUP0000001,INV,2026-06-20,2026-06-20,CLEARED,uuid-C2CB136,MYR,2325.00,186.00,2511.00,SST-S,MYC0000136,Cred 136,false
1100,C2CB137,C2CB137,MYSUP0000001,INV,2026-06-21,2026-06-21,CLEARED,uuid-C2CB137,MYR,2337.50,187.00,2524.50,SST-S,MYC0000137,Cred 137,false
1100,C2CB138,C2CB138,MYSUP0000001,INV,2026-06-22,2026-06-22,CLEARED,uuid-C2CB138,MYR,2350.00,188.00,2538.00,SST-S,MYC0000138,Cred 138,false
1100,C2CB139,C2CB139,MYSUP0000001,INV,2026-06-23,2026-06-23,CLEARED,uuid-C2CB139,MYR,2362.50,189.00,2551.50,SST-S,MYC0000139,Cred 139,false
1100,C2CB140,C2CB140,MYSUP0000001,INV,2026-06-24,2026-06-24,CLEARED,uuid-C2CB140,MYR,2375.00,190.00,2565.00,SST-S,MYC0000140,Cred 140,false
1100,C2CB141,C2CB141,MYSUP0000001,INV,2026-06-25,2026-06-25,CLEARED,uuid-C2CB141,MYR,2387.50,191.00,2578.50,SST-S,MYC0000141,Cred 141,false
1100,C2CB142,C2CB142,MYSUP0000001,INV,2026-06-26,2026-06-26,CLEARED,uuid-C2CB142,MYR,2400.00,192.00,2592.00,SST-S,MYC0000142,Cred 142,false
1100,C2CB143,C2CB143,MYSUP0000001,INV,2026-06-27,2026-06-27,CLEARED,uuid-C2CB143,MYR,2412.50,193.00,2605.50,SST-S,MYC0000143,Cred 143,false
1100,C2CB144,C2CB144,MYSUP0000001,INV,2026-06-20,2026-06-20,CLEARED,uuid-C2CB144,MYR,2425.00,194.00,2619.00,SST-S,MYC0000144,Cred 144,false
1100,C2CB145,C2CB145,MYSUP0000001,INV,2026-06-21,2026-06-21,CLEARED,uuid-C2CB145,MYR,2437.50,195.00,2632.50,SST-S,MYC0000145,Cred 145,false
1100,C2CB146,C2CB146,MYSUP0000001,INV,2026-06-22,2026-06-22,CLEARED,uuid-C2CB146,MYR,2450.00,196.00,2646.00,SST-S,MYC0000146,Cred 146,false
1100,C2CB147,C2CB147,MYSUP0000001,INV,2026-06-23,2026-06-23,CLEARED,uuid-C2CB147,MYR,2462.50,197.00,2659.50,SST-S,MYC0000147,Cred 147,false
1100,C2CB148,C2CB148,MYSUP0000001,INV,2026-06-24,2026-06-24,CLEARED,uuid-C2CB148,MYR,2475.00,198.00,2673.00,SST-S,MYC0000148,Cred 148,false
1100,C2CB149,C2CB149,MYSUP0000001,INV,2026-06-25,2026-06-25,CLEARED,uuid-C2CB149,MYR,2487.50,199.00,2686.50,SST-S,MYC0000149,Cred 149,false
1100,C2CB150,C2CB150,MYSUP0000001,INV,2026-06-26,2026-06-26,CLEARED,uuid-C2CB150,MYR,2500.00,200.00,2700.00,SST-S,MYC0000150,Cred 150,false
1100,C2CB151,C2CB151,MYSUP0000001,INV,2026-06-27,2026-06-27,CLEARED,uuid-C2CB151,MYR,2512.50,201.00,2713.50,SST-S,MYC0000151,Cred 151,false
1100,C2CB152,C2CB152,MYSUP0000001,INV,2026-06-20,2026-06-20,CLEARED,uuid-C2CB152,MYR,2525.00,202.00,2727.00,SST-S,MYC0000152,Cred 152,false
1100,C2CB153,C2CB153,MYSUP0000001,INV,2026-06-21,2026-06-21,CLEARED,uuid-C2CB153,MYR,2537.50,203.00,2740.50,SST-S,MYC0000153,Cred 153,false
1100,C2CB154,C2CB154,MYSUP0000001,INV,2026-06-22,2026-06-22,CLEARED,uuid-C2CB154,MYR,2550.00,204.00,2754.00,SST-S,MYC0000154,Cred 154,false
1100,C2CB155,C2CB155,MYSUP0000001,INV,2026-06-23,2026-06-23,CLEARED,uuid-C2CB155,MYR,2562.50,205.00,2767.50,SST-S,MYC0000155,Cred 155,false
1100,C2CB156,C2CB156,MYSUP0000001,INV,2026-06-24,2026-06-24,CLEARED,uuid-C2CB156,MYR,2575.00,206.00,2781.00,SST-S,MYC0000156,Cred 156,false
1100,C2CB157,C2CB157,MYSUP0000001,INV,2026-06-25,2026-06-25,CLEARED,uuid-C2CB157,MYR,2587.50,207.00,2794.50,SST-S,MYC0000157,Cred 157,false
1100,C2CB158,C2CB158,MYSUP0000001,INV,2026-06-26,2026-06-26,CLEARED,uuid-C2CB158,MYR,2600.00,208.00,2808.00,SST-S,MYC0000158,Cred 158,false
1100,C2CB159,C2CB159,MYSUP0000001,INV,2026-06-27,2026-06-27,CLEARED,uuid-C2CB159,MYR,2612.50,209.00,2821.50,SST-S,MYC0000159,Cred 159,false
1100,C2CB160,C2CB160,MYSUP0000001,INV,2026-06-20,2026-06-20,CLEARED,uuid-C2CB160,MYR,2625.00,210.00,2835.00,SST-S,MYC0000160,Cred 160,false
1100,C2CB161,C2CB161,MYSUP0000001,INV,2026-06-21,2026-06-21,CLEARED,uuid-C2CB161,MYR,2637.50,211.00,2848.50,SST-S,MYC0000161,Cred 161,false
1100,C2CB162,C2CB162,MYSUP0000001,INV,2026-06-22,2026-06-22,CLEARED,uuid-C2CB162,MYR,2650.00,212.00,2862.00,SST-S,MYC0000162,Cred 162,false
1100,C2CB163,C2CB163,MYSUP0000001,INV,2026-06-23,2026-06-23,CLEARED,uuid-C2CB163,MYR,2662.50,213.00,2875.50,SST-S,MYC0000163,Cred 163,false
1100,C2CB164,C2CB164,MYSUP0000001,INV,2026-06-24,2026-06-24,CLEARED,uuid-C2CB164,MYR,2675.00,214.00,2889.00,SST-S,MYC0000164,Cred 164,false
1100,C2CB165,C2CB165,MYSUP0000001,INV,2026-06-25,2026-06-25,CLEARED,uuid-C2CB165,MYR,2687.50,215.00,2902.50,SST-S,MYC0000165,Cred 165,false
1100,C2CB166,C2CB166,MYSUP0000001,INV,2026-06-26,2026-06-26,CLEARED,uuid-C2CB166,MYR,2700.00,216.00,2916.00,SST-S,MYC0000166,Cred 166,false
1100,C2CB167,C2CB167,MYSUP0000001,INV,2026-06-27,2026-06-27,CLEARED,uuid-C2CB167,MYR,2712.50,217.00,2929.50,SST-S,MYC0000167,Cred 167,false
1100,C2CB168,C2CB168,MYSUP0000001,INV,2026-06-20,2026-06-20,CLEARED,uuid-C2CB168,MYR,2725.00,218.00,2943.00,SST-S,MYC0000168,Cred 168,false
1100,C2CB169,C2CB169,MYSUP0000001,INV,2026-06-21,2026-06-21,CLEARED,uuid-C2CB169,MYR,2737.50,219.00,2956.50,SST-S,MYC0000169,Cred 169,false
1100,C2CB170,C2CB170,MYSUP0000001,INV,2026-06-22,2026-06-22,CLEARED,uuid-C2CB170,MYR,2750.00,220.00,2970.00,SST-S,MYC0000170,Cred 170,false
1100,C2CB171,C2CB171,MYSUP0000001,INV,2026-06-23,2026-06-23,CLEARED,uuid-C2CB171,MYR,2762.50,221.00,2983.50,SST-S,MYC0000171,Cred 171,false
1100,C2CB172,C2CB172,MYSUP0000001,INV,2026-06-24,2026-06-24,CLEARED,uuid-C2CB172,MYR,2775.00,222.00,2997.00,SST-S,MYC0000172,Cred 172,false
1100,C2CB173,C2CB173,MYSUP0000001,INV,2026-06-25,2026-06-25,CLEARED,uuid-C2CB173,MYR,2787.50,223.00,3010.50,SST-S,MYC0000173,Cred 173,false
1100,C2CB174,C2CB174,MYSUP0000001,INV,2026-06-26,2026-06-26,CLEARED,uuid-C2CB174,MYR,2800.00,224.00,3024.00,SST-S,MYC0000174,Cred 174,false
1100,C2CB175,C2CB175,MYSUP0000001,INV,2026-06-27,2026-06-27,CLEARED,uuid-C2CB175,MYR,2812.50,225.00,3037.50,SST-S,MYC0000175,Cred 175,false
1100,C2CB176,C2CB176,MYSUP0000001,INV,2026-06-20,2026-06-20,CLEARED,uuid-C2CB176,MYR,2825.00,226.00,3051.00,SST-S,MYC0000176,Cred 176,false
1100,C2CB177,C2CB177,MYSUP0000001,INV,2026-06-21,2026-06-21,CLEARED,uuid-C2CB177,MYR,2837.50,227.00,3064.50,SST-S,MYC0000177,Cred 177,false
1100,C2CB178,C2CB178,MYSUP0000001,INV,2026-06-22,2026-06-22,CLEARED,uuid-C2CB178,MYR,2850.00,228.00,3078.00,SST-S,MYC0000178,Cred 178,false
1100,C2CB179,C2CB179,MYSUP0000001,INV,2026-06-23,2026-06-23,CLEARED,uuid-C2CB179,MYR,2862.50,229.00,3091.50,SST-S,MYC0000179,Cred 179,false
1100,C2CB180,C2CB180,MYSUP0000001,INV,2026-06-24,2026-06-24,CLEARED,uuid-C2CB180,MYR,2875.00,230.00,3105.00,SST-S,MYC0000180,Cred 180,false
1100,C2CB181,C2CB181,MYSUP0000001,INV,2026-06-25,2026-06-25,CLEARED,uuid-C2CB181,MYR,2887.50,231.00,3118.50,SST-S,MYC0000181,Cred 181,false
1100,C2CB182,C2CB182,MYSUP0000001,INV,2026-06-26,2026-06-26,CLEARED,uuid-C2CB182,MYR,2900.00,232.00,3132.00,SST-S,MYC0000182,Cred 182,false
1100,C2CB183,C2CB183,MYSUP0000001,INV,2026-06-27,2026-06-27,CLEARED,uuid-C2CB183,MYR,2912.50,233.00,3145.50,SST-S,MYC0000183,Cred 183,false
1100,C2CB184,C2CB184,MYSUP0000001,INV,2026-06-20,2026-06-20,CLEARED,uuid-C2CB184,MYR,2925.00,234.00,3159.00,SST-S,MYC0000184,Cred 184,false
1100,C2CB185,C2CB185,MYSUP0000001,INV,2026-06-21,2026-06-21,CLEARED,uuid-C2CB185,MYR,2937.50,235.00,3172.50,SST-S,MYC0000185,Cred 185,false
1100,C2CB186,C2CB186,MYSUP0000001,INV,2026-06-22,2026-06-22,CLEARED,uuid-C2CB186,MYR,2950.00,236.00,3186.00,SST-S,MYC0000186,Cred 186,false
1100,C2CB187,C2CB187,MYSUP0000001,INV,2026-06-23,2026-06-23,CLEARED,uuid-C2CB187,MYR,2962.50,237.00,3199.50,SST-S,MYC0000187,Cred 187,false
1100,C2CB188,C2CB188,MYSUP0000001,INV,2026-06-24,2026-06-24,CLEARED,uuid-C2CB188,MYR,2975.00,238.00,3213.00,SST-S,MYC0000188,Cred 188,false
1100,C2CB189,C2CB189,MYSUP0000001,INV,2026-06-25,2026-06-25,CLEARED,uuid-C2CB189,MYR,2987.50,239.00,3226.50,SST-S,MYC0000189,Cred 189,false
1100,C2CB190,C2CB190,MYSUP0000001,INV,2026-06-26,2026-06-26,CLEARED,uuid-C2CB190,MYR,3000.00,240.00,3240.00,SST-S,MYC0000190,Cred 190,false
1100,C2CB191,C2CB191,MYSUP0000001,INV,2026-06-27,2026-06-27,CLEARED,uuid-C2CB191,MYR,3012.50,241.00,3253.50,SST-S,MYC0000191,Cred 191,false
1100,C2CB192,C2CB192,MYSUP0000001,INV,2026-06-20,2026-06-20,CLEARED,uuid-C2CB192,MYR,3025.00,242.00,3267.00,SST-S,MYC0000192,Cred 192,false
1100,C2CB193,C2CB193,MYSUP0000001,INV,2026-06-21,2026-06-21,CLEARED,uuid-C2CB193,MYR,3037.50,243.00,3280.50,SST-S,MYC0000193,Cred 193,false
1100,C2CB194,C2CB194,MYSUP0000001,INV,2026-06-22,2026-06-22,CLEARED,uuid-C2CB194,MYR,3050.00,244.00,3294.00,SST-S,MYC0000194,Cred 194,false
1100,C2CB195,C2CB195,MYSUP0000001,INV,2026-06-23,2026-06-23,CLEARED,uuid-C2CB195,MYR,3062.50,245.00,3307.50,SST-S,MYC0000195,Cred 195,false
1100,C2CB196,C2CB196,MYSUP0000001,INV,2026-06-24,2026-06-24,CLEARED,uuid-C2CB196,MYR,3075.00,246.00,3321.00,SST-S,MYC0000196,Cred 196,false
1100,C2CB197,C2CB197,MYSUP0000001,INV,2026-06-25,2026-06-25,CLEARED,uuid-C2CB197,MYR,3087.50,247.00,3334.50,SST-S,MYC0000197,Cred 197,false
1100,C2CB198,C2CB198,MYSUP0000001,INV,2026-06-26,2026-06-26,CLEARED,uuid-C2CB198,MYR,3100.00,248.00,3348.00,SST-S,MYC0000198,Cred 198,false
1100,C2CB199,C2CB199,MYSUP0000001,INV,2026-06-27,2026-06-27,CLEARED,uuid-C2CB199,MYR,3112.50,249.00,3361.50,SST-S,MYC0000199,Cred 199,false
1100,C2CB200,C2CB200,MYSUP0000001,INV,2026-06-20,2026-06-20,CLEARED,uuid-C2CB200,MYR,625.00,50.00,675.00,SST-S,MYC0000200,Cred 200,false
1100,C2CB201,C2CB201,MYSUP0000001,INV,2026-06-21,2026-06-21,CLEARED,uuid-C2CB201,MYR,637.50,51.00,688.50,SST-S,MYC0000201,Cred 201,false
1100,C2CB202,C2CB202,MYSUP0000001,INV,2026-06-22,2026-06-22,CLEARED,uuid-C2CB202,MYR,650.00,52.00,702.00,SST-S,MYC0000202,Cred 202,false
1100,C2CB203,C2CB203,MYSUP0000001,INV,2026-06-23,2026-06-23,CLEARED,uuid-C2CB203,MYR,662.50,53.00,715.50,SST-S,MYC0000203,Cred 203,false
1100,C2CB204,C2CB204,MYSUP0000001,INV,2026-06-24,2026-06-24,CLEARED,uuid-C2CB204,MYR,675.00,54.00,729.00,SST-S,MYC0000204,Cred 204,false
1100,C2CB205,C2CB205,MYSUP0000001,INV,2026-06-25,2026-06-25,CLEARED,uuid-C2CB205,MYR,687.50,55.00,742.50,SST-S,MYC0000205,Cred 205,false
1100,C2CB206,C2CB206,MYSUP0000001,INV,2026-06-26,2026-06-26,CLEARED,uuid-C2CB206,MYR,700.00,56.00,756.00,SST-S,MYC0000206,Cred 206,false
1100,C2CB207,C2CB207,MYSUP0000001,INV,2026-06-27,2026-06-27,CLEARED,uuid-C2CB207,MYR,712.50,57.00,769.50,SST-S,MYC0000207,Cred 207,false
1100,C2CB208,C2CB208,MYSUP0000001,INV,2026-06-20,2026-06-20,CLEARED,uuid-C2CB208,MYR,725.00,58.00,783.00,SST-S,MYC0000208,Cred 208,false
1100,C2CB209,C2CB209,MYSUP0000001,INV,2026-06-21,2026-06-21,CLEARED,uuid-C2CB209,MYR,737.50,59.00,796.50,SST-S,MYC0000209,Cred 209,false
1100,C2CB210,C2CB210,MYSUP0000001,INV,2026-06-22,2026-06-22,CLEARED,uuid-C2CB210,MYR,750.00,60.00,810.00,SST-S,MYC0000210,Cred 210,false
1100,C2CB211,C2CB211,MYSUP0000001,INV,2026-06-23,2026-06-23,CLEARED,uuid-C2CB211,MYR,762.50,61.00,823.50,SST-S,MYC0000211,Cred 211,false
1100,C2CB212,C2CB212,MYSUP0000001,INV,2026-06-24,2026-06-24,CLEARED,uuid-C2CB212,MYR,775.00,62.00,837.00,SST-S,MYC0000212,Cred 212,false
1100,C2CB213,C2CB213,MYSUP0000001,INV,2026-06-25,2026-06-25,CLEARED,uuid-C2CB213,MYR,787.50,63.00,850.50,SST-S,MYC0000213,Cred 213,false
1100,C2CB214,C2CB214,MYSUP0000001,INV,2026-06-26,2026-06-26,CLEARED,uuid-C2CB214,MYR,800.00,64.00,864.00,SST-S,MYC0000214,Cred 214,false
1100,C2CB215,C2CB215,MYSUP0000001,INV,2026-06-27,2026-06-27,CLEARED,uuid-C2CB215,MYR,812.50,65.00,877.50,SST-S,MYC0000215,Cred 215,false
1100,C2CB216,C2CB216,MYSUP0000001,INV,2026-06-20,2026-06-20,CLEARED,uuid-C2CB216,MYR,825.00,66.00,891.00,SST-S,MYC0000216,Cred 216,false
1100,C2CB217,C2CB217,MYSUP0000001,INV,2026-06-21,2026-06-21,CLEARED,uuid-C2CB217,MYR,837.50,67.00,904.50,SST-S,MYC0000217,Cred 217,false
1100,C2CB218,C2CB218,MYSUP0000001,INV,2026-06-22,2026-06-22,CLEARED,uuid-C2CB218,MYR,850.00,68.00,918.00,SST-S,MYC0000218,Cred 218,false
1100,C2CB219,C2CB219,MYSUP0000001,INV,2026-06-23,2026-06-23,CLEARED,uuid-C2CB219,MYR,862.50,69.00,931.50,SST-S,MYC0000219,Cred 219,false
1100,C2CB220,C2CB220,MYSUP0000001,INV,2026-06-24,2026-06-24,CLEARED,uuid-C2CB220,MYR,875.00,70.00,945.00,SST-S,MYC0000220,Cred 220,false
1100,C2CB221,C2CB221,MYSUP0000001,INV,2026-06-25,2026-06-25,CLEARED,uuid-C2CB221,MYR,887.50,71.00,958.50,SST-S,MYC0000221,Cred 221,false
1100,C2CB222,C2CB222,MYSUP0000001,INV,2026-06-26,2026-06-26,CLEARED,uuid-C2CB222,MYR,900.00,72.00,972.00,SST-S,MYC0000222,Cred 222,false
1100,C2CB223,C2CB223,MYSUP0000001,INV,2026-06-27,2026-06-27,CLEARED,uuid-C2CB223,MYR,912.50,73.00,985.50,SST-S,MYC0000223,Cred 223,false
1100,C2CB224,C2CB224,MYSUP0000001,INV,2026-06-20,2026-06-20,CLEARED,uuid-C2CB224,MYR,925.00,74.00,999.00,SST-S,MYC0000224,Cred 224,false
1100,C2CB225,C2CB225,MYSUP0000001,INV,2026-06-21,2026-06-21,CLEARED,uuid-C2CB225,MYR,937.50,75.00,1012.50,SST-S,MYC0000225,Cred 225,false
1100,C2CB226,C2CB226,MYSUP0000001,INV,2026-06-22,2026-06-22,CLEARED,uuid-C2CB226,MYR,950.00,76.00,1026.00,SST-S,MYC0000226,Cred 226,false
1100,C2CB227,C2CB227,MYSUP0000001,INV,2026-06-23,2026-06-23,CLEARED,uuid-C2CB227,MYR,962.50,77.00,1039.50,SST-S,MYC0000227,Cred 227,false
1100,C2CB228,C2CB228,MYSUP0000001,INV,2026-06-24,2026-06-24,CLEARED,uuid-C2CB228,MYR,975.00,78.00,1053.00,SST-S,MYC0000228,Cred 228,false
1100,C2CB229,C2CB229,MYSUP0000001,INV,2026-06-25,2026-06-25,CLEARED,uuid-C2CB229,MYR,987.50,79.00,1066.50,SST-S,MYC0000229,Cred 229,false
1100,C2CB230,C2CB230,MYSUP0000001,INV,2026-06-26,2026-06-26,CLEARED,uuid-C2CB230,MYR,1000.00,80.00,1080.00,SST-S,MYC0000230,Cred 230,false
1100,C2CB231,C2CB231,MYSUP0000001,INV,2026-06-27,2026-06-27,CLEARED,uuid-C2CB231,MYR,1012.50,81.00,1093.50,SST-S,MYC0000231,Cred 231,false
1100,C2CB232,C2CB232,MYSUP0000001,INV,2026-06-20,2026-06-20,CLEARED,uuid-C2CB232,MYR,1025.00,82.00,1107.00,SST-S,MYC0000232,Cred 232,false
1100,C2CB233,C2CB233,MYSUP0000001,INV,2026-06-21,2026-06-21,CLEARED,uuid-C2CB233,MYR,1037.50,83.00,1120.50,SST-S,MYC0000233,Cred 233,false
1100,C2CB234,C2CB234,MYSUP0000001,INV,2026-06-22,2026-06-22,CLEARED,uuid-C2CB234,MYR,1050.00,84.00,1134.00,SST-S,MYC0000234,Cred 234,false
1100,C2CB235,C2CB235,MYSUP0000001,INV,2026-06-23,2026-06-23,CLEARED,uuid-C2CB235,MYR,1062.50,85.00,1147.50,SST-S,MYC0000235,Cred 235,false
1100,C2CB236,C2CB236,MYSUP0000001,INV,2026-06-24,2026-06-24,CLEARED,uuid-C2CB236,MYR,1075.00,86.00,1161.00,SST-S,MYC0000236,Cred 236,false
1100,C2CB237,C2CB237,MYSUP0000001,INV,2026-06-25,2026-06-25,CLEARED,uuid-C2CB237,MYR,1087.50,87.00,1174.50,SST-S,MYC0000237,Cred 237,false
1100,C2CB238,C2CB238,MYSUP0000001,INV,2026-06-26,2026-06-26,CLEARED,uuid-C2CB238,MYR,1100.00,88.00,1188.00,SST-S,MYC0000238,Cred 238,false
1100,C2CB239,C2CB239,MYSUP0000001,INV,2026-06-27,2026-06-27,CLEARED,uuid-C2CB239,MYR,1112.50,89.00,1201.50,SST-S,MYC0000239,Cred 239,false
1100,C2CB240,C2CB240,MYSUP0000001,INV,2026-06-20,2026-06-20,CLEARED,uuid-C2CB240,MYR,1125.00,90.00,1215.00,SST-S,MYC0000240,Cred 240,false
1100,C2CB241,C2CB241,MYSUP0000001,INV,2026-06-21,2026-06-21,CLEARED,uuid-C2CB241,MYR,1137.50,91.00,1228.50,SST-S,MYC0000241,Cred 241,false
1100,C2CB242,C2CB242,MYSUP0000001,INV,2026-06-22,2026-06-22,CLEARED,uuid-C2CB242,MYR,1150.00,92.00,1242.00,SST-S,MYC0000242,Cred 242,false
1100,C2CB243,C2CB243,MYSUP0000001,INV,2026-06-23,2026-06-23,CLEARED,uuid-C2CB243,MYR,1162.50,93.00,1255.50,SST-S,MYC0000243,Cred 243,false
1100,C2CB244,C2CB244,MYSUP0000001,INV,2026-06-24,2026-06-24,CLEARED,uuid-C2CB244,MYR,1175.00,94.00,1269.00,SST-S,MYC0000244,Cred 244,false
1100,C2CB245,C2CB245,MYSUP0000001,INV,2026-06-25,2026-06-25,CLEARED,uuid-C2CB245,MYR,1187.50,95.00,1282.50,SST-S,MYC0000245,Cred 245,false
1100,C2CB246,C2CB246,MYSUP0000001,INV,2026-06-26,2026-06-26,CLEARED,uuid-C2CB246,MYR,1200.00,96.00,1296.00,SST-S,MYC0000246,Cred 246,false
1100,C2CB247,C2CB247,MYSUP0000001,INV,2026-06-27,2026-06-27,CLEARED,uuid-C2CB247,MYR,1212.50,97.00,1309.50,SST-S,MYC0000247,Cred 247,false
1100,C2CB248,C2CB248,MYSUP0000001,INV,2026-06-20,2026-06-20,CLEARED,uuid-C2CB248,MYR,1225.00,98.00,1323.00,SST-S,MYC0000248,Cred 248,false
1100,C2CB249,C2CB249,MYSUP0000001,INV,2026-06-21,2026-06-21,CLEARED,uuid-C2CB249,MYR,1237.50,99.00,1336.50,SST-S,MYC0000249,Cred 249,false
1100,C2CB250,C2CB250,MYSUP0000001,INV,2026-06-22,2026-06-22,CLEARED,uuid-C2CB250,MYR,1250.00,100.00,1350.00,SST-S,MYC0000250,Cred 250,false
1100,C2CB251,C2CB251,MYSUP0000001,INV,2026-06-23,2026-06-23,CLEARED,uuid-C2CB251,MYR,1262.50,101.00,1363.50,SST-S,MYC0000251,Cred 251,false
1100,C2CB252,C2CB252,MYSUP0000001,INV,2026-06-24,2026-06-24,CLEARED,uuid-C2CB252,MYR,1275.00,102.00,1377.00,SST-S,MYC0000252,Cred 252,false
1100,C2CB253,C2CB253,MYSUP0000001,INV,2026-06-25,2026-06-25,CLEARED,uuid-C2CB253,MYR,1287.50,103.00,1390.50,SST-S,MYC0000253,Cred 253,false
1100,C2CB254,C2CB254,MYSUP0000001,INV,2026-06-26,2026-06-26,CLEARED,uuid-C2CB254,MYR,1300.00,104.00,1404.00,SST-S,MYC0000254,Cred 254,false
1100,C2CB255,C2CB255,MYSUP0000001,INV,2026-06-27,2026-06-27,CLEARED,uuid-C2CB255,MYR,1312.50,105.00,1417.50,SST-S,MYC0000255,Cred 255,false
1100,C2CB256,C2CB256,MYSUP0000001,INV,2026-06-20,2026-06-20,CLEARED,uuid-C2CB256,MYR,1325.00,106.00,1431.00,SST-S,MYC0000256,Cred 256,false
1100,C2CB257,C2CB257,MYSUP0000001,INV,2026-06-21,2026-06-21,CLEARED,uuid-C2CB257,MYR,1337.50,107.00,1444.50,SST-S,MYC0000257,Cred 257,false
1100,C2CB258,C2CB258,MYSUP0000001,INV,2026-06-22,2026-06-22,CLEARED,uuid-C2CB258,MYR,1350.00,108.00,1458.00,SST-S,MYC0000258,Cred 258,false
1100,C2CB259,C2CB259,MYSUP0000001,INV,2026-06-23,2026-06-23,CLEARED,uuid-C2CB259,MYR,1362.50,109.00,1471.50,SST-S,MYC0000259,Cred 259,false
1100,C2CB260,C2CB260,MYSUP0000001,INV,2026-06-24,2026-06-24,CLEARED,uuid-C2CB260,MYR,1375.00,110.00,1485.00,SST-S,MYC0000260,Cred 260,false
1100,C2CB261,C2CB261,MYSUP0000001,INV,2026-06-25,2026-06-25,CLEARED,uuid-C2CB261,MYR,1387.50,111.00,1498.50,SST-S,MYC0000261,Cred 261,false
1100,C2CB262,C2CB262,MYSUP0000001,INV,2026-06-26,2026-06-26,CLEARED,uuid-C2CB262,MYR,1400.00,112.00,1512.00,SST-S,MYC0000262,Cred 262,false
1100,C2CB263,C2CB263,MYSUP0000001,INV,2026-06-27,2026-06-27,CLEARED,uuid-C2CB263,MYR,1412.50,113.00,1525.50,SST-S,MYC0000263,Cred 263,false
1100,C2CB264,C2CB264,MYSUP0000001,INV,2026-06-20,2026-06-20,CLEARED,uuid-C2CB264,MYR,1425.00,114.00,1539.00,SST-S,MYC0000264,Cred 264,false
1100,C2CB265,C2CB265,MYSUP0000001,INV,2026-06-21,2026-06-21,CLEARED,uuid-C2CB265,MYR,1437.50,115.00,1552.50,SST-S,MYC0000265,Cred 265,false
1100,C2CB266,C2CB266,MYSUP0000001,INV,2026-06-22,2026-06-22,CLEARED,uuid-C2CB266,MYR,1450.00,116.00,1566.00,SST-S,MYC0000266,Cred 266,false
1100,C2CB267,C2CB267,MYSUP0000001,INV,2026-06-23,2026-06-23,CLEARED,uuid-C2CB267,MYR,1462.50,117.00,1579.50,SST-S,MYC0000267,Cred 267,false
1100,C2CB268,C2CB268,MYSUP0000001,INV,2026-06-24,2026-06-24,CLEARED,uuid-C2CB268,MYR,1475.00,118.00,1593.00,SST-S,MYC0000268,Cred 268,false
1100,C2CB269,C2CB269,MYSUP0000001,INV,2026-06-25,2026-06-25,CLEARED,uuid-C2CB269,MYR,1487.50,119.00,1606.50,SST-S,MYC0000269,Cred 269,false
1100,C2CB270,C2CB270,MYSUP0000001,INV,2026-06-26,2026-06-26,CLEARED,uuid-C2CB270,MYR,1500.00,120.00,1620.00,SST-S,MYC0000270,Cred 270,false
1100,C2CB271,C2CB271,MYSUP0000001,INV,2026-06-27,2026-06-27,CLEARED,uuid-C2CB271,MYR,1512.50,121.00,1633.50,SST-S,MYC0000271,Cred 271,false
1100,C2CB272,C2CB272,MYSUP0000001,INV,2026-06-20,2026-06-20,CLEARED,uuid-C2CB272,MYR,1525.00,122.00,1647.00,SST-S,MYC0000272,Cred 272,false
1100,C2CB273,C2CB273,MYSUP0000001,INV,2026-06-21,2026-06-21,CLEARED,uuid-C2CB273,MYR,1537.50,123.00,1660.50,SST-S,MYC0000273,Cred 273,false
1100,C2CB274,C2CB274,MYSUP0000001,INV,2026-06-22,2026-06-22,CLEARED,uuid-C2CB274,MYR,1550.00,124.00,1674.00,SST-S,MYC0000274,Cred 274,false
1100,C2CB275,C2CB275,MYSUP0000001,INV,2026-06-23,2026-06-23,CLEARED,uuid-C2CB275,MYR,1562.50,125.00,1687.50,SST-S,MYC0000275,Cred 275,false
1100,C2CB276,C2CB276,MYSUP0000001,INV,2026-06-24,2026-06-24,CLEARED,uuid-C2CB276,MYR,1575.00,126.00,1701.00,SST-S,MYC0000276,Cred 276,false
1100,C2CB277,C2CB277,MYSUP0000001,INV,2026-06-25,2026-06-25,CLEARED,uuid-C2CB277,MYR,1587.50,127.00,1714.50,SST-S,MYC0000277,Cred 277,false
1100,C2CB278,C2CB278,MYSUP0000001,INV,2026-06-26,2026-06-26,CLEARED,uuid-C2CB278,MYR,1600.00,128.00,1728.00,SST-S,MYC0000278,Cred 278,false
1100,C2CB279,C2CB279,MYSUP0000001,INV,2026-06-27,2026-06-27,CLEARED,uuid-C2CB279,MYR,1612.50,129.00,1741.50,SST-S,MYC0000279,Cred 279,false
1100,C2CB280,C2CB280,MYSUP0000001,INV,2026-06-20,2026-06-20,CLEARED,uuid-C2CB280,MYR,1625.00,130.00,1755.00,SST-S,MYC0000280,Cred 280,false
1100,C2CB281,C2CB281,MYSUP0000001,INV,2026-06-21,2026-06-21,CLEARED,uuid-C2CB281,MYR,1637.50,131.00,1768.50,SST-S,MYC0000281,Cred 281,false
1100,C2CB282,C2CB282,MYSUP0000001,INV,2026-06-22,2026-06-22,CLEARED,uuid-C2CB282,MYR,1650.00,132.00,1782.00,SST-S,MYC0000282,Cred 282,false
1100,C2CB283,C2CB283,MYSUP0000001,INV,2026-06-23,2026-06-23,CLEARED,uuid-C2CB283,MYR,1662.50,133.00,1795.50,SST-S,MYC0000283,Cred 283,false
1100,C2CB284,C2CB284,MYSUP0000001,INV,2026-06-24,2026-06-24,CLEARED,uuid-C2CB284,MYR,1675.00,134.00,1809.00,SST-S,MYC0000284,Cred 284,false
1100,C2CB285,C2CB285,MYSUP0000001,INV,2026-06-25,2026-06-25,CLEARED,uuid-C2CB285,MYR,1687.50,135.00,1822.50,SST-S,MYC0000285,Cred 285,false
1100,C2CB286,C2CB286,MYSUP0000001,INV,2026-06-26,2026-06-26,CLEARED,uuid-C2CB286,MYR,1700.00,136.00,1836.00,SST-S,MYC0000286,Cred 286,false
1100,C2CB287,C2CB287,MYSUP0000001,INV,2026-06-27,2026-06-27,CLEARED,uuid-C2CB287,MYR,1712.50,137.00,1849.50,SST-S,MYC0000287,Cred 287,false
1100,C2CB288,C2CB288,MYSUP0000001,INV,2026-06-20,2026-06-20,CLEARED,uuid-C2CB288,MYR,1725.00,138.00,1863.00,SST-S,MYC0000288,Cred 288,false
1100,C2CB289,C2CB289,MYSUP0000001,INV,2026-06-21,2026-06-21,CLEARED,uuid-C2CB289,MYR,1737.50,139.00,1876.50,SST-S,MYC0000289,Cred 289,false
1100,C2CB290,C2CB290,MYSUP0000001,INV,2026-06-22,2026-06-22,CLEARED,uuid-C2CB290,MYR,1750.00,140.00,1890.00,SST-S,MYC0000290,Cred 290,false
1100,C2CB291,C2CB291,MYSUP0000001,INV,2026-06-23,2026-06-23,CLEARED,uuid-C2CB291,MYR,1762.50,141.00,1903.50,SST-S,MYC0000291,Cred 291,false
1100,C2CB292,C2CB292,MYSUP0000001,INV,2026-06-24,2026-06-24,CLEARED,uuid-C2CB292,MYR,1775.00,142.00,1917.00,SST-S,MYC0000292,Cred 292,false
1100,C2CB293,C2CB293,MYSUP0000001,INV,2026-06-25,2026-06-25,CLEARED,uuid-C2CB293,MYR,1787.50,143.00,1930.50,SST-S,MYC0000293,Cred 293,false
1100,C2CB294,C2CB294,MYSUP0000001,INV,2026-06-26,2026-06-26,CLEARED,uuid-C2CB294,MYR,1800.00,144.00,1944.00,SST-S,MYC0000294,Cred 294,false
1100,C2CB295,C2CB295,MYSUP0000001,INV,2026-06-27,2026-06-27,CLEARED,uuid-C2CB295,MYR,1812.50,145.00,1957.50,SST-S,MYC0000295,Cred 295,false
1100,C2CB296,C2CB296,MYSUP0000001,INV,2026-06-20,2026-06-20,CLEARED,uuid-C2CB296,MYR,1825.00,146.00,1971.00,SST-S,MYC0000296,Cred 296,false
1100,C2CB297,C2CB297,MYSUP0000001,INV,2026-06-21,2026-06-21,CLEARED,uuid-C2CB297,MYR,1837.50,147.00,1984.50,SST-S,MYC0000297,Cred 297,false
1100,C2CB298,C2CB298,MYSUP0000001,INV,2026-06-22,2026-06-22,CLEARED,uuid-C2CB298,MYR,1850.00,148.00,1998.00,SST-S,MYC0000298,Cred 298,false
1100,C2CB299,C2CB299,MYSUP0000001,INV,2026-06-23,2026-06-23,CLEARED,uuid-C2CB299,MYR,1862.50,149.00,2011.50,SST-S,MYC0000299,Cred 299,false
1100,C2CB300,C2CB300,MYSUP0000001,INV,2026-06-24,2026-06-24,CLEARED,uuid-C2CB300,MYR,1875.00,150.00,2025.00,SST-S,MYC0000300,Cred 300,false
1100,C2CB301,C2CB301,MYSUP0000001,INV,2026-06-25,2026-06-25,CLEARED,uuid-C2CB301,MYR,1887.50,151.00,2038.50,SST-S,MYC0000301,Cred 301,false
1100,C2CB302,C2CB302,MYSUP0000001,INV,2026-06-26,2026-06-26,CLEARED,uuid-C2CB302,MYR,1900.00,152.00,2052.00,SST-S,MYC0000302,Cred 302,false
1100,C2CB303,C2CB303,MYSUP0000001,INV,2026-06-27,2026-06-27,CLEARED,uuid-C2CB303,MYR,1912.50,153.00,2065.50,SST-S,MYC0000303,Cred 303,false
1100,C2CB304,C2CB304,MYSUP0000001,INV,2026-06-20,2026-06-20,CLEARED,uuid-C2CB304,MYR,1925.00,154.00,2079.00,SST-S,MYC0000304,Cred 304,false
1100,C2CB305,C2CB305,MYSUP0000001,INV,2026-06-21,2026-06-21,CLEARED,uuid-C2CB305,MYR,1937.50,155.00,2092.50,SST-S,MYC0000305,Cred 305,false
1100,C2CB306,C2CB306,MYSUP0000001,INV,2026-06-22,2026-06-22,CLEARED,uuid-C2CB306,MYR,1950.00,156.00,2106.00,SST-S,MYC0000306,Cred 306,false
1100,C2CB307,C2CB307,MYSUP0000001,INV,2026-06-23,2026-06-23,CLEARED,uuid-C2CB307,MYR,1962.50,157.00,2119.50,SST-S,MYC0000307,Cred 307,false
1100,C2CB308,C2CB308,MYSUP0000001,INV,2026-06-24,2026-06-24,CLEARED,uuid-C2CB308,MYR,1975.00,158.00,2133.00,SST-S,MYC0000308,Cred 308,false
1100,C2CB309,C2CB309,MYSUP0000001,INV,2026-06-25,2026-06-25,CLEARED,uuid-C2CB309,MYR,1987.50,159.00,2146.50,SST-S,MYC0000309,Cred 309,false
1100,C2CB310,C2CB310,MYSUP0000001,INV,2026-06-26,2026-06-26,CLEARED,uuid-C2CB310,MYR,2000.00,160.00,2160.00,SST-S,MYC0000310,Cred 310,false
1100,C2CB311,C2CB311,MYSUP0000001,INV,2026-06-27,2026-06-27,CLEARED,uuid-C2CB311,MYR,2012.50,161.00,2173.50,SST-S,MYC0000311,Cred 311,false
1100,C2CB312,C2CB312,MYSUP0000001,INV,2026-06-20,2026-06-20,CLEARED,uuid-C2CB312,MYR,2025.00,162.00,2187.00,SST-S,MYC0000312,Cred 312,false
1100,C2CB313,C2CB313,MYSUP0000001,INV,2026-06-21,2026-06-21,CLEARED,uuid-C2CB313,MYR,2037.50,163.00,2200.50,SST-S,MYC0000313,Cred 313,false
1100,C2CB314,C2CB314,MYSUP0000001,INV,2026-06-22,2026-06-22,CLEARED,uuid-C2CB314,MYR,2050.00,164.00,2214.00,SST-S,MYC0000314,Cred 314,false
1100,C2CB315,C2CB315,MYSUP0000001,INV,2026-06-23,2026-06-23,CLEARED,uuid-C2CB315,MYR,2062.50,165.00,2227.50,SST-S,MYC0000315,Cred 315,false
1100,C2CB316,C2CB316,MYSUP0000001,INV,2026-06-24,2026-06-24,CLEARED,uuid-C2CB316,MYR,2075.00,166.00,2241.00,SST-S,MYC0000316,Cred 316,false
1100,C2CB317,C2CB317,MYSUP0000001,INV,2026-06-25,2026-06-25,CLEARED,uuid-C2CB317,MYR,2087.50,167.00,2254.50,SST-S,MYC0000317,Cred 317,false
1100,C2CB318,C2CB318,MYSUP0000001,INV,2026-06-26,2026-06-26,CLEARED,uuid-C2CB318,MYR,2100.00,168.00,2268.00,SST-S,MYC0000318,Cred 318,false
1100,C2CB319,C2CB319,MYSUP0000001,INV,2026-06-27,2026-06-27,CLEARED,uuid-C2CB319,MYR,2112.50,169.00,2281.50,SST-S,MYC0000319,Cred 319,false
1100,C2CB320,C2CB320,MYSUP0000001,INV,2026-06-20,2026-06-20,CLEARED,uuid-C2CB320,MYR,2125.00,170.00,2295.00,SST-S,MYC0000320,Cred 320,false
1100,C2CB321,C2CB321,MYSUP0000001,INV,2026-06-21,2026-06-21,CLEARED,uuid-C2CB321,MYR,2137.50,171.00,2308.50,SST-S,MYC0000321,Cred 321,false
1100,C2CB322,C2CB322,MYSUP0000001,INV,2026-06-22,2026-06-22,CLEARED,uuid-C2CB322,MYR,2150.00,172.00,2322.00,SST-S,MYC0000322,Cred 322,false
1100,C2CB323,C2CB323,MYSUP0000001,INV,2026-06-23,2026-06-23,CLEARED,uuid-C2CB323,MYR,2162.50,173.00,2335.50,SST-S,MYC0000323,Cred 323,false
1100,C2CB324,C2CB324,MYSUP0000001,INV,2026-06-24,2026-06-24,CLEARED,uuid-C2CB324,MYR,2175.00,174.00,2349.00,SST-S,MYC0000324,Cred 324,false
1100,C2CB325,C2CB325,MYSUP0000001,INV,2026-06-25,2026-06-25,CLEARED,uuid-C2CB325,MYR,2187.50,175.00,2362.50,SST-S,MYC0000325,Cred 325,false
1100,C2CB326,C2CB326,MYSUP0000001,INV,2026-06-26,2026-06-26,CLEARED,uuid-C2CB326,MYR,2200.00,176.00,2376.00,SST-S,MYC0000326,Cred 326,false
1100,C2CB327,C2CB327,MYSUP0000001,INV,2026-06-27,2026-06-27,CLEARED,uuid-C2CB327,MYR,2212.50,177.00,2389.50,SST-S,MYC0000327,Cred 327,false
1100,C2CB328,C2CB328,MYSUP0000001,INV,2026-06-20,2026-06-20,CLEARED,uuid-C2CB328,MYR,2225.00,178.00,2403.00,SST-S,MYC0000328,Cred 328,false
1100,C2CB329,C2CB329,MYSUP0000001,INV,2026-06-21,2026-06-21,CLEARED,uuid-C2CB329,MYR,2237.50,179.00,2416.50,SST-S,MYC0000329,Cred 329,false
1100,C2CB330,C2CB330,MYSUP0000001,INV,2026-06-22,2026-06-22,CLEARED,uuid-C2CB330,MYR,2250.00,180.00,2430.00,SST-S,MYC0000330,Cred 330,false
1100,C2CB331,C2CB331,MYSUP0000001,INV,2026-06-23,2026-06-23,CLEARED,uuid-C2CB331,MYR,2262.50,181.00,2443.50,SST-S,MYC0000331,Cred 331,false
1100,C2CB332,C2CB332,MYSUP0000001,INV,2026-06-24,2026-06-24,CLEARED,uuid-C2CB332,MYR,2275.00,182.00,2457.00,SST-S,MYC0000332,Cred 332,false
1100,C2CB333,C2CB333,MYSUP0000001,INV,2026-06-25,2026-06-25,CLEARED,uuid-C2CB333,MYR,2287.50,183.00,2470.50,SST-S,MYC0000333,Cred 333,false
1100,C2CB334,C2CB334,MYSUP0000001,INV,2026-06-26,2026-06-26,CLEARED,uuid-C2CB334,MYR,2300.00,184.00,2484.00,SST-S,MYC0000334,Cred 334,false
1100,C2CB335,C2CB335,MYSUP0000001,INV,2026-06-27,2026-06-27,CLEARED,uuid-C2CB335,MYR,2312.50,185.00,2497.50,SST-S,MYC0000335,Cred 335,false
1100,C2CB336,C2CB336,MYSUP0000001,INV,2026-06-20,2026-06-20,CLEARED,uuid-C2CB336,MYR,2325.00,186.00,2511.00,SST-S,MYC0000336,Cred 336,false
1100,C2CB337,C2CB337,MYSUP0000001,INV,2026-06-21,2026-06-21,CLEARED,uuid-C2CB337,MYR,2337.50,187.00,2524.50,SST-S,MYC0000337,Cred 337,false
1100,C2CB338,C2CB338,MYSUP0000001,INV,2026-06-22,2026-06-22,CLEARED,uuid-C2CB338,MYR,2350.00,188.00,2538.00,SST-S,MYC0000338,Cred 338,false
1100,C2CB339,C2CB339,MYSUP0000001,INV,2026-06-23,2026-06-23,CLEARED,uuid-C2CB339,MYR,2362.50,189.00,2551.50,SST-S,MYC0000339,Cred 339,false
1100,C2CB340,C2CB340,MYSUP0000001,INV,2026-06-24,2026-06-24,CLEARED,uuid-C2CB340,MYR,2375.00,190.00,2565.00,SST-S,MYC0000340,Cred 340,false
1100,C2CB341,C2CB341,MYSUP0000001,INV,2026-06-25,2026-06-25,CLEARED,uuid-C2CB341,MYR,2387.50,191.00,2578.50,SST-S,MYC0000341,Cred 341,false
1100,C2CB342,C2CB342,MYSUP0000001,INV,2026-06-26,2026-06-26,CLEARED,uuid-C2CB342,MYR,2400.00,192.00,2592.00,SST-S,MYC0000342,Cred 342,false
1100,C2CB343,C2CB343,MYSUP0000001,INV,2026-06-27,2026-06-27,CLEARED,uuid-C2CB343,MYR,2412.50,193.00,2605.50,SST-S,MYC0000343,Cred 343,false
1100,C2CB344,C2CB344,MYSUP0000001,INV,2026-06-20,2026-06-20,CLEARED,uuid-C2CB344,MYR,2425.00,194.00,2619.00,SST-S,MYC0000344,Cred 344,false
1100,C2CB345,C2CB345,MYSUP0000001,INV,2026-06-21,2026-06-21,CLEARED,uuid-C2CB345,MYR,2437.50,195.00,2632.50,SST-S,MYC0000345,Cred 345,false
1100,C2CB346,C2CB346,MYSUP0000001,INV,2026-06-22,2026-06-22,CLEARED,uuid-C2CB346,MYR,2450.00,196.00,2646.00,SST-S,MYC0000346,Cred 346,false
1100,C2CB347,C2CB347,MYSUP0000001,INV,2026-06-23,2026-06-23,CLEARED,uuid-C2CB347,MYR,2462.50,197.00,2659.50,SST-S,MYC0000347,Cred 347,false
1100,C2CB348,C2CB348,MYSUP0000001,INV,2026-06-24,2026-06-24,CLEARED,uuid-C2CB348,MYR,2475.00,198.00,2673.00,SST-S,MYC0000348,Cred 348,false
1100,C2CB349,C2CB349,MYSUP0000001,INV,2026-06-25,2026-06-25,CLEARED,uuid-C2CB349,MYR,2487.50,199.00,2686.50,SST-S,MYC0000349,Cred 349,false
1100,C2CB350,C2CB350,MYSUP0000001,INV,2026-06-26,2026-06-26,CLEARED,uuid-C2CB350,MYR,2500.00,200.00,2700.00,SST-S,MYC0000350,Cred 350,false
1100,C2CB351,C2CB351,MYSUP0000001,INV,2026-06-27,2026-06-27,CLEARED,uuid-C2CB351,MYR,2512.50,201.00,2713.50,SST-S,MYC0000351,Cred 351,false
1100,C2CB352,C2CB352,MYSUP0000001,INV,2026-06-20,2026-06-20,CLEARED,uuid-C2CB352,MYR,2525.00,202.00,2727.00,SST-S,MYC0000352,Cred 352,false
1100,C2CB353,C2CB353,MYSUP0000001,INV,2026-06-21,2026-06-21,CLEARED,uuid-C2CB353,MYR,2537.50,203.00,2740.50,SST-S,MYC0000353,Cred 353,false
1100,C2CB354,C2CB354,MYSUP0000001,INV,2026-06-22,2026-06-22,CLEARED,uuid-C2CB354,MYR,2550.00,204.00,2754.00,SST-S,MYC0000354,Cred 354,false
1100,C2CB355,C2CB355,MYSUP0000001,INV,2026-06-23,2026-06-23,CLEARED,uuid-C2CB355,MYR,2562.50,205.00,2767.50,SST-S,MYC0000355,Cred 355,false
1100,C2CB356,C2CB356,MYSUP0000001,INV,2026-06-24,2026-06-24,CLEARED,uuid-C2CB356,MYR,2575.00,206.00,2781.00,SST-S,MYC0000356,Cred 356,false
1100,C2CB357,C2CB357,MYSUP0000001,INV,2026-06-25,2026-06-25,CLEARED,uuid-C2CB357,MYR,2587.50,207.00,2794.50,SST-S,MYC0000357,Cred 357,false
1100,C2CB358,C2CB358,MYSUP0000001,INV,2026-06-26,2026-06-26,CLEARED,uuid-C2CB358,MYR,2600.00,208.00,2808.00,SST-S,MYC0000358,Cred 358,false
1100,C2CB359,C2CB359,MYSUP0000001,INV,2026-06-27,2026-06-27,CLEARED,uuid-C2CB359,MYR,2612.50,209.00,2821.50,SST-S,MYC0000359,Cred 359,false
1100,C2CB360,C2CB360,MYSUP0000001,INV,2026-06-20,2026-06-20,CLEARED,uuid-C2CB360,MYR,2625.00,210.00,2835.00,SST-S,MYC0000360,Cred 360,false
1100,C2CB361,C2CB361,MYSUP0000001,INV,2026-06-21,2026-06-21,CLEARED,uuid-C2CB361,MYR,2637.50,211.00,2848.50,SST-S,MYC0000361,Cred 361,false
1100,C2CB362,C2CB362,MYSUP0000001,INV,2026-06-22,2026-06-22,CLEARED,uuid-C2CB362,MYR,2650.00,212.00,2862.00,SST-S,MYC0000362,Cred 362,false
1100,C2CB363,C2CB363,MYSUP0000001,INV,2026-06-23,2026-06-23,CLEARED,uuid-C2CB363,MYR,2662.50,213.00,2875.50,SST-S,MYC0000363,Cred 363,false
1100,C2CB364,C2CB364,MYSUP0000001,INV,2026-06-24,2026-06-24,CLEARED,uuid-C2CB364,MYR,2675.00,214.00,2889.00,SST-S,MYC0000364,Cred 364,false
1100,C2CB365,C2CB365,MYSUP0000001,INV,2026-06-25,2026-06-25,CLEARED,uuid-C2CB365,MYR,2687.50,215.00,2902.50,SST-S,MYC0000365,Cred 365,false
1100,C2CB366,C2CB366,MYSUP0000001,INV,2026-06-26,2026-06-26,CLEARED,uuid-C2CB366,MYR,2700.00,216.00,2916.00,SST-S,MYC0000366,Cred 366,false
1100,C2CB367,C2CB367,MYSUP0000001,INV,2026-06-27,2026-06-27,CLEARED,uuid-C2CB367,MYR,2712.50,217.00,2929.50,SST-S,MYC0000367,Cred 367,false
1100,C2CB368,C2CB368,MYSUP0000001,INV,2026-06-20,2026-06-20,CLEARED,uuid-C2CB368,MYR,2725.00,218.00,2943.00,SST-S,MYC0000368,Cred 368,false
1100,C2CB369,C2CB369,MYSUP0000001,INV,2026-06-21,2026-06-21,CLEARED,uuid-C2CB369,MYR,2737.50,219.00,2956.50,SST-S,MYC0000369,Cred 369,false
1100,C2CB370,C2CB370,MYSUP0000001,INV,2026-06-22,2026-06-22,CLEARED,uuid-C2CB370,MYR,2750.00,220.00,2970.00,SST-S,MYC0000370,Cred 370,false
1100,C2CB371,C2CB371,MYSUP0000001,INV,2026-06-23,2026-06-23,CLEARED,uuid-C2CB371,MYR,2762.50,221.00,2983.50,SST-S,MYC0000371,Cred 371,false
1100,C2CB372,C2CB372,MYSUP0000001,INV,2026-06-24,2026-06-24,CLEARED,uuid-C2CB372,MYR,2775.00,222.00,2997.00,SST-S,MYC0000372,Cred 372,false
1100,C2CB373,C2CB373,MYSUP0000001,INV,2026-06-25,2026-06-25,CLEARED,uuid-C2CB373,MYR,2787.50,223.00,3010.50,SST-S,MYC0000373,Cred 373,false
1100,C2CB374,C2CB374,MYSUP0000001,INV,2026-06-26,2026-06-26,CLEARED,uuid-C2CB374,MYR,2800.00,224.00,3024.00,SST-S,MYC0000374,Cred 374,false
1100,C2CB375,C2CB375,MYSUP0000001,INV,2026-06-27,2026-06-27,CLEARED,uuid-C2CB375,MYR,2812.50,225.00,3037.50,SST-S,MYC0000375,Cred 375,false
1100,C2CB376,C2CB376,MYSUP0000001,INV,2026-06-20,2026-06-20,CLEARED,uuid-C2CB376,MYR,2825.00,226.00,3051.00,SST-S,MYC0000376,Cred 376,false
1100,C2CB377,C2CB377,MYSUP0000001,INV,2026-06-21,2026-06-21,CLEARED,uuid-C2CB377,MYR,2837.50,227.00,3064.50,SST-S,MYC0000377,Cred 377,false
1100,C2CB378,C2CB378,MYSUP0000001,INV,2026-06-22,2026-06-22,CLEARED,uuid-C2CB378,MYR,2850.00,228.00,3078.00,SST-S,MYC0000378,Cred 378,false
1100,C2CB379,C2CB379,MYSUP0000001,INV,2026-06-23,2026-06-23,CLEARED,uuid-C2CB379,MYR,2862.50,229.00,3091.50,SST-S,MYC0000379,Cred 379,false
1100,C2CB380,C2CB380,MYSUP0000001,INV,2026-06-24,2026-06-24,CLEARED,uuid-C2CB380,MYR,2875.00,230.00,3105.00,SST-S,MYC0000380,Cred 380,false
1100,C2CB381,C2CB381,MYSUP0000001,INV,2026-06-25,2026-06-25,CLEARED,uuid-C2CB381,MYR,2887.50,231.00,3118.50,SST-S,MYC0000381,Cred 381,false
1100,C2CB382,C2CB382,MYSUP0000001,INV,2026-06-26,2026-06-26,CLEARED,uuid-C2CB382,MYR,2900.00,232.00,3132.00,SST-S,MYC0000382,Cred 382,false
1100,C2CB383,C2CB383,MYSUP0000001,INV,2026-06-27,2026-06-27,CLEARED,uuid-C2CB383,MYR,2912.50,233.00,3145.50,SST-S,MYC0000383,Cred 383,false
1100,C2CB384,C2CB384,MYSUP0000001,INV,2026-06-20,2026-06-20,CLEARED,uuid-C2CB384,MYR,2925.00,234.00,3159.00,SST-S,MYC0000384,Cred 384,false
1100,C2CB385,C2CB385,MYSUP0000001,INV,2026-06-21,2026-06-21,CLEARED,uuid-C2CB385,MYR,2937.50,235.00,3172.50,SST-S,MYC0000385,Cred 385,false
1100,C2CB386,C2CB386,MYSUP0000001,INV,2026-06-22,2026-06-22,CLEARED,uuid-C2CB386,MYR,2950.00,236.00,3186.00,SST-S,MYC0000386,Cred 386,false
1100,C2CB387,C2CB387,MYSUP0000001,INV,2026-06-23,2026-06-23,CLEARED,uuid-C2CB387,MYR,2962.50,237.00,3199.50,SST-S,MYC0000387,Cred 387,false
1100,C2CB388,C2CB388,MYSUP0000001,INV,2026-06-24,2026-06-24,CLEARED,uuid-C2CB388,MYR,2975.00,238.00,3213.00,SST-S,MYC0000388,Cred 388,false
1100,C2CB389,C2CB389,MYSUP0000001,INV,2026-06-25,2026-06-25,CLEARED,uuid-C2CB389,MYR,2987.50,239.00,3226.50,SST-S,MYC0000389,Cred 389,false
1100,C2CB390,C2CB390,MYSUP0000001,INV,2026-06-26,2026-06-26,CLEARED,uuid-C2CB390,MYR,3000.00,240.00,3240.00,SST-S,MYC0000390,Cred 390,false
1100,C2CB391,C2CB391,MYSUP0000001,INV,2026-06-27,2026-06-27,CLEARED,uuid-C2CB391,MYR,3012.50,241.00,3253.50,SST-S,MYC0000391,Cred 391,false
1100,C2CB392,C2CB392,MYSUP0000001,INV,2026-06-20,2026-06-20,CLEARED,uuid-C2CB392,MYR,3025.00,242.00,3267.00,SST-S,MYC0000392,Cred 392,false
1100,C2CB393,C2CB393,MYSUP0000001,INV,2026-06-21,2026-06-21,CLEARED,uuid-C2CB393,MYR,3037.50,243.00,3280.50,SST-S,MYC0000393,Cred 393,false
1100,C2CB394,C2CB394,MYSUP0000001,INV,2026-06-22,2026-06-22,CLEARED,uuid-C2CB394,MYR,3050.00,244.00,3294.00,SST-S,MYC0000394,Cred 394,false
1100,C2CB395,C2CB395,MYSUP0000001,INV,2026-06-23,2026-06-23,CLEARED,uuid-C2CB395,MYR,3062.50,245.00,3307.50,SST-S,MYC0000395,Cred 395,false
1100,C2CB396,C2CB396,MYSUP0000001,INV,2026-06-24,2026-06-24,CLEARED,uuid-C2CB396,MYR,3075.00,246.00,3321.00,SST-S,MYC0000396,Cred 396,false
1100,C2CB397,C2CB397,MYSUP0000001,INV,2026-06-25,2026-06-25,CLEARED,uuid-C2CB397,MYR,3087.50,247.00,3334.50,SST-S,MYC0000397,Cred 397,false
1100,C2CB398,C2CB398,MYSUP0000001,INV,2026-06-26,2026-06-26,CLEARED,uuid-C2CB398,MYR,3100.00,248.00,3348.00,SST-S,MYC0000398,Cred 398,false
1100,C2CB399,C2CB399,MYSUP0000001,INV,2026-06-27,2026-06-27,CLEARED,uuid-C2CB399,MYR,3112.50,249.00,3361.50,SST-S,MYC0000399,Cred 399,false
