BUKRS,BELNR,GJAHR,BUZEI,HKONT,BLART,BLDAT,BUDAT,WAERS,KURSF,DMBTR_SIGNED,MWSKZ,KUNNR,STCEG,NAME1,PRCTR
1100,C5GL,2026,1,110000,BV,2026-06-02,2026-06-02,MYR,1.0,17010.00,SST-S,,,,STORE01
1100,C5GL,2026,2,400000,BV,2026-06-02,2026-06-02,MYR,1.0,-15750.00,SST-S,,,,STORE01
1100,C5GL,2026,3,230000,BV,2026-06-02,2026-06-02,MYR,1.0,-1260.00,SST-S,,,,STORE01
1100,C10GL,2026,1,110000,BV,2026-06-03,2026-06-03,MYR,1.0,1620.00,SST-S,,,,STORE02
1100,C10GL,2026,2,400000,BV,2026-06-03,2026-06-03,MYR,1.0,-1500.00,SST-S,,,,STORE02
1100,C10GL,2026,3,230000,BV,2026-06-03,2026-06-03,MYR,1.0,-120.00,SST-S,,,,STORE02
1100,C17GL,2026,1,110000,BV,2026-06-04,2026-06-04,MYR,1.0,4090.50,SST-S,,,,STORE01
1100,C17GL,2026,2,400000,BV,2026-06-04,2026-06-04,MYR,1.0,-3750.00,SST-S,,,,STORE01
1100,C17GL,2026,3,230000,BV,2026-06-04,2026-06-04,MYR,1.0,-300.00,SST-S,,,,STORE01
1100,C17GL,2026,4,880000,BV,2026-06-04,2026-06-04,MYR,1.0,-40.50,SST-S,,,,STORE01
1100,C3WGL1,2026,1,140000,F2,2026-06-06,2026-06-06,MYR,1.0,6750.00,SST-S,C300,MYB0000300,Buyer 300,PC01
1100,C3WGL1,2026,2,400000,F2,2026-06-06,2026-06-06,MYR,1.0,-6250.00,SST-S,C300,MYB0000300,Buyer 300,PC01
1100,C3WGL1,2026,3,230000,F2,2026-06-06,2026-06-06,MYR,1.0,-500.00,SST-S,C300,MYB0000300,Buyer 300,PC01
1100,C3WGL2,2026,1,140000,F2,2026-06-06,2026-06-06,MYR,1.0,6750.00,SST-S,C300,MYB0000300,Buyer 300,PC01
1100,C3WGL2,2026,2,400000,F2,2026-06-06,2026-06-06,MYR,1.0,-6250.00,SST-S,C300,MYB0000300,Buyer 300,PC01
1100,C3WGL2,2026,3,230000,F2,2026-06-06,2026-06-06,MYR,1.0,-500.00,SST-S,C300,MYB0000300,Buyer 300,PC01
1100,C7DEG00,2026,1,110000,BV,2026-06-12,2026-06-12,MYR,1.0,6750.00,SST-S,,,,STORE07
1100,C7DEG00,2026,2,400000,BV,2026-06-12,2026-06-12,MYR,1.0,-6250.00,SST-S,,,,STORE07
1100,C7DEG00,2026,3,230000,BV,2026-06-12,2026-06-12,MYR,1.0,-500.00,SST-S,,,,STORE07
1100,C7DEG01,2026,1,110000,BV,2026-06-12,2026-06-12,MYR,1.0,6750.00,SST-S,,,,STORE07
1100,C7DEG01,2026,2,400000,BV,2026-06-12,2026-06-12,MYR,1.0,-6250.00,SST-S,,,,STORE07
1100,C7DEG01,2026,3,230000,BV,2026-06-12,2026-06-12,MYR,1.0,-500.00,SST-S,,,,STORE07
1100,C7DEG02,2026,1,110000,BV,2026-06-12,2026-06-12,MYR,1.0,6750.00,SST-S,,,,STORE07
1100,C7DEG02,2026,2,400000,BV,2026-06-12,2026-06-12,MYR,1.0,-6250.00,SST-S,,,,STORE07
1100,C7DEG02,2026,3,230000,BV,2026-06-12,2026-06-12,MYR,1.0,-500.00,SST-S,,,,STORE07
1100,C7DEG03,2026,1,110000,BV,2026-06-12,2026-06-12,MYR,1.0,6750.00,SST-S,,,,STORE07
1100,C7DEG03,2026,2,400000,BV,2026-06-12,2026-06-12,MYR,1.0,-6250.00,SST-S,,,,STORE07
1100,C7DEG03,2026,3,230000,BV,2026-06-12,2026-06-12,MYR,1.0,-500.00,SST-S,,,,STORE07
1100,C7DEG04,2026,1,110000,BV,2026-06-12,2026-06-12,MYR,1.0,6750.00,SST-S,,,,STORE07
1100,C7DEG04,2026,2,400000,BV,2026-06-12,2026-06-12,MYR,1.0,-6250.00,SST-S,,,,STORE07
1100,C7DEG04,2026,3,230000,BV,2026-06-12,2026-06-12,MYR,1.0,-500.00,SST-S,,,,STORE07
1100,C7DEG05,2026,1,110000,BV,2026-06-12,2026-06-12,MYR,1.0,6750.00,SST-S,,,,STORE07
1100,C7DEG05,2026,2,400000,BV,2026-06-12,2026-06-12,MYR,1.0,-6250.00,SST-S,,,,STORE07
1100,C7DEG05,2026,3,230000,BV,2026-06-12,2026-06-12,MYR,1.0,-500.00,SST-S,,,,STORE07
1100,C7DEG06,2026,1,110000,BV,2026-06-12,2026-06-12,MYR,1.0,6750.00,SST-S,,,,STORE07
1100,C7DEG06,2026,2,400000,BV,2026-06-12,2026-06-12,MYR,1.0,-6250.00,SST-S,,,,STORE07
1100,C7DEG06,2026,3,230000,BV,2026-06-12,2026-06-12,MYR,1.0,-500.00,SST-S,,,,STORE07
1100,C7DEG07,2026,1,110000,BV,2026-06-12,2026-06-12,MYR,1.0,6750.00,SST-S,,,,STORE07
1100,C7DEG07,2026,2,400000,BV,2026-06-12,2026-06-12,MYR,1.0,-6250.00,SST-S,,,,STORE07
1100,C7DEG07,2026,3,230000,BV,2026-06-12,2026-06-12,MYR,1.0,-500.00,SST-S,,,,STORE07
1100,C7DEG08,2026,1,110000,BV,2026-06-12,2026-06-12,MYR,1.0,6750.00,SST-S,,,,STORE07
1100,C7DEG08,2026,2,400000,BV,2026-06-12,2026-06-12,MYR,1.0,-6250.00,SST-S,,,,STORE07
1100,C7DEG08,2026,3,230000,BV,2026-06-12,2026-06-12,MYR,1.0,-500.00,SST-S,,,,STORE07
1100,C7DEG09,2026,1,110000,BV,2026-06-12,2026-06-12,MYR,1.0,6750.00,SST-S,,,,STORE07
1100,C7DEG09,2026,2,400000,BV,2026-06-12,2026-06-12,MYR,1.0,-6250.00,SST-S,,,,STORE07
1100,C7DEG09,2026,3,230000,BV,2026-06-12,2026-06-12,MYR,1.0,-500.00,SST-S,,,,STORE07
1100,C14GL,2026,1,110000,DZ,2026-06-18,2026-06-18,MYR,1.0,8000.00,SST-S,C214,MYB0000214,Buyer 214,PC01
1100,C14GL,2026,2,140000,DZ,2026-06-18,2026-06-18,MYR,1.0,-8000.00,SST-S,C214,MYB0000214,Buyer 214,PC01
1100,C2CF1,2026,1,110000,BV,2026-06-21,2026-06-21,MYR,1.0,418.50,SST-S,,,,STORE01
1100,C2CF1,2026,2,400000,BV,2026-06-21,2026-06-21,MYR,1.0,-387.50,SST-S,,,,STORE01
1100,C2CF1,2026,3,230000,BV,2026-06-21,2026-06-21,MYR,1.0,-31.00,SST-S,,,,STORE01
1100,C2CF2,2026,1,110000,BV,2026-06-22,2026-06-22,MYR,1.0,432.00,SST-S,,,,STORE02
1100,C2CF2,2026,2,400000,BV,2026-06-22,2026-06-22,MYR,1.0,-400.00,SST-S,,,,STORE02
1100,C2CF2,2026,3,230000,BV,2026-06-22,2026-06-22,MYR,1.0,-32.00,SST-S,,,,STORE02
1100,C2CF3,2026,1,110000,BV,2026-06-23,2026-06-23,MYR,1.0,445.50,SST-S,,,,STORE03
1100,C2CF3,2026,2,400000,BV,2026-06-23,2026-06-23,MYR,1.0,-412.50,SST-S,,,,STORE03
1100,C2CF3,2026,3,230000,BV,2026-06-23,2026-06-23,MYR,1.0,-33.00,SST-S,,,,STORE03
1100,C2CF4,2026,1,110000,BV,2026-06-24,2026-06-24,MYR,1.0,459.00,SST-S,,,,STORE04
1100,C2CF4,2026,2,400000,BV,2026-06-24,2026-06-24,MYR,1.0,-425.00,SST-S,,,,STORE04
1100,C2CF4,2026,3,230000,BV,2026-06-24,2026-06-24,MYR,1.0,-34.00,SST-S,,,,STORE04
1100,C2CF5,2026,1,110000,BV,2026-06-25,2026-06-25,MYR,1.0,472.50,SST-S,,,,STORE05
1100,C2CF5,2026,2,400000,BV,2026-06-25,2026-06-25,MYR,1.0,-437.50,SST-S,,,,STORE05
1100,C2CF5,2026,3,230000,BV,2026-06-25,2026-06-25,MYR,1.0,-35.00,SST-S,,,,STORE05
1100,C2CF6,2026,1,110000,BV,2026-06-26,2026-06-26,MYR,1.0,486.00,SST-S,,,,STORE06
1100,C2CF6,2026,2,400000,BV,2026-06-26,2026-06-26,MYR,1.0,-450.00,SST-S,,,,STORE06
1100,C2CF6,2026,3,230000,BV,2026-06-26,2026-06-26,MYR,1.0,-36.00,SST-S,,,,STORE06
1100,C2CF7,2026,1,110000,BV,2026-06-27,2026-06-27,MYR,1.0,499.50,SST-S,,,,STORE07
1100,C2CF7,2026,2,400000,BV,2026-06-27,2026-06-27,MYR,1.0,-462.50,SST-S,,,,STORE07
1100,C2CF7,2026,3,230000,BV,2026-06-27,2026-06-27,MYR,1.0,-37.00,SST-S,,,,STORE07
1100,C2CF8,2026,1,110000,BV,2026-06-20,2026-06-20,MYR,1.0,513.00,SST-S,,,,STORE08
1100,C2CF8,2026,2,400000,BV,2026-06-20,2026-06-20,MYR,1.0,-475.00,SST-S,,,,STORE08
1100,C2CF8,2026,3,230000,BV,2026-06-20,2026-06-20,MYR,1.0,-38.00,SST-S,,,,STORE08
1100,C2CF9,2026,1,110000,BV,2026-06-21,2026-06-21,MYR,1.0,526.50,SST-S,,,,STORE00
1100,C2CF9,2026,2,400000,BV,2026-06-21,2026-06-21,MYR,1.0,-487.50,SST-S,,,,STORE00
1100,C2CF9,2026,3,230000,BV,2026-06-21,2026-06-21,MYR,1.0,-39.00,SST-S,,,,STORE00
1100,C2CF10,2026,1,110000,BV,2026-06-22,2026-06-22,MYR,1.0,540.00,SST-S,,,,STORE01
1100,C2CF10,2026,2,400000,BV,2026-06-22,2026-06-22,MYR,1.0,-500.00,SST-S,,,,STORE01
1100,C2CF10,2026,3,230000,BV,2026-06-22,2026-06-22,MYR,1.0,-40.00,SST-S,,,,STORE01
1100,C2CF11,2026,1,110000,BV,2026-06-23,2026-06-23,MYR,1.0,553.50,SST-S,,,,STORE02
1100,C2CF11,2026,2,400000,BV,2026-06-23,2026-06-23,MYR,1.0,-512.50,SST-S,,,,STORE02
1100,C2CF11,2026,3,230000,BV,2026-06-23,2026-06-23,MYR,1.0,-41.00,SST-S,,,,STORE02
1100,C2CF12,2026,1,110000,BV,2026-06-24,2026-06-24,MYR,1.0,567.00,SST-S,,,,STORE03
1100,C2CF12,2026,2,400000,BV,2026-06-24,2026-06-24,MYR,1.0,-525.00,SST-S,,,,STORE03
1100,C2CF12,2026,3,230000,BV,2026-06-24,2026-06-24,MYR,1.0,-42.00,SST-S,,,,STORE03
1100,C2CF13,2026,1,110000,BV,2026-06-25,2026-06-25,MYR,1.0,580.50,SST-S,,,,STORE04
1100,C2CF13,2026,2,400000,BV,2026-06-25,2026-06-25,MYR,1.0,-537.50,SST-S,,,,STORE04
1100,C2CF13,2026,3,230000,BV,2026-06-25,2026-06-25,MYR,1.0,-43.00,SST-S,,,,STORE04
1100,C2CF14,2026,1,110000,BV,2026-06-26,2026-06-26,MYR,1.0,594.00,SST-S,,,,STORE05
1100,C2CF14,2026,2,400000,BV,2026-06-26,2026-06-26,MYR,1.0,-550.00,SST-S,,,,STORE05
1100,C2CF14,2026,3,230000,BV,2026-06-26,2026-06-26,MYR,1.0,-44.00,SST-S,,,,STORE05
1100,C2CF15,2026,1,110000,BV,2026-06-27,2026-06-27,MYR,1.0,607.50,SST-S,,,,STORE06
1100,C2CF15,2026,2,400000,BV,2026-06-27,2026-06-27,MYR,1.0,-562.50,SST-S,,,,STORE06
1100,C2CF15,2026,3,230000,BV,2026-06-27,2026-06-27,MYR,1.0,-45.00,SST-S,,,,STORE06
1100,C2CF16,2026,1,110000,BV,2026-06-20,2026-06-20,MYR,1.0,621.00,SST-S,,,,STORE07
1100,C2CF16,2026,2,400000,BV,2026-06-20,2026-06-20,MYR,1.0,-575.00,SST-S,,,,STORE07
1100,C2CF16,2026,3,230000,BV,2026-06-20,2026-06-20,MYR,1.0,-46.00,SST-S,,,,STORE07
1100,C2CF17,2026,1,110000,BV,2026-06-21,2026-06-21,MYR,1.0,634.50,SST-S,,,,STORE08
1100,C2CF17,2026,2,400000,BV,2026-06-21,2026-06-21,MYR,1.0,-587.50,SST-S,,,,STORE08
1100,C2CF17,2026,3,230000,BV,2026-06-21,2026-06-21,MYR,1.0,-47.00,SST-S,,,,STORE08
1100,C2CF18,2026,1,110000,BV,2026-06-22,2026-06-22,MYR,1.0,648.00,SST-S,,,,STORE00
1100,C2CF18,2026,2,400000,BV,2026-06-22,2026-06-22,MYR,1.0,-600.00,SST-S,,,,STORE00
1100,C2CF18,2026,3,230000,BV,2026-06-22,2026-06-22,MYR,1.0,-48.00,SST-S,,,,STORE00
1100,C2CF19,2026,1,110000,BV,2026-06-23,2026-06-23,MYR,1.0,661.50,SST-S,,,,STORE01
1100,C2CF19,2026,2,400000,BV,2026-06-23,2026-06-23,MYR,1.0,-612.50,SST-S,,,,STORE01
1100,C2CF19,2026,3,230000,BV,2026-06-23,2026-06-23,MYR,1.0,-49.00,SST-S,,,,STORE01
1100,C2CF20,2026,1,110000,BV,2026-06-24,2026-06-24,MYR,1.0,675.00,SST-S,,,,STORE02
1100,C2CF20,2026,2,400000,BV,2026-06-24,2026-06-24,MYR,1.0,-625.00,SST-S,,,,STORE02
1100,C2CF20,2026,3,230000,BV,2026-06-24,2026-06-24,MYR,1.0,-50.00,SST-S,,,,STORE02
1100,C2CF21,2026,1,110000,BV,2026-06-25,2026-06-25,MYR,1.0,688.50,SST-S,,,,STORE03
1100,C2CF21,2026,2,400000,BV,2026-06-25,2026-06-25,MYR,1.0,-637.50,SST-S,,,,STORE03
1100,C2CF21,2026,3,230000,BV,2026-06-25,2026-06-25,MYR,1.0,-51.00,SST-S,,,,STORE03
1100,C2CF22,2026,1,110000,BV,2026-06-26,2026-06-26,MYR,1.0,702.00,SST-S,,,,STORE04
1100,C2CF22,2026,2,400000,BV,2026-06-26,2026-06-26,MYR,1.0,-650.00,SST-S,,,,STORE04
1100,C2CF22,2026,3,230000,BV,2026-06-26,2026-06-26,MYR,1.0,-52.00,SST-S,,,,STORE04
1100,C2CF23,2026,1,110000,BV,2026-06-27,2026-06-27,MYR,1.0,715.50,SST-S,,,,STORE05
1100,C2CF23,2026,2,400000,BV,2026-06-27,2026-06-27,MYR,1.0,-662.50,SST-S,,,,STORE05
1100,C2CF23,2026,3,230000,BV,2026-06-27,2026-06-27,MYR,1.0,-53.00,SST-S,,,,STORE05
1100,C2CF24,2026,1,110000,BV,2026-06-20,2026-06-20,MYR,1.0,729.00,SST-S,,,,STORE06
1100,C2CF24,2026,2,400000,BV,2026-06-20,2026-06-20,MYR,1.0,-675.00,SST-S,,,,STORE06
1100,C2CF24,2026,3,230000,BV,2026-06-20,2026-06-20,MYR,1.0,-54.00,SST-S,,,,STORE06
1100,C2CF25,2026,1,110000,BV,2026-06-21,2026-06-21,MYR,1.0,742.50,SST-S,,,,STORE07
1100,C2CF25,2026,2,400000,BV,2026-06-21,2026-06-21,MYR,1.0,-687.50,SST-S,,,,STORE07
1100,C2CF25,2026,3,230000,BV,2026-06-21,2026-06-21,MYR,1.0,-55.00,SST-S,,,,STORE07
1100,C2CF26,2026,1,110000,BV,2026-06-22,2026-06-22,MYR,1.0,756.00,SST-S,,,,STORE08
1100,C2CF26,2026,2,400000,BV,2026-06-22,2026-06-22,MYR,1.0,-700.00,SST-S,,,,STORE08
1100,C2CF26,2026,3,230000,BV,2026-06-22,2026-06-22,MYR,1.0,-56.00,SST-S,,,,STORE08
1100,C2CF27,2026,1,110000,BV,2026-06-23,2026-06-23,MYR,1.0,769.50,SST-S,,,,STORE00
1100,C2CF27,2026,2,400000,BV,2026-06-23,2026-06-23,MYR,1.0,-712.50,SST-S,,,,STORE00
1100,C2CF27,2026,3,230000,BV,2026-06-23,2026-06-23,MYR,1.0,-57.00,SST-S,,,,STORE00
1100,C2CF28,2026,1,110000,BV,2026-06-24,2026-06-24,MYR,1.0,783.00,SST-S,,,,STORE01
1100,C2CF28,2026,2,400000,BV,2026-06-24,2026-06-24,MYR,1.0,-725.00,SST-S,,,,STORE01
1100,C2CF28,2026,3,230000,BV,2026-06-24,2026-06-24,MYR,1.0,-58.00,SST-S,,,,STORE01
1100,C2CF29,2026,1,110000,BV,2026-06-25,2026-06-25,MYR,1.0,796.50,SST-S,,,,STORE02
1100,C2CF29,2026,2,400000,BV,2026-06-25,2026-06-25,MYR,1.0,-737.50,SST-S,,,,STORE02
1100,C2CF29,2026,3,230000,BV,2026-06-25,2026-06-25,MYR,1.0,-59.00,SST-S,,,,STORE02
1100,C2CF30,2026,1,110000,BV,2026-06-26,2026-06-26,MYR,1.0,810.00,SST-S,,,,STORE03
1100,C2CF30,2026,2,400000,BV,2026-06-26,2026-06-26,MYR,1.0,-750.00,SST-S,,,,STORE03
1100,C2CF30,2026,3,230000,BV,2026-06-26,2026-06-26,MYR,1.0,-60.00,SST-S,,,,STORE03
1100,C2CF31,2026,1,110000,BV,2026-06-27,2026-06-27,MYR,1.0,823.50,SST-S,,,,STORE04
1100,C2CF31,2026,2,400000,BV,2026-06-27,2026-06-27,MYR,1.0,-762.50,SST-S,,,,STORE04
1100,C2CF31,2026,3,230000,BV,2026-06-27,2026-06-27,MYR,1.0,-61.00,SST-S,,,,STORE04
1100,C2CF32,2026,1,110000,BV,2026-06-20,2026-06-20,MYR,1.0,837.00,SST-S,,,,STORE05
1100,C2CF32,2026,2,400000,BV,2026-06-20,2026-06-20,MYR,1.0,-775.00,SST-S,,,,STORE05
1100,C2CF32,2026,3,230000,BV,2026-06-20,2026-06-20,MYR,1.0,-62.00,SST-S,,,,STORE05
1100,C2CF33,2026,1,110000,BV,2026-06-21,2026-06-21,MYR,1.0,850.50,SST-S,,,,STORE06
1100,C2CF33,2026,2,400000,BV,2026-06-21,2026-06-21,MYR,1.0,-787.50,SST-S,,,,STORE06
1100,C2CF33,2026,3,230000,BV,2026-06-21,2026-06-21,MYR,1.0,-63.00,SST-S,,,,STORE06
1100,C2CF34,2026,1,110000,BV,2026-06-22,2026-06-22,MYR,1.0,864.00,SST-S,,,,STORE07
1100,C2CF34,2026,2,400000,BV,2026-06-22,2026-06-22,MYR,1.0,-800.00,SST-S,,,,STORE07
1100,C2CF34,2026,3,230000,BV,2026-06-22,2026-06-22,MYR,1.0,-64.00,SST-S,,,,STORE07
1100,C2CF35,2026,1,110000,BV,2026-06-23,2026-06-23,MYR,1.0,877.50,SST-S,,,,STORE08
1100,C2CF35,2026,2,400000,BV,2026-06-23,2026-06-23,MYR,1.0,-812.50,SST-S,,,,STORE08
1100,C2CF35,2026,3,230000,BV,2026-06-23,2026-06-23,MYR,1.0,-65.00,SST-S,,,,STORE08
1100,C2CF36,2026,1,110000,BV,2026-06-24,2026-06-24,MYR,1.0,891.00,SST-S,,,,STORE00
1100,C2CF36,2026,2,400000,BV,2026-06-24,2026-06-24,MYR,1.0,-825.00,SST-S,,,,STORE00
1100,C2CF36,2026,3,230000,BV,2026-06-24,2026-06-24,MYR,1.0,-66.00,SST-S,,,,STORE00
1100,C2CF37,2026,1,110000,BV,2026-06-25,2026-06-25,MYR,1.0,904.50,SST-S,,,,STORE01
1100,C2CF37,2026,2,400000,BV,2026-06-25,2026-06-25,MYR,1.0,-837.50,SST-S,,,,STORE01
1100,C2CF37,2026,3,230000,BV,2026-06-25,2026-06-25,MYR,1.0,-67.00,SST-S,,,,STORE01
1100,C2CF38,2026,1,110000,BV,2026-06-26,2026-06-26,MYR,1.0,918.00,SST-S,,,,STORE02
1100,C2CF38,2026,2,400000,BV,2026-06-26,2026-06-26,MYR,1.0,-850.00,SST-S,,,,STORE02
1100,C2CF38,2026,3,230000,BV,2026-06-26,2026-06-26,MYR,1.0,-68.00,SST-S,,,,STORE02
1100,C2CF39,2026,1,110000,BV,2026-06-27,2026-06-27,MYR,1.0,931.50,SST-S,,,,STORE03
1100,C2CF39,2026,2,400000,BV,2026-06-27,2026-06-27,MYR,1.0,-862.50,SST-S,,,,STORE03
1100,C2CF39,2026,3,230000,BV,2026-06-27,2026-06-27,MYR,1.0,-69.00,SST-S,,,,STORE03
1100,C2CF40,2026,1,110000,BV,2026-06-20,2026-06-20,MYR,1.0,945.00,SST-S,,,,STORE04
1100,C2CF40,2026,2,400000,BV,2026-06-20,2026-06-20,MYR,1.0,-875.00,SST-S,,,,STORE04
1100,C2CF40,2026,3,230000,BV,2026-06-20,2026-06-20,MYR,1.0,-70.00,SST-S,,,,STORE04
1100,C2CF41,2026,1,110000,BV,2026-06-21,2026-06-21,MYR,1.0,958.50,SST-S,,,,STORE05
1100,C2CF41,2026,2,400000,BV,2026-06-21,2026-06-21,MYR,1.0,-887.50,SST-S,,,,STORE05
1100,C2CF41,2026,3,230000,BV,2026-06-21,2026-06-21,MYR,1.0,-71.00,SST-S,,,,STORE05
1100,C2CF42,2026,1,110000,BV,2026-06-22,2026-06-22,MYR,1.0,972.00,SST-S,,,,STORE06
1100,C2CF42,2026,2,400000,BV,2026-06-22,2026-06-22,MYR,1.0,-900.00,SST-S,,,,STORE06
1100,C2CF42,2026,3,230000,BV,2026-06-22,2026-06-22,MYR,1.0,-72.00,SST-S,,,,STORE06
1100,C2CF43,2026,1,110000,BV,2026-06-23,2026-06-23,MYR,1.0,985.50,SST-S,,,,STORE07
1100,C2CF43,2026,2,400000,BV,2026-06-23,2026-06-23,MYR,1.0,-912.50,SST-S,,,,STORE07
1100,C2CF43,2026,3,230000,BV,2026-06-23,2026-06-23,MYR,1.0,-73.00,SST-S,,,,STORE07
1100,C2CF44,2026,1,110000,BV,2026-06-24,2026-06-24,MYR,1.0,999.00,SST-S,,,,STORE08
1100,C2CF44,2026,2,400000,BV,2026-06-24,2026-06-24,MYR,1.0,-925.00,SST-S,,,,STORE08
1100,C2CF44,2026,3,230000,BV,2026-06-24,2026-06-24,MYR,1.0,-74.00,SST-S,,,,STORE08
1100,C2CF45,2026,1,110000,BV,2026-06-25,2026-06-25,MYR,1.0,1012.50,SST-S,,,,STORE00
1100,C2CF45,2026,2,400000,BV,2026-06-25,2026-06-25,MYR,1.0,-937.50,SST-S,,,,STORE00
1100,C2CF45,2026,3,230000,BV,2026-06-25,2026-06-25,MYR,1.0,-75.00,SST-S,,,,STORE00
1100,C2CF46,2026,1,110000,BV,2026-06-26,2026-06-26,MYR,1.0,1026.00,SST-S,,,,STORE01
1100,C2CF46,2026,2,400000,BV,2026-06-26,2026-06-26,MYR,1.0,-950.00,SST-S,,,,STORE01
1100,C2CF46,2026,3,230000,BV,2026-06-26,2026-06-26,MYR,1.0,-76.00,SST-S,,,,STORE01
1100,C2CF47,2026,1,110000,BV,2026-06-27,2026-06-27,MYR,1.0,1039.50,SST-S,,,,STORE02
1100,C2CF47,2026,2,400000,BV,2026-06-27,2026-06-27,MYR,1.0,-962.50,SST-S,,,,STORE02
1100,C2CF47,2026,3,230000,BV,2026-06-27,2026-06-27,MYR,1.0,-77.00,SST-S,,,,STORE02
1100,C2CF48,2026,1,110000,BV,2026-06-20,2026-06-20,MYR,1.0,1053.00,SST-S,,,,STORE03
1100,C2CF48,2026,2,400000,BV,2026-06-20,2026-06-20,MYR,1.0,-975.00,SST-S,,,,STORE03
1100,C2CF48,2026,3,230000,BV,2026-06-20,2026-06-20,MYR,1.0,-78.00,SST-S,,,,STORE03
1100,C2CF49,2026,1,110000,BV,2026-06-21,2026-06-21,MYR,1.0,1066.50,SST-S,,,,STORE04
1100,C2CF49,2026,2,400000,BV,2026-06-21,2026-06-21,MYR,1.0,-987.50,SST-S,,,,STORE04
1100,C2CF49,2026,3,230000,BV,2026-06-21,2026-06-21,MYR,1.0,-79.00,SST-S,,,,STORE04
1100,C2CF50,2026,1,110000,BV,2026-06-22,2026-06-22,MYR,1.0,1080.00,SST-S,,,,STORE05
1100,C2CF50,2026,2,400000,BV,2026-06-22,2026-06-22,MYR,1.0,-1000.00,SST-S,,,,STORE05
1100,C2CF50,2026,3,230000,BV,2026-06-22,2026-06-22,MYR,1.0,-80.00,SST-S,,,,STORE05
1100,C2CF51,2026,1,110000,BV,2026-06-23,2026-06-23,MYR,1.0,1093.50,SST-S,,,,STORE06
1100,C2CF51,2026,2,400000,BV,2026-06-23,2026-06-23,MYR,1.0,-1012.50,SST-S,,,,STORE06
1100,C2CF51,2026,3,230000,BV,2026-06-23,2026-06-23,MYR,1.0,-81.00,SST-S,,,,STORE06
1100,C2CF52,2026,1,110000,BV,2026-06-24,2026-06-24,MYR,1.0,1107.00,SST-S,,,,STORE07
1100,C2CF52,2026,2,400000,BV,2026-06-24,2026-06-24,MYR,1.0,-1025.00,SST-S,,,,STORE07
1100,C2CF52,2026,3,230000,BV,2026-06-24,2026-06-24,MYR,1.0,-82.00,SST-S,,,,STORE07
1100,C2CF53,2026,1,110000,BV,2026-06-25,2026-06-25,MYR,1.0,1120.50,SST-S,,,,STORE08
1100,C2CF53,2026,2,400000,BV,2026-06-25,2026-06-25,MYR,1.0,-1037.50,SST-S,,,,STORE08
1100,C2CF53,2026,3,230000,BV,2026-06-25,2026-06-25,MYR,1.0,-83.00,SST-S,,,,STORE08
1100,C2CF54,2026,1,110000,BV,2026-06-26,2026-06-26,MYR,1.0,1134.00,SST-S,,,,STORE00
1100,C2CF54,2026,2,400000,BV,2026-06-26,2026-06-26,MYR,1.0,-1050.00,SST-S,,,,STORE00
1100,C2CF54,2026,3,230000,BV,2026-06-26,2026-06-26,MYR,1.0,-84.00,SST-S,,,,STORE00
1100,C2CF55,2026,1,110000,BV,2026-06-27,2026-06-27,MYR,1.0,1147.50,SST-S,,,,STORE01
1100,C2CF55,2026,2,400000,BV,2026-06-27,2026-06-27,MYR,1.0,-1062.50,SST-S,,,,STORE01
1100,C2CF55,2026,3,230000,BV,2026-06-27,2026-06-27,MYR,1.0,-85.00,SST-S,,,,STORE01
1100,C2CF56,2026,1,110000,BV,2026-06-20,2026-06-20,MYR,1.0,1161.00,SST-S,,,,STORE02
1100,C2CF56,2026,2,400000,BV,2026-06-20,2026-06-20,MYR,1.0,-1075.00,SST-S,,,,STORE02
1100,C2CF56,2026,3,230000,BV,2026-06-20,2026-06-20,MYR,1.0,-86.00,SST-S,,,,STORE02
1100,C2CF57,2026,1,110000,BV,2026-06-21,2026-06-21,MYR,1.0,1174.50,SST-S,,,,STORE03
1100,C2CF57,2026,2,400000,BV,2026-06-21,2026-06-21,MYR,1.0,-1087.50,SST-S,,,,STORE03
1100,C2CF57,2026,3,230000,BV,2026-06-21,2026-06-21,MYR,1.0,-87.00,SST-S,,,,STORE03
1100,C2CF58,2026,1,110000,BV,2026-06-22,2026-06-22,MYR,1.0,1188.00,SST-S,,,,STORE04
1100,C2CF58,2026,2,400000,BV,2026-06-22,2026-06-22,MYR,1.0,-1100.00,SST-S,,,,STORE04
1100,C2CF58,2026,3,230000,BV,2026-06-22,2026-06-22,MYR,1.0,-88.00,SST-S,,,,STORE04
1100,C2CF59,2026,1,110000,BV,2026-06-23,2026-06-23,MYR,1.0,1201.50,SST-S,,,,STORE05
1100,C2CF59,2026,2,400000,BV,2026-06-23,2026-06-23,MYR,1.0,-1112.50,SST-S,,,,STORE05
1100,C2CF59,2026,3,230000,BV,2026-06-23,2026-06-23,MYR,1.0,-89.00,SST-S,,,,STORE05
1100,C2CF60,2026,1,110000,BV,2026-06-24,2026-06-24,MYR,1.0,1215.00,SST-S,,,,STORE06
1100,C2CF60,2026,2,400000,BV,2026-06-24,2026-06-24,MYR,1.0,-1125.00,SST-S,,,,STORE06
1100,C2CF60,2026,3,230000,BV,2026-06-24,2026-06-24,MYR,1.0,-90.00,SST-S,,,,STORE06
1100,C2CF61,2026,1,110000,BV,2026-06-25,2026-06-25,MYR,1.0,1228.50,SST-S,,,,STORE07
1100,C2CF61,2026,2,400000,BV,2026-06-25,2026-06-25,MYR,1.0,-1137.50,SST-S,,,,STORE07
1100,C2CF61,2026,3,230000,BV,2026-06-25,2026-06-25,MYR,1.0,-91.00,SST-S,,,,STORE07
1100,C2CF62,2026,1,110000,BV,2026-06-26,2026-06-26,MYR,1.0,1242.00,SST-S,,,,STORE08
1100,C2CF62,2026,2,400000,BV,2026-06-26,2026-06-26,MYR,1.0,-1150.00,SST-S,,,,STORE08
1100,C2CF62,2026,3,230000,BV,2026-06-26,2026-06-26,MYR,1.0,-92.00,SST-S,,,,STORE08
1100,C2CF63,2026,1,110000,BV,2026-06-27,2026-06-27,MYR,1.0,1255.50,SST-S,,,,STORE00
1100,C2CF63,2026,2,400000,BV,2026-06-27,2026-06-27,MYR,1.0,-1162.50,SST-S,,,,STORE00
1100,C2CF63,2026,3,230000,BV,2026-06-27,2026-06-27,MYR,1.0,-93.00,SST-S,,,,STORE00
1100,C2CF64,2026,1,110000,BV,2026-06-20,2026-06-20,MYR,1.0,1269.00,SST-S,,,,STORE01
1100,C2CF64,2026,2,400000,BV,2026-06-20,2026-06-20,MYR,1.0,-1175.00,SST-S,,,,STORE01
1100,C2CF64,2026,3,230000,BV,2026-06-20,2026-06-20,MYR,1.0,-94.00,SST-S,,,,STORE01
1100,C2CF65,2026,1,110000,BV,2026-06-21,2026-06-21,MYR,1.0,1282.50,SST-S,,,,STORE02
1100,C2CF65,2026,2,400000,BV,2026-06-21,2026-06-21,MYR,1.0,-1187.50,SST-S,,,,STORE02
1100,C2CF65,2026,3,230000,BV,2026-06-21,2026-06-21,MYR,1.0,-95.00,SST-S,,,,STORE02
1100,C2CF66,2026,1,110000,BV,2026-06-22,2026-06-22,MYR,1.0,1296.00,SST-S,,,,STORE03
1100,C2CF66,2026,2,400000,BV,2026-06-22,2026-06-22,MYR,1.0,-1200.00,SST-S,,,,STORE03
1100,C2CF66,2026,3,230000,BV,2026-06-22,2026-06-22,MYR,1.0,-96.00,SST-S,,,,STORE03
1100,C2CF67,2026,1,110000,BV,2026-06-23,2026-06-23,MYR,1.0,1309.50,SST-S,,,,STORE04
1100,C2CF67,2026,2,400000,BV,2026-06-23,2026-06-23,MYR,1.0,-1212.50,SST-S,,,,STORE04
1100,C2CF67,2026,3,230000,BV,2026-06-23,2026-06-23,MYR,1.0,-97.00,SST-S,,,,STORE04
1100,C2CF68,2026,1,110000,BV,2026-06-24,2026-06-24,MYR,1.0,1323.00,SST-S,,,,STORE05
1100,C2CF68,2026,2,400000,BV,2026-06-24,2026-06-24,MYR,1.0,-1225.00,SST-S,,,,STORE05
1100,C2CF68,2026,3,230000,BV,2026-06-24,2026-06-24,MYR,1.0,-98.00,SST-S,,,,STORE05
1100,C2CF69,2026,1,110000,BV,2026-06-25,2026-06-25,MYR,1.0,1336.50,SST-S,,,,STORE06
1100,C2CF69,2026,2,400000,BV,2026-06-25,2026-06-25,MYR,1.0,-1237.50,SST-S,,,,STORE06
1100,C2CF69,2026,3,230000,BV,2026-06-25,2026-06-25,MYR,1.0,-99.00,SST-S,,,,STORE06
1100,C2CF70,2026,1,110000,BV,2026-06-26,2026-06-26,MYR,1.0,1350.00,SST-S,,,,STORE07
1100,C2CF70,2026,2,400000,BV,2026-06-26,2026-06-26,MYR,1.0,-1250.00,SST-S,,,,STORE07
1100,C2CF70,2026,3,230000,BV,2026-06-26,2026-06-26,MYR,1.0,-100.00,SST-S,,,,STORE07
1100,C2CF71,2026,1,110000,BV,2026-06-27,2026-06-27,MYR,1.0,1363.50,SST-S,,,,STORE08
1100,C2CF71,2026,2,400000,BV,2026-06-27,2026-06-27,MYR,1.0,-1262.50,SST-S,,,,STORE08
1100,C2CF71,2026,3,230000,BV,2026-06-27,2026-06-27,MYR,1.0,-101.00,SST-S,,,,STORE08
1100,C2CF72,2026,1,110000,BV,2026-06-20,2026-06-20,MYR,1.0,1377.00,SST-S,,,,STORE00
1100,C2CF72,2026,2,400000,BV,2026-06-20,2026-06-20,MYR,1.0,-1275.00,SST-S,,,,STORE00
1100,C2CF72,2026,3,230000,BV,2026-06-20,2026-06-20,MYR,1.0,-102.00,SST-S,,,,STORE00
1100,C2CF73,2026,1,110000,BV,2026-06-21,2026-06-21,MYR,1.0,1390.50,SST-S,,,,STORE01
1100,C2CF73,2026,2,400000,BV,2026-06-21,2026-06-21,MYR,1.0,-1287.50,SST-S,,,,STORE01
1100,C2CF73,2026,3,230000,BV,2026-06-21,2026-06-21,MYR,1.0,-103.00,SST-S,,,,STORE01
1100,C2CF74,2026,1,110000,BV,2026-06-22,2026-06-22,MYR,1.0,1404.00,SST-S,,,,STORE02
1100,C2CF74,2026,2,400000,BV,2026-06-22,2026-06-22,MYR,1.0,-1300.00,SST-S,,,,STORE02
1100,C2CF74,2026,3,230000,BV,2026-06-22,2026-06-22,MYR,1.0,-104.00,SST-S,,,,STORE02
1100,C2CF75,2026,1,110000,BV,2026-06-23,2026-06-23,MYR,1.0,1417.50,SST-S,,,,STORE03
1100,C2CF75,2026,2,400000,BV,2026-06-23,2026-06-23,MYR,1.0,-1312.50,SST-S,,,,STORE03
1100,C2CF75,2026,3,230000,BV,2026-06-23,2026-06-23,MYR,1.0,-105.00,SST-S,,,,STORE03
1100,C2CF76,2026,1,110000,BV,2026-06-24,2026-06-24,MYR,1.0,1431.00,SST-S,,,,STORE04
1100,C2CF76,2026,2,400000,BV,2026-06-24,2026-06-24,MYR,1.0,-1325.00,SST-S,,,,STORE04
1100,C2CF76,2026,3,230000,BV,2026-06-24,2026-06-24,MYR,1.0,-106.00,SST-S,,,,STORE04
1100,C2CF77,2026,1,110000,BV,2026-06-25,2026-06-25,MYR,1.0,1444.50,SST-S,,,,STORE05
1100,C2CF77,2026,2,400000,BV,2026-06-25,2026-06-25,MYR,1.0,-1337.50,SST-S,,,,STORE05
1100,C2CF77,2026,3,230000,BV,2026-06-25,2026-06-25,MYR,1.0,-107.00,SST-S,,,,STORE05
1100,C2CF78,2026,1,110000,BV,2026-06-26,2026-06-26,MYR,1.0,1458.00,SST-S,,,,STORE06
1100,C2CF78,2026,2,400000,BV,2026-06-26,2026-06-26,MYR,1.0,-1350.00,SST-S,,,,STORE06
1100,C2CF78,2026,3,230000,BV,2026-06-26,2026-06-26,MYR,1.0,-108.00,SST-S,,,,STORE06
1100,C2CF79,2026,1,110000,BV,2026-06-27,2026-06-27,MYR,1.0,1471.50,SST-S,,,,STORE07
1100,C2CF79,2026,2,400000,BV,2026-06-27,2026-06-27,MYR,1.0,-1362.50,SST-S,,,,STORE07
1100,C2CF79,2026,3,230000,BV,2026-06-27,2026-06-27,MYR,1.0,-109.00,SST-S,,,,STORE07
1100,C2CF80,2026,1,110000,BV,2026-06-20,2026-06-20,MYR,1.0,1485.00,SST-S,,,,STORE08
1100,C2CF80,2026,2,400000,BV,2026-06-20,2026-06-20,MYR,1.0,-1375.00,SST-S,,,,STORE08
1100,C2CF80,2026,3,230000,BV,2026-06-20,2026-06-20,MYR,1.0,-110.00,SST-S,,,,STORE08
1100,C2CF81,2026,1,110000,BV,2026-06-21,2026-06-21,MYR,1.0,1498.50,SST-S,,,,STORE00
1100,C2CF81,2026,2,400000,BV,2026-06-21,2026-06-21,MYR,1.0,-1387.50,SST-S,,,,STORE00
1100,C2CF81,2026,3,230000,BV,2026-06-21,2026-06-21,MYR,1.0,-111.00,SST-S,,,,STORE00
1100,C2CF82,2026,1,110000,BV,2026-06-22,2026-06-22,MYR,1.0,1512.00,SST-S,,,,STORE01
1100,C2CF82,2026,2,400000,BV,2026-06-22,2026-06-22,MYR,1.0,-1400.00,SST-S,,,,STORE01
1100,C2CF82,2026,3,230000,BV,2026-06-22,2026-06-22,MYR,1.0,-112.00,SST-S,,,,STORE01
1100,C2CF83,2026,1,110000,BV,2026-06-23,2026-06-23,MYR,1.0,1525.50,SST-S,,,,STORE02
1100,C2CF83,2026,2,400000,BV,2026-06-23,2026-06-23,MYR,1.0,-1412.50,SST-S,,,,STORE02
1100,C2CF83,2026,3,230000,BV,2026-06-23,2026-06-23,MYR,1.0,-113.00,SST-S,,,,STORE02
1100,C2CF84,2026,1,110000,BV,2026-06-24,2026-06-24,MYR,1.0,1539.00,SST-S,,,,STORE03
1100,C2CF84,2026,2,400000,BV,2026-06-24,2026-06-24,MYR,1.0,-1425.00,SST-S,,,,STORE03
1100,C2CF84,2026,3,230000,BV,2026-06-24,2026-06-24,MYR,1.0,-114.00,SST-S,,,,STORE03
1100,C2CF85,2026,1,110000,BV,2026-06-25,2026-06-25,MYR,1.0,1552.50,SST-S,,,,STORE04
1100,C2CF85,2026,2,400000,BV,2026-06-25,2026-06-25,MYR,1.0,-1437.50,SST-S,,,,STORE04
1100,C2CF85,2026,3,230000,BV,2026-06-25,2026-06-25,MYR,1.0,-115.00,SST-S,,,,STORE04
1100,C2CF86,2026,1,110000,BV,2026-06-26,2026-06-26,MYR,1.0,1566.00,SST-S,,,,STORE05
1100,C2CF86,2026,2,400000,BV,2026-06-26,2026-06-26,MYR,1.0,-1450.00,SST-S,,,,STORE05
1100,C2CF86,2026,3,230000,BV,2026-06-26,2026-06-26,MYR,1.0,-116.00,SST-S,,,,STORE05
1100,C2CF87,2026,1,110000,BV,2026-06-27,2026-06-27,MYR,1.0,1579.50,SST-S,,,,STORE06
1100,C2CF87,2026,2,400000,BV,2026-06-27,2026-06-27,MYR,1.0,-1462.50,SST-S,,,,STORE06
1100,C2CF87,2026,3,230000,BV,2026-06-27,2026-06-27,MYR,1.0,-117.00,SST-S,,,,STORE06
1100,C2CF88,2026,1,110000,BV,2026-06-20,2026-06-20,MYR,1.0,1593.00,SST-S,,,,STORE07
1100,C2CF88,2026,2,400000,BV,2026-06-20,2026-06-20,MYR,1.0,-1475.00,SST-S,,,,STORE07
1100,C2CF88,2026,3,230000,BV,2026-06-20,2026-06-20,MYR,1.0,-118.00,SST-S,,,,STORE07
1100,C2CF89,2026,1,110000,BV,2026-06-21,2026-06-21,MYR,1.0,1606.50,SST-S,,,,STORE08
1100,C2CF89,2026,2,400000,BV,2026-06-21,2026-06-21,MYR,1.0,-1487.50,SST-S,,,,STORE08
1100,C2CF89,2026,3,230000,BV,2026-06-21,2026-06-21,MYR,1.0,-119.00,SST-S,,,,STORE08
1100,C2CF90,2026,1,110000,BV,2026-06-22,2026-06-22,MYR,1.0,1620.00,SST-S,,,,STORE00
1100,C2CF90,2026,2,400000,BV,2026-06-22,2026-06-22,MYR,1.0,-1500.00,SST-S,,,,STORE00
1100,C2CF90,2026,3,230000,BV,2026-06-22,2026-06-22,MYR,1.0,-120.00,SST-S,,,,STORE00
1100,C2CF91,2026,1,110000,BV,2026-06-23,2026-06-23,MYR,1.0,1633.50,SST-S,,,,STORE01
1100,C2CF91,2026,2,400000,BV,2026-06-23,2026-06-23,MYR,1.0,-1512.50,SST-S,,,,STORE01
1100,C2CF91,2026,3,230000,BV,2026-06-23,2026-06-23,MYR,1.0,-121.00,SST-S,,,,STORE01
1100,C2CF92,2026,1,110000,BV,2026-06-24,2026-06-24,MYR,1.0,1647.00,SST-S,,,,STORE02
1100,C2CF92,2026,2,400000,BV,2026-06-24,2026-06-24,MYR,1.0,-1525.00,SST-S,,,,STORE02
1100,C2CF92,2026,3,230000,BV,2026-06-24,2026-06-24,MYR,1.0,-122.00,SST-S,,,,STORE02
1100,C2CF93,2026,1,110000,BV,2026-06-25,2026-06-25,MYR,1.0,1660.50,SST-S,,,,STORE03
1100,C2CF93,2026,2,400000,BV,2026-06-25,2026-06-25,MYR,1.0,-1537.50,SST-S,,,,STORE03
1100,C2CF93,2026,3,230000,BV,2026-06-25,2026-06-25,MYR,1.0,-123.00,SST-S,,,,STORE03
1100,C2CF94,2026,1,110000,BV,2026-06-26,2026-06-26,MYR,1.0,1674.00,SST-S,,,,STORE04
1100,C2CF94,2026,2,400000,BV,2026-06-26,2026-06-26,MYR,1.0,-1550.00,SST-S,,,,STORE04
1100,C2CF94,2026,3,230000,BV,2026-06-26,2026-06-26,MYR,1.0,-124.00,SST-S,,,,STORE04
1100,C2CF95,2026,1,110000,BV,2026-06-27,2026-06-27,MYR,1.0,1687.50,SST-S,,,,STORE05
1100,C2CF95,2026,2,400000,BV,2026-06-27,2026-06-27,MYR,1.0,-1562.50,SST-S,,,,STORE05
1100,C2CF95,2026,3,230000,BV,2026-06-27,2026-06-27,MYR,1.0,-125.00,SST-S,,,,STORE05
1100,C2CF96,2026,1,110000,BV,2026-06-20,2026-06-20,MYR,1.0,1701.00,SST-S,,,,STORE06
1100,C2CF96,2026,2,400000,BV,2026-06-20,2026-06-20,MYR,1.0,-1575.00,SST-S,,,,STORE06
1100,C2CF96,2026,3,230000,BV,2026-06-20,2026-06-20,MYR,1.0,-126.00,SST-S,,,,STORE06
1100,C2CF97,2026,1,110000,BV,2026-06-21,2026-06-21,MYR,1.0,1714.50,SST-S,,,,STORE07
1100,C2CF97,2026,2,400000,BV,2026-06-21,2026-06-21,MYR,1.0,-1587.50,SST-S,,,,STORE07
1100,C2CF97,2026,3,230000,BV,2026-06-21,2026-06-21,MYR,1.0,-127.00,SST-S,,,,STORE07
1100,C2CF98,2026,1,110000,BV,2026-06-22,2026-06-22,MYR,1.0,1728.00,SST-S,,,,STORE08
1100,C2CF98,2026,2,400000,BV,2026-06-22,2026-06-22,MYR,1.0,-1600.00,SST-S,,,,STORE08
1100,C2CF98,2026,3,230000,BV,2026-06-22,2026-06-22,MYR,1.0,-128.00,SST-S,,,,STORE08
1100,C2CF99,2026,1,110000,BV,2026-06-23,2026-06-23,MYR,1.0,1741.50,SST-S,,,,STORE00
1100,C2CF99,2026,2,400000,BV,2026-06-23,2026-06-23,MYR,1.0,-1612.50,SST-S,,,,STORE00
1100,C2CF99,2026,3,230000,BV,2026-06-23,2026-06-23,MYR,1.0,-129.00,SST-S,,,,STORE00
1100,C2CF100,2026,1,110000,BV,2026-06-24,2026-06-24,MYR,1.0,1755.00,SST-S,,,,STORE01
1100,C2CF100,2026,2,400000,BV,2026-06-24,2026-06-24,MYR,1.0,-1625.00,SST-S,,,,STORE01
1100,C2CF100,2026,3,230000,BV,2026-06-24,2026-06-24,MYR,1.0,-130.00,SST-S,,,,STORE01
1100,C2CF101,2026,1,110000,BV,2026-06-25,2026-06-25,MYR,1.0,1768.50,SST-S,,,,STORE02
1100,C2CF101,2026,2,400000,BV,2026-06-25,2026-06-25,MYR,1.0,-1637.50,SST-S,,,,STORE02
1100,C2CF101,2026,3,230000,BV,2026-06-25,2026-06-25,MYR,1.0,-131.00,SST-S,,,,STORE02
1100,C2CF102,2026,1,110000,BV,2026-06-26,2026-06-26,MYR,1.0,1782.00,SST-S,,,,STORE03
1100,C2CF102,2026,2,400000,BV,2026-06-26,2026-06-26,MYR,1.0,-1650.00,SST-S,,,,STORE03
1100,C2CF102,2026,3,230000,BV,2026-06-26,2026-06-26,MYR,1.0,-132.00,SST-S,,,,STORE03
1100,C2CF103,2026,1,110000,BV,2026-06-27,2026-06-27,MYR,1.0,1795.50,SST-S,,,,STORE04
1100,C2CF103,2026,2,400000,BV,2026-06-27,2026-06-27,MYR,1.0,-1662.50,SST-S,,,,STORE04
1100,C2CF103,2026,3,230000,BV,2026-06-27,2026-06-27,MYR,1.0,-133.00,SST-S,,,,STORE04
1100,C2CF104,2026,1,110000,BV,2026-06-20,2026-06-20,MYR,1.0,1809.00,SST-S,,,,STORE05
1100,C2CF104,2026,2,400000,BV,2026-06-20,2026-06-20,MYR,1.0,-1675.00,SST-S,,,,STORE05
1100,C2CF104,2026,3,230000,BV,2026-06-20,2026-06-20,MYR,1.0,-134.00,SST-S,,,,STORE05
1100,C2CF105,2026,1,110000,BV,2026-06-21,2026-06-21,MYR,1.0,1822.50,SST-S,,,,STORE06
1100,C2CF105,2026,2,400000,BV,2026-06-21,2026-06-21,MYR,1.0,-1687.50,SST-S,,,,STORE06
1100,C2CF105,2026,3,230000,BV,2026-06-21,2026-06-21,MYR,1.0,-135.00,SST-S,,,,STORE06
1100,C2CF106,2026,1,110000,BV,2026-06-22,2026-06-22,MYR,1.0,1836.00,SST-S,,,,STORE07
1100,C2CF106,2026,2,400000,BV,2026-06-22,2026-06-22,MYR,1.0,-1700.00,SST-S,,,,STORE07
1100,C2CF106,2026,3,230000,BV,2026-06-22,2026-06-22,MYR,1.0,-136.00,SST-S,,,,STORE07
1100,C2CF107,2026,1,110000,BV,2026-06-23,2026-06-23,MYR,1.0,1849.50,SST-S,,,,STORE08
1100,C2CF107,2026,2,400000,BV,2026-06-23,2026-06-23,MYR,1.0,-1712.50,SST-S,,,,STORE08
1100,C2CF107,2026,3,230000,BV,2026-06-23,2026-06-23,MYR,1.0,-137.00,SST-S,,,,STORE08
1100,C2CF108,2026,1,110000,BV,2026-06-24,2026-06-24,MYR,1.0,1863.00,SST-S,,,,STORE00
1100,C2CF108,2026,2,400000,BV,2026-06-24,2026-06-24,MYR,1.0,-1725.00,SST-S,,,,STORE00
1100,C2CF108,2026,3,230000,BV,2026-06-24,2026-06-24,MYR,1.0,-138.00,SST-S,,,,STORE00
1100,C2CF109,2026,1,110000,BV,2026-06-25,2026-06-25,MYR,1.0,1876.50,SST-S,,,,STORE01
1100,C2CF109,2026,2,400000,BV,2026-06-25,2026-06-25,MYR,1.0,-1737.50,SST-S,,,,STORE01
1100,C2CF109,2026,3,230000,BV,2026-06-25,2026-06-25,MYR,1.0,-139.00,SST-S,,,,STORE01
1100,C2CF110,2026,1,110000,BV,2026-06-26,2026-06-26,MYR,1.0,1890.00,SST-S,,,,STORE02
1100,C2CF110,2026,2,400000,BV,2026-06-26,2026-06-26,MYR,1.0,-1750.00,SST-S,,,,STORE02
1100,C2CF110,2026,3,230000,BV,2026-06-26,2026-06-26,MYR,1.0,-140.00,SST-S,,,,STORE02
1100,C2CF111,2026,1,110000,BV,2026-06-27,2026-06-27,MYR,1.0,1903.50,SST-S,,,,STORE03
1100,C2CF111,2026,2,400000,BV,2026-06-27,2026-06-27,MYR,1.0,-1762.50,SST-S,,,,STORE03
1100,C2CF111,2026,3,230000,BV,2026-06-27,2026-06-27,MYR,1.0,-141.00,SST-S,,,,STORE03
1100,C2CF112,2026,1,110000,BV,2026-06-20,2026-06-20,MYR,1.0,1917.00,SST-S,,,,STORE04
1100,C2CF112,2026,2,400000,BV,2026-06-20,2026-06-20,MYR,1.0,-1775.00,SST-S,,,,STORE04
1100,C2CF112,2026,3,230000,BV,2026-06-20,2026-06-20,MYR,1.0,-142.00,SST-S,,,,STORE04
1100,C2CF113,2026,1,110000,BV,2026-06-21,2026-06-21,MYR,1.0,1930.50,SST-S,,,,STORE05
1100,C2CF113,2026,2,400000,BV,2026-06-21,2026-06-21,MYR,1.0,-1787.50,SST-S,,,,STORE05
1100,C2CF113,2026,3,230000,BV,2026-06-21,2026-06-21,MYR,1.0,-143.00,SST-S,,,,STORE05
1100,C2CF114,2026,1,110000,BV,2026-06-22,2026-06-22,MYR,1.0,1944.00,SST-S,,,,STORE06
1100,C2CF114,2026,2,400000,BV,2026-06-22,2026-06-22,MYR,1.0,-1800.00,SST-S,,,,STORE06
1100,C2CF114,2026,3,230000,BV,2026-06-22,2026-06-22,MYR,1.0,-144.00,SST-S,,,,STORE06
1100,C2CF115,2026,1,110000,BV,2026-06-23,2026-06-23,MYR,1.0,1957.50,SST-S,,,,STORE07
1100,C2CF115,2026,2,400000,BV,2026-06-23,2026-06-23,MYR,1.0,-1812.50,SST-S,,,,STORE07
1100,C2CF115,2026,3,230000,BV,2026-06-23,2026-06-23,MYR,1.0,-145.00,SST-S,,,,STORE07
1100,C2CF116,2026,1,110000,BV,2026-06-24,2026-06-24,MYR,1.0,1971.00,SST-S,,,,STORE08
1100,C2CF116,2026,2,400000,BV,2026-06-24,2026-06-24,MYR,1.0,-1825.00,SST-S,,,,STORE08
1100,C2CF116,2026,3,230000,BV,2026-06-24,2026-06-24,MYR,1.0,-146.00,SST-S,,,,STORE08
1100,C2CF117,2026,1,110000,BV,2026-06-25,2026-06-25,MYR,1.0,1984.50,SST-S,,,,STORE00
1100,C2CF117,2026,2,400000,BV,2026-06-25,2026-06-25,MYR,1.0,-1837.50,SST-S,,,,STORE00
1100,C2CF117,2026,3,230000,BV,2026-06-25,2026-06-25,MYR,1.0,-147.00,SST-S,,,,STORE00
1100,C2CF118,2026,1,110000,BV,2026-06-26,2026-06-26,MYR,1.0,1998.00,SST-S,,,,STORE01
1100,C2CF118,2026,2,400000,BV,2026-06-26,2026-06-26,MYR,1.0,-1850.00,SST-S,,,,STORE01
1100,C2CF118,2026,3,230000,BV,2026-06-26,2026-06-26,MYR,1.0,-148.00,SST-S,,,,STORE01
1100,C2CF119,2026,1,110000,BV,2026-06-27,2026-06-27,MYR,1.0,2011.50,SST-S,,,,STORE02
1100,C2CF119,2026,2,400000,BV,2026-06-27,2026-06-27,MYR,1.0,-1862.50,SST-S,,,,STORE02
1100,C2CF119,2026,3,230000,BV,2026-06-27,2026-06-27,MYR,1.0,-149.00,SST-S,,,,STORE02
1100,C2CF120,2026,1,110000,BV,2026-06-20,2026-06-20,MYR,1.0,2025.00,SST-S,,,,STORE03
1100,C2CF120,2026,2,400000,BV,2026-06-20,2026-06-20,MYR,1.0,-1875.00,SST-S,,,,STORE03
1100,C2CF120,2026,3,230000,BV,2026-06-20,2026-06-20,MYR,1.0,-150.00,SST-S,,,,STORE03
1100,C2CF121,2026,1,110000,BV,2026-06-21,2026-06-21,MYR,1.0,2038.50,SST-S,,,,STORE04
1100,C2CF121,2026,2,400000,BV,2026-06-21,2026-06-21,MYR,1.0,-1887.50,SST-S,,,,STORE04
1100,C2CF121,2026,3,230000,BV,2026-06-21,2026-06-21,MYR,1.0,-151.00,SST-S,,,,STORE04
1100,C2CF122,2026,1,110000,BV,2026-06-22,2026-06-22,MYR,1.0,2052.00,SST-S,,,,STORE05
1100,C2CF122,2026,2,400000,BV,2026-06-22,2026-06-22,MYR,1.0,-1900.00,SST-S,,,,STORE05
1100,C2CF122,2026,3,230000,BV,2026-06-22,2026-06-22,MYR,1.0,-152.00,SST-S,,,,STORE05
1100,C2CF123,2026,1,110000,BV,2026-06-23,2026-06-23,MYR,1.0,2065.50,SST-S,,,,STORE06
1100,C2CF123,2026,2,400000,BV,2026-06-23,2026-06-23,MYR,1.0,-1912.50,SST-S,,,,STORE06
1100,C2CF123,2026,3,230000,BV,2026-06-23,2026-06-23,MYR,1.0,-153.00,SST-S,,,,STORE06
1100,C2CF124,2026,1,110000,BV,2026-06-24,2026-06-24,MYR,1.0,2079.00,SST-S,,,,STORE07
1100,C2CF124,2026,2,400000,BV,2026-06-24,2026-06-24,MYR,1.0,-1925.00,SST-S,,,,STORE07
1100,C2CF124,2026,3,230000,BV,2026-06-24,2026-06-24,MYR,1.0,-154.00,SST-S,,,,STORE07
1100,C2CF125,2026,1,110000,BV,2026-06-25,2026-06-25,MYR,1.0,2092.50,SST-S,,,,STORE08
1100,C2CF125,2026,2,400000,BV,2026-06-25,2026-06-25,MYR,1.0,-1937.50,SST-S,,,,STORE08
1100,C2CF125,2026,3,230000,BV,2026-06-25,2026-06-25,MYR,1.0,-155.00,SST-S,,,,STORE08
1100,C2CF126,2026,1,110000,BV,2026-06-26,2026-06-26,MYR,1.0,2106.00,SST-S,,,,STORE00
1100,C2CF126,2026,2,400000,BV,2026-06-26,2026-06-26,MYR,1.0,-1950.00,SST-S,,,,STORE00
1100,C2CF126,2026,3,230000,BV,2026-06-26,2026-06-26,MYR,1.0,-156.00,SST-S,,,,STORE00
1100,C2CF127,2026,1,110000,BV,2026-06-27,2026-06-27,MYR,1.0,2119.50,SST-S,,,,STORE01
1100,C2CF127,2026,2,400000,BV,2026-06-27,2026-06-27,MYR,1.0,-1962.50,SST-S,,,,STORE01
1100,C2CF127,2026,3,230000,BV,2026-06-27,2026-06-27,MYR,1.0,-157.00,SST-S,,,,STORE01
1100,C2CF128,2026,1,110000,BV,2026-06-20,2026-06-20,MYR,1.0,2133.00,SST-S,,,,STORE02
1100,C2CF128,2026,2,400000,BV,2026-06-20,2026-06-20,MYR,1.0,-1975.00,SST-S,,,,STORE02
1100,C2CF128,2026,3,230000,BV,2026-06-20,2026-06-20,MYR,1.0,-158.00,SST-S,,,,STORE02
1100,C2CF129,2026,1,110000,BV,2026-06-21,2026-06-21,MYR,1.0,2146.50,SST-S,,,,STORE03
1100,C2CF129,2026,2,400000,BV,2026-06-21,2026-06-21,MYR,1.0,-1987.50,SST-S,,,,STORE03
1100,C2CF129,2026,3,230000,BV,2026-06-21,2026-06-21,MYR,1.0,-159.00,SST-S,,,,STORE03
1100,C2CF130,2026,1,110000,BV,2026-06-22,2026-06-22,MYR,1.0,2160.00,SST-S,,,,STORE04
1100,C2CF130,2026,2,400000,BV,2026-06-22,2026-06-22,MYR,1.0,-2000.00,SST-S,,,,STORE04
1100,C2CF130,2026,3,230000,BV,2026-06-22,2026-06-22,MYR,1.0,-160.00,SST-S,,,,STORE04
1100,C2CF131,2026,1,110000,BV,2026-06-23,2026-06-23,MYR,1.0,2173.50,SST-S,,,,STORE05
1100,C2CF131,2026,2,400000,BV,2026-06-23,2026-06-23,MYR,1.0,-2012.50,SST-S,,,,STORE05
1100,C2CF131,2026,3,230000,BV,2026-06-23,2026-06-23,MYR,1.0,-161.00,SST-S,,,,STORE05
1100,C2CF132,2026,1,110000,BV,2026-06-24,2026-06-24,MYR,1.0,2187.00,SST-S,,,,STORE06
1100,C2CF132,2026,2,400000,BV,2026-06-24,2026-06-24,MYR,1.0,-2025.00,SST-S,,,,STORE06
1100,C2CF132,2026,3,230000,BV,2026-06-24,2026-06-24,MYR,1.0,-162.00,SST-S,,,,STORE06
1100,C2CF133,2026,1,110000,BV,2026-06-25,2026-06-25,MYR,1.0,2200.50,SST-S,,,,STORE07
1100,C2CF133,2026,2,400000,BV,2026-06-25,2026-06-25,MYR,1.0,-2037.50,SST-S,,,,STORE07
1100,C2CF133,2026,3,230000,BV,2026-06-25,2026-06-25,MYR,1.0,-163.00,SST-S,,,,STORE07
1100,C2CF134,2026,1,110000,BV,2026-06-26,2026-06-26,MYR,1.0,2214.00,SST-S,,,,STORE08
1100,C2CF134,2026,2,400000,BV,2026-06-26,2026-06-26,MYR,1.0,-2050.00,SST-S,,,,STORE08
1100,C2CF134,2026,3,230000,BV,2026-06-26,2026-06-26,MYR,1.0,-164.00,SST-S,,,,STORE08
1100,C2CF135,2026,1,110000,BV,2026-06-27,2026-06-27,MYR,1.0,2227.50,SST-S,,,,STORE00
1100,C2CF135,2026,2,400000,BV,2026-06-27,2026-06-27,MYR,1.0,-2062.50,SST-S,,,,STORE00
1100,C2CF135,2026,3,230000,BV,2026-06-27,2026-06-27,MYR,1.0,-165.00,SST-S,,,,STORE00
1100,C2CF136,2026,1,110000,BV,2026-06-20,2026-06-20,MYR,1.0,2241.00,SST-S,,,,STORE01
1100,C2CF136,2026,2,400000,BV,2026-06-20,2026-06-20,MYR,1.0,-2075.00,SST-S,,,,STORE01
1100,C2CF136,2026,3,230000,BV,2026-06-20,2026-06-20,MYR,1.0,-166.00,SST-S,,,,STORE01
1100,C2CF137,2026,1,110000,BV,2026-06-21,2026-06-21,MYR,1.0,2254.50,SST-S,,,,STORE02
1100,C2CF137,2026,2,400000,BV,2026-06-21,2026-06-21,MYR,1.0,-2087.50,SST-S,,,,STORE02
1100,C2CF137,2026,3,230000,BV,2026-06-21,2026-06-21,MYR,1.0,-167.00,SST-S,,,,STORE02
1100,C2CF138,2026,1,110000,BV,2026-06-22,2026-06-22,MYR,1.0,2268.00,SST-S,,,,STORE03
1100,C2CF138,2026,2,400000,BV,2026-06-22,2026-06-22,MYR,1.0,-2100.00,SST-S,,,,STORE03
1100,C2CF138,2026,3,230000,BV,2026-06-22,2026-06-22,MYR,1.0,-168.00,SST-S,,,,STORE03
1100,C2CF139,2026,1,110000,BV,2026-06-23,2026-06-23,MYR,1.0,2281.50,SST-S,,,,STORE04
1100,C2CF139,2026,2,400000,BV,2026-06-23,2026-06-23,MYR,1.0,-2112.50,SST-S,,,,STORE04
1100,C2CF139,2026,3,230000,BV,2026-06-23,2026-06-23,MYR,1.0,-169.00,SST-S,,,,STORE04
1100,C2CF140,2026,1,110000,BV,2026-06-24,2026-06-24,MYR,1.0,2295.00,SST-S,,,,STORE05
1100,C2CF140,2026,2,400000,BV,2026-06-24,2026-06-24,MYR,1.0,-2125.00,SST-S,,,,STORE05
1100,C2CF140,2026,3,230000,BV,2026-06-24,2026-06-24,MYR,1.0,-170.00,SST-S,,,,STORE05
1100,C2CF141,2026,1,110000,BV,2026-06-25,2026-06-25,MYR,1.0,2308.50,SST-S,,,,STORE06
1100,C2CF141,2026,2,400000,BV,2026-06-25,2026-06-25,MYR,1.0,-2137.50,SST-S,,,,STORE06
1100,C2CF141,2026,3,230000,BV,2026-06-25,2026-06-25,MYR,1.0,-171.00,SST-S,,,,STORE06
1100,C2CF142,2026,1,110000,BV,2026-06-26,2026-06-26,MYR,1.0,2322.00,SST-S,,,,STORE07
1100,C2CF142,2026,2,400000,BV,2026-06-26,2026-06-26,MYR,1.0,-2150.00,SST-S,,,,STORE07
1100,C2CF142,2026,3,230000,BV,2026-06-26,2026-06-26,MYR,1.0,-172.00,SST-S,,,,STORE07
1100,C2CF143,2026,1,110000,BV,2026-06-27,2026-06-27,MYR,1.0,2335.50,SST-S,,,,STORE08
1100,C2CF143,2026,2,400000,BV,2026-06-27,2026-06-27,MYR,1.0,-2162.50,SST-S,,,,STORE08
1100,C2CF143,2026,3,230000,BV,2026-06-27,2026-06-27,MYR,1.0,-173.00,SST-S,,,,STORE08
1100,C2CF144,2026,1,110000,BV,2026-06-20,2026-06-20,MYR,1.0,2349.00,SST-S,,,,STORE00
1100,C2CF144,2026,2,400000,BV,2026-06-20,2026-06-20,MYR,1.0,-2175.00,SST-S,,,,STORE00
1100,C2CF144,2026,3,230000,BV,2026-06-20,2026-06-20,MYR,1.0,-174.00,SST-S,,,,STORE00
1100,C2CF145,2026,1,110000,BV,2026-06-21,2026-06-21,MYR,1.0,2362.50,SST-S,,,,STORE01
1100,C2CF145,2026,2,400000,BV,2026-06-21,2026-06-21,MYR,1.0,-2187.50,SST-S,,,,STORE01
1100,C2CF145,2026,3,230000,BV,2026-06-21,2026-06-21,MYR,1.0,-175.00,SST-S,,,,STORE01
1100,C2CF146,2026,1,110000,BV,2026-06-22,2026-06-22,MYR,1.0,2376.00,SST-S,,,,STORE02
1100,C2CF146,2026,2,400000,BV,2026-06-22,2026-06-22,MYR,1.0,-2200.00,SST-S,,,,STORE02
1100,C2CF146,2026,3,230000,BV,2026-06-22,2026-06-22,MYR,1.0,-176.00,SST-S,,,,STORE02
1100,C2CF147,2026,1,110000,BV,2026-06-23,2026-06-23,MYR,1.0,2389.50,SST-S,,,,STORE03
1100,C2CF147,2026,2,400000,BV,2026-06-23,2026-06-23,MYR,1.0,-2212.50,SST-S,,,,STORE03
1100,C2CF147,2026,3,230000,BV,2026-06-23,2026-06-23,MYR,1.0,-177.00,SST-S,,,,STORE03
1100,C2CF148,2026,1,110000,BV,2026-06-24,2026-06-24,MYR,1.0,2403.00,SST-S,,,,STORE04
1100,C2CF148,2026,2,400000,BV,2026-06-24,2026-06-24,MYR,1.0,-2225.00,SST-S,,,,STORE04
1100,C2CF148,2026,3,230000,BV,2026-06-24,2026-06-24,MYR,1.0,-178.00,SST-S,,,,STORE04
1100,C2CF149,2026,1,110000,BV,2026-06-25,2026-06-25,MYR,1.0,2416.50,SST-S,,,,STORE05
1100,C2CF149,2026,2,400000,BV,2026-06-25,2026-06-25,MYR,1.0,-2237.50,SST-S,,,,STORE05
1100,C2CF149,2026,3,230000,BV,2026-06-25,2026-06-25,MYR,1.0,-179.00,SST-S,,,,STORE05
1100,C2CF150,2026,1,110000,BV,2026-06-26,2026-06-26,MYR,1.0,2430.00,SST-S,,,,STORE06
1100,C2CF150,2026,2,400000,BV,2026-06-26,2026-06-26,MYR,1.0,-2250.00,SST-S,,,,STORE06
1100,C2CF150,2026,3,230000,BV,2026-06-26,2026-06-26,MYR,1.0,-180.00,SST-S,,,,STORE06
1100,C2CF151,2026,1,110000,BV,2026-06-27,2026-06-27,MYR,1.0,2443.50,SST-S,,,,STORE07
1100,C2CF151,2026,2,400000,BV,2026-06-27,2026-06-27,MYR,1.0,-2262.50,SST-S,,,,STORE07
1100,C2CF151,2026,3,230000,BV,2026-06-27,2026-06-27,MYR,1.0,-181.00,SST-S,,,,STORE07
1100,C2CF152,2026,1,110000,BV,2026-06-20,2026-06-20,MYR,1.0,2457.00,SST-S,,,,STORE08
1100,C2CF152,2026,2,400000,BV,2026-06-20,2026-06-20,MYR,1.0,-2275.00,SST-S,,,,STORE08
1100,C2CF152,2026,3,230000,BV,2026-06-20,2026-06-20,MYR,1.0,-182.00,SST-S,,,,STORE08
1100,C2CF153,2026,1,110000,BV,2026-06-21,2026-06-21,MYR,1.0,2470.50,SST-S,,,,STORE00
1100,C2CF153,2026,2,400000,BV,2026-06-21,2026-06-21,MYR,1.0,-2287.50,SST-S,,,,STORE00
1100,C2CF153,2026,3,230000,BV,2026-06-21,2026-06-21,MYR,1.0,-183.00,SST-S,,,,STORE00
1100,C2CF154,2026,1,110000,BV,2026-06-22,2026-06-22,MYR,1.0,2484.00,SST-S,,,,STORE01
1100,C2CF154,2026,2,400000,BV,2026-06-22,2026-06-22,MYR,1.0,-2300.00,SST-S,,,,STORE01
1100,C2CF154,2026,3,230000,BV,2026-06-22,2026-06-22,MYR,1.0,-184.00,SST-S,,,,STORE01
1100,C2CF155,2026,1,110000,BV,2026-06-23,2026-06-23,MYR,1.0,2497.50,SST-S,,,,STORE02
1100,C2CF155,2026,2,400000,BV,2026-06-23,2026-06-23,MYR,1.0,-2312.50,SST-S,,,,STORE02
1100,C2CF155,2026,3,230000,BV,2026-06-23,2026-06-23,MYR,1.0,-185.00,SST-S,,,,STORE02
1100,C2CF156,2026,1,110000,BV,2026-06-24,2026-06-24,MYR,1.0,2511.00,SST-S,,,,STORE03
1100,C2CF156,2026,2,400000,BV,2026-06-24,2026-06-24,MYR,1.0,-2325.00,SST-S,,,,STORE03
1100,C2CF156,2026,3,230000,BV,2026-06-24,2026-06-24,MYR,1.0,-186.00,SST-S,,,,STORE03
1100,C2CF157,2026,1,110000,BV,2026-06-25,2026-06-25,MYR,1.0,2524.50,SST-S,,,,STORE04
1100,C2CF157,2026,2,400000,BV,2026-06-25,2026-06-25,MYR,1.0,-2337.50,SST-S,,,,STORE04
1100,C2CF157,2026,3,230000,BV,2026-06-25,2026-06-25,MYR,1.0,-187.00,SST-S,,,,STORE04
1100,C2CF158,2026,1,110000,BV,2026-06-26,2026-06-26,MYR,1.0,2538.00,SST-S,,,,STORE05
1100,C2CF158,2026,2,400000,BV,2026-06-26,2026-06-26,MYR,1.0,-2350.00,SST-S,,,,STORE05
1100,C2CF158,2026,3,230000,BV,2026-06-26,2026-06-26,MYR,1.0,-188.00,SST-S,,,,STORE05
1100,C2CF159,2026,1,110000,BV,2026-06-27,2026-06-27,MYR,1.0,2551.50,SST-S,,,,STORE06
1100,C2CF159,2026,2,400000,BV,2026-06-27,2026-06-27,MYR,1.0,-2362.50,SST-S,,,,STORE06
1100,C2CF159,2026,3,230000,BV,2026-06-27,2026-06-27,MYR,1.0,-189.00,SST-S,,,,STORE06
1100,C2CF160,2026,1,110000,BV,2026-06-20,2026-06-20,MYR,1.0,2565.00,SST-S,,,,STORE07
1100,C2CF160,2026,2,400000,BV,2026-06-20,2026-06-20,MYR,1.0,-2375.00,SST-S,,,,STORE07
1100,C2CF160,2026,3,230000,BV,2026-06-20,2026-06-20,MYR,1.0,-190.00,SST-S,,,,STORE07
1100,C2CF161,2026,1,110000,BV,2026-06-21,2026-06-21,MYR,1.0,2578.50,SST-S,,,,STORE08
1100,C2CF161,2026,2,400000,BV,2026-06-21,2026-06-21,MYR,1.0,-2387.50,SST-S,,,,STORE08
1100,C2CF161,2026,3,230000,BV,2026-06-21,2026-06-21,MYR,1.0,-191.00,SST-S,,,,STORE08
1100,C2CF162,2026,1,110000,BV,2026-06-22,2026-06-22,MYR,1.0,2592.00,SST-S,,,,STORE00
1100,C2CF162,2026,2,400000,BV,2026-06-22,2026-06-22,MYR,1.0,-2400.00,SST-S,,,,STORE00
1100,C2CF162,2026,3,230000,BV,2026-06-22,2026-06-22,MYR,1.0,-192.00,SST-S,,,,STORE00
1100,C2CF163,2026,1,110000,BV,2026-06-23,2026-06-23,MYR,1.0,2605.50,SST-S,,,,STORE01
1100,C2CF163,2026,2,400000,BV,2026-06-23,2026-06-23,MYR,1.0,-2412.50,SST-S,,,,STORE01
1100,C2CF163,2026,3,230000,BV,2026-06-23,2026-06-23,MYR,1.0,-193.00,SST-S,,,,STORE01
1100,C2CF164,2026,1,110000,BV,2026-06-24,2026-06-24,MYR,1.0,2619.00,SST-S,,,,STORE02
1100,C2CF164,2026,2,400000,BV,2026-06-24,2026-06-24,MYR,1.0,-2425.00,SST-S,,,,STORE02
1100,C2CF164,2026,3,230000,BV,2026-06-24,2026-06-24,MYR,1.0,-194.00,SST-S,,,,STORE02
1100,C2CF165,2026,1,110000,BV,2026-06-25,2026-06-25,MYR,1.0,2632.50,SST-S,,,,STORE03
1100,C2CF165,2026,2,400000,BV,2026-06-25,2026-06-25,MYR,1.0,-2437.50,SST-S,,,,STORE03
1100,C2CF165,2026,3,230000,BV,2026-06-25,2026-06-25,MYR,1.0,-195.00,SST-S,,,,STORE03
1100,C2CF166,2026,1,110000,BV,2026-06-26,2026-06-26,MYR,1.0,2646.00,SST-S,,,,STORE04
1100,C2CF166,2026,2,400000,BV,2026-06-26,2026-06-26,MYR,1.0,-2450.00,SST-S,,,,STORE04
1100,C2CF166,2026,3,230000,BV,2026-06-26,2026-06-26,MYR,1.0,-196.00,SST-S,,,,STORE04
1100,C2CF167,2026,1,110000,BV,2026-06-27,2026-06-27,MYR,1.0,2659.50,SST-S,,,,STORE05
1100,C2CF167,2026,2,400000,BV,2026-06-27,2026-06-27,MYR,1.0,-2462.50,SST-S,,,,STORE05
1100,C2CF167,2026,3,230000,BV,2026-06-27,2026-06-27,MYR,1.0,-197.00,SST-S,,,,STORE05
1100,C2CF168,2026,1,110000,BV,2026-06-20,2026-06-20,MYR,1.0,2673.00,SST-S,,,,STORE06
1100,C2CF168,2026,2,400000,BV,2026-06-20,2026-06-20,MYR,1.0,-2475.00,SST-S,,,,STORE06
1100,C2CF168,2026,3,230000,BV,2026-06-20,2026-06-20,MYR,1.0,-198.00,SST-S,,,,STORE06
1100,C2CF169,2026,1,110000,BV,2026-06-21,2026-06-21,MYR,1.0,2686.50,SST-S,,,,STORE07
1100,C2CF169,2026,2,400000,BV,2026-06-21,2026-06-21,MYR,1.0,-2487.50,SST-S,,,,STORE07
1100,C2CF169,2026,3,230000,BV,2026-06-21,2026-06-21,MYR,1.0,-199.00,SST-S,,,,STORE07
1100,C2CF170,2026,1,110000,BV,2026-06-22,2026-06-22,MYR,1.0,2700.00,SST-S,,,,STORE08
1100,C2CF170,2026,2,400000,BV,2026-06-22,2026-06-22,MYR,1.0,-2500.00,SST-S,,,,STORE08
1100,C2CF170,2026,3,230000,BV,2026-06-22,2026-06-22,MYR,1.0,-200.00,SST-S,,,,STORE08
1100,C2CF171,2026,1,110000,BV,2026-06-23,2026-06-23,MYR,1.0,2713.50,SST-S,,,,STORE00
1100,C2CF171,2026,2,400000,BV,2026-06-23,2026-06-23,MYR,1.0,-2512.50,SST-S,,,,STORE00
1100,C2CF171,2026,3,230000,BV,2026-06-23,2026-06-23,MYR,1.0,-201.00,SST-S,,,,STORE00
1100,C2CF172,2026,1,110000,BV,2026-06-24,2026-06-24,MYR,1.0,2727.00,SST-S,,,,STORE01
1100,C2CF172,2026,2,400000,BV,2026-06-24,2026-06-24,MYR,1.0,-2525.00,SST-S,,,,STORE01
1100,C2CF172,2026,3,230000,BV,2026-06-24,2026-06-24,MYR,1.0,-202.00,SST-S,,,,STORE01
1100,C2CF173,2026,1,110000,BV,2026-06-25,2026-06-25,MYR,1.0,2740.50,SST-S,,,,STORE02
1100,C2CF173,2026,2,400000,BV,2026-06-25,2026-06-25,MYR,1.0,-2537.50,SST-S,,,,STORE02
1100,C2CF173,2026,3,230000,BV,2026-06-25,2026-06-25,MYR,1.0,-203.00,SST-S,,,,STORE02
1100,C2CF174,2026,1,110000,BV,2026-06-26,2026-06-26,MYR,1.0,2754.00,SST-S,,,,STORE03
1100,C2CF174,2026,2,400000,BV,2026-06-26,2026-06-26,MYR,1.0,-2550.00,SST-S,,,,STORE03
1100,C2CF174,2026,3,230000,BV,2026-06-26,2026-06-26,MYR,1.0,-204.00,SST-S,,,,STORE03
1100,C2CF175,2026,1,110000,BV,2026-06-27,2026-06-27,MYR,1.0,2767.50,SST-S,,,,STORE04
1100,C2CF175,2026,2,400000,BV,2026-06-27,2026-06-27,MYR,1.0,-2562.50,SST-S,,,,STORE04
1100,C2CF175,2026,3,230000,BV,2026-06-27,2026-06-27,MYR,1.0,-205.00,SST-S,,,,STORE04
1100,C2CF176,2026,1,110000,BV,2026-06-20,2026-06-20,MYR,1.0,2781.00,SST-S,,,,STORE05
1100,C2CF176,2026,2,400000,BV,2026-06-20,2026-06-20,MYR,1.0,-2575.00,SST-S,,,,STORE05
1100,C2CF176,2026,3,230000,BV,2026-06-20,2026-06-20,MYR,1.0,-206.00,SST-S,,,,STORE05
1100,C2CF177,2026,1,110000,BV,2026-06-21,2026-06-21,MYR,1.0,2794.50,SST-S,,,,STORE06
1100,C2CF177,2026,2,400000,BV,2026-06-21,2026-06-21,MYR,1.0,-2587.50,SST-S,,,,STORE06
1100,C2CF177,2026,3,230000,BV,2026-06-21,2026-06-21,MYR,1.0,-207.00,SST-S,,,,STORE06
1100,C2CF178,2026,1,110000,BV,2026-06-22,2026-06-22,MYR,1.0,2808.00,SST-S,,,,STORE07
1100,C2CF178,2026,2,400000,BV,2026-06-22,2026-06-22,MYR,1.0,-2600.00,SST-S,,,,STORE07
1100,C2CF178,2026,3,230000,BV,2026-06-22,2026-06-22,MYR,1.0,-208.00,SST-S,,,,STORE07
1100,C2CF179,2026,1,110000,BV,2026-06-23,2026-06-23,MYR,1.0,2821.50,SST-S,,,,STORE08
1100,C2CF179,2026,2,400000,BV,2026-06-23,2026-06-23,MYR,1.0,-2612.50,SST-S,,,,STORE08
1100,C2CF179,2026,3,230000,BV,2026-06-23,2026-06-23,MYR,1.0,-209.00,SST-S,,,,STORE08
1100,C2CF180,2026,1,110000,BV,2026-06-24,2026-06-24,MYR,1.0,2835.00,SST-S,,,,STORE00
1100,C2CF180,2026,2,400000,BV,2026-06-24,2026-06-24,MYR,1.0,-2625.00,SST-S,,,,STORE00
1100,C2CF180,2026,3,230000,BV,2026-06-24,2026-06-24,MYR,1.0,-210.00,SST-S,,,,STORE00
1100,C2CF181,2026,1,110000,BV,2026-06-25,2026-06-25,MYR,1.0,2848.50,SST-S,,,,STORE01
1100,C2CF181,2026,2,400000,BV,2026-06-25,2026-06-25,MYR,1.0,-2637.50,SST-S,,,,STORE01
1100,C2CF181,2026,3,230000,BV,2026-06-25,2026-06-25,MYR,1.0,-211.00,SST-S,,,,STORE01
1100,C2CF182,2026,1,110000,BV,2026-06-26,2026-06-26,MYR,1.0,2862.00,SST-S,,,,STORE02
1100,C2CF182,2026,2,400000,BV,2026-06-26,2026-06-26,MYR,1.0,-2650.00,SST-S,,,,STORE02
1100,C2CF182,2026,3,230000,BV,2026-06-26,2026-06-26,MYR,1.0,-212.00,SST-S,,,,STORE02
1100,C2CF183,2026,1,110000,BV,2026-06-27,2026-06-27,MYR,1.0,2875.50,SST-S,,,,STORE03
1100,C2CF183,2026,2,400000,BV,2026-06-27,2026-06-27,MYR,1.0,-2662.50,SST-S,,,,STORE03
1100,C2CF183,2026,3,230000,BV,2026-06-27,2026-06-27,MYR,1.0,-213.00,SST-S,,,,STORE03
1100,C2CF184,2026,1,110000,BV,2026-06-20,2026-06-20,MYR,1.0,2889.00,SST-S,,,,STORE04
1100,C2CF184,2026,2,400000,BV,2026-06-20,2026-06-20,MYR,1.0,-2675.00,SST-S,,,,STORE04
1100,C2CF184,2026,3,230000,BV,2026-06-20,2026-06-20,MYR,1.0,-214.00,SST-S,,,,STORE04
1100,C2CF185,2026,1,110000,BV,2026-06-21,2026-06-21,MYR,1.0,2902.50,SST-S,,,,STORE05
1100,C2CF185,2026,2,400000,BV,2026-06-21,2026-06-21,MYR,1.0,-2687.50,SST-S,,,,STORE05
1100,C2CF185,2026,3,230000,BV,2026-06-21,2026-06-21,MYR,1.0,-215.00,SST-S,,,,STORE05
1100,C2CF186,2026,1,110000,BV,2026-06-22,2026-06-22,MYR,1.0,2916.00,SST-S,,,,STORE06
1100,C2CF186,2026,2,400000,BV,2026-06-22,2026-06-22,MYR,1.0,-2700.00,SST-S,,,,STORE06
1100,C2CF186,2026,3,230000,BV,2026-06-22,2026-06-22,MYR,1.0,-216.00,SST-S,,,,STORE06
1100,C2CF187,2026,1,110000,BV,2026-06-23,2026-06-23,MYR,1.0,2929.50,SST-S,,,,STORE07
1100,C2CF187,2026,2,400000,BV,2026-06-23,2026-06-23,MYR,1.0,-2712.50,SST-S,,,,STORE07
1100,C2CF187,2026,3,230000,BV,2026-06-23,2026-06-23,MYR,1.0,-217.00,SST-S,,,,STORE07
1100,C2CF188,2026,1,110000,BV,2026-06-24,2026-06-24,MYR,1.0,2943.00,SST-S,,,,STORE08
1100,C2CF188,2026,2,400000,BV,2026-06-24,2026-06-24,MYR,1.0,-2725.00,SST-S,,,,STORE08
1100,C2CF188,2026,3,230000,BV,2026-06-24,2026-06-24,MYR,1.0,-218.00,SST-S,,,,STORE08
1100,C2CF189,2026,1,110000,BV,2026-06-25,2026-06-25,MYR,1.0,2956.50,SST-S,,,,STORE00
1100,C2CF189,2026,2,400000,BV,2026-06-25,2026-06-25,MYR,1.0,-2737.50,SST-S,,,,STORE00
1100,C2CF189,2026,3,230000,BV,2026-06-25,2026-06-25,MYR,1.0,-219.00,SST-S,,,,STORE00
1100,C2CF190,2026,1,110000,BV,2026-06-26,2026-06-26,MYR,1.0,2970.00,SST-S,,,,STORE01
1100,C2CF190,2026,2,400000,BV,2026-06-26,2026-06-26,MYR,1.0,-2750.00,SST-S,,,,STORE01
1100,C2CF190,2026,3,230000,BV,2026-06-26,2026-06-26,MYR,1.0,-220.00,SST-S,,,,STORE01
1100,C2CF191,2026,1,110000,BV,2026-06-27,2026-06-27,MYR,1.0,2983.50,SST-S,,,,STORE02
1100,C2CF191,2026,2,400000,BV,2026-06-27,2026-06-27,MYR,1.0,-2762.50,SST-S,,,,STORE02
1100,C2CF191,2026,3,230000,BV,2026-06-27,2026-06-27,MYR,1.0,-221.00,SST-S,,,,STORE02
1100,C2CF192,2026,1,110000,BV,2026-06-20,2026-06-20,MYR,1.0,2997.00,SST-S,,,,STORE03
1100,C2CF192,2026,2,400000,BV,2026-06-20,2026-06-20,MYR,1.0,-2775.00,SST-S,,,,STORE03
1100,C2CF192,2026,3,230000,BV,2026-06-20,2026-06-20,MYR,1.0,-222.00,SST-S,,,,STORE03
1100,C2CF193,2026,1,110000,BV,2026-06-21,2026-06-21,MYR,1.0,3010.50,SST-S,,,,STORE04
1100,C2CF193,2026,2,400000,BV,2026-06-21,2026-06-21,MYR,1.0,-2787.50,SST-S,,,,STORE04
1100,C2CF193,2026,3,230000,BV,2026-06-21,2026-06-21,MYR,1.0,-223.00,SST-S,,,,STORE04
1100,C2CF194,2026,1,110000,BV,2026-06-22,2026-06-22,MYR,1.0,3024.00,SST-S,,,,STORE05
1100,C2CF194,2026,2,400000,BV,2026-06-22,2026-06-22,MYR,1.0,-2800.00,SST-S,,,,STORE05
1100,C2CF194,2026,3,230000,BV,2026-06-22,2026-06-22,MYR,1.0,-224.00,SST-S,,,,STORE05
1100,C2CF195,2026,1,110000,BV,2026-06-23,2026-06-23,MYR,1.0,3037.50,SST-S,,,,STORE06
1100,C2CF195,2026,2,400000,BV,2026-06-23,2026-06-23,MYR,1.0,-2812.50,SST-S,,,,STORE06
1100,C2CF195,2026,3,230000,BV,2026-06-23,2026-06-23,MYR,1.0,-225.00,SST-S,,,,STORE06
1100,C2CF196,2026,1,110000,BV,2026-06-24,2026-06-24,MYR,1.0,3051.00,SST-S,,,,STORE07
1100,C2CF196,2026,2,400000,BV,2026-06-24,2026-06-24,MYR,1.0,-2825.00,SST-S,,,,STORE07
1100,C2CF196,2026,3,230000,BV,2026-06-24,2026-06-24,MYR,1.0,-226.00,SST-S,,,,STORE07
1100,C2CF197,2026,1,110000,BV,2026-06-25,2026-06-25,MYR,1.0,3064.50,SST-S,,,,STORE08
1100,C2CF197,2026,2,400000,BV,2026-06-25,2026-06-25,MYR,1.0,-2837.50,SST-S,,,,STORE08
1100,C2CF197,2026,3,230000,BV,2026-06-25,2026-06-25,MYR,1.0,-227.00,SST-S,,,,STORE08
1100,C2CF198,2026,1,110000,BV,2026-06-26,2026-06-26,MYR,1.0,3078.00,SST-S,,,,STORE00
1100,C2CF198,2026,2,400000,BV,2026-06-26,2026-06-26,MYR,1.0,-2850.00,SST-S,,,,STORE00
1100,C2CF198,2026,3,230000,BV,2026-06-26,2026-06-26,MYR,1.0,-228.00,SST-S,,,,STORE00
1100,C2CF199,2026,1,110000,BV,2026-06-27,2026-06-27,MYR,1.0,3091.50,SST-S,,,,STORE01
1100,C2CF199,2026,2,400000,BV,2026-06-27,2026-06-27,MYR,1.0,-2862.50,SST-S,,,,STORE01
1100,C2CF199,2026,3,230000,BV,2026-06-27,2026-06-27,MYR,1.0,-229.00,SST-S,,,,STORE01
1100,C2CF200,2026,1,110000,BV,2026-06-20,2026-06-20,MYR,1.0,3105.00,SST-S,,,,STORE02
1100,C2CF200,2026,2,400000,BV,2026-06-20,2026-06-20,MYR,1.0,-2875.00,SST-S,,,,STORE02
1100,C2CF200,2026,3,230000,BV,2026-06-20,2026-06-20,MYR,1.0,-230.00,SST-S,,,,STORE02
1100,C2CF201,2026,1,110000,BV,2026-06-21,2026-06-21,MYR,1.0,3118.50,SST-S,,,,STORE03
1100,C2CF201,2026,2,400000,BV,2026-06-21,2026-06-21,MYR,1.0,-2887.50,SST-S,,,,STORE03
1100,C2CF201,2026,3,230000,BV,2026-06-21,2026-06-21,MYR,1.0,-231.00,SST-S,,,,STORE03
1100,C2CF202,2026,1,110000,BV,2026-06-22,2026-06-22,MYR,1.0,3132.00,SST-S,,,,STORE04
1100,C2CF202,2026,2,400000,BV,2026-06-22,2026-06-22,MYR,1.0,-2900.00,SST-S,,,,STORE04
1100,C2CF202,2026,3,230000,BV,2026-06-22,2026-06-22,MYR,1.0,-232.00,SST-S,,,,STORE04
1100,C2CF203,2026,1,110000,BV,2026-06-23,2026-06-23,MYR,1.0,3145.50,SST-S,,,,STORE05
1100,C2CF203,2026,2,400000,BV,2026-06-23,2026-06-23,MYR,1.0,-2912.50,SST-S,,,,STORE05
1100,C2CF203,2026,3,230000,BV,2026-06-23,2026-06-23,MYR,1.0,-233.00,SST-S,,,,STORE05
1100,C2CF204,2026,1,110000,BV,2026-06-24,2026-06-24,MYR,1.0,3159.00,SST-S,,,,STORE06
1100,C2CF204,2026,2,400000,BV,2026-06-24,2026-06-24,MYR,1.0,-2925.00,SST-S,,,,STORE06
1100,C2CF204,2026,3,230000,BV,2026-06-24,2026-06-24,MYR,1.0,-234.00,SST-S,,,,STORE06
1100,C2CF205,2026,1,110000,BV,2026-06-25,2026-06-25,MYR,1.0,3172.50,SST-S,,,,STORE07
1100,C2CF205,2026,2,400000,BV,2026-06-25,2026-06-25,MYR,1.0,-2937.50,SST-S,,,,STORE07
1100,C2CF205,2026,3,230000,BV,2026-06-25,2026-06-25,MYR,1.0,-235.00,SST-S,,,,STORE07
1100,C2CF206,2026,1,110000,BV,2026-06-26,2026-06-26,MYR,1.0,3186.00,SST-S,,,,STORE08
1100,C2CF206,2026,2,400000,BV,2026-06-26,2026-06-26,MYR,1.0,-2950.00,SST-S,,,,STORE08
1100,C2CF206,2026,3,230000,BV,2026-06-26,2026-06-26,MYR,1.0,-236.00,SST-S,,,,STORE08
1100,C2CF207,2026,1,110000,BV,2026-06-27,2026-06-27,MYR,1.0,3199.50,SST-S,,,,STORE00
1100,C2CF207,2026,2,400000,BV,2026-06-27,2026-06-27,MYR,1.0,-2962.50,SST-S,,,,STORE00
1100,C2CF207,2026,3,230000,BV,2026-06-27,2026-06-27,MYR,1.0,-237.00,SST-S,,,,STORE00
1100,C2CF208,2026,1,110000,BV,2026-06-20,2026-06-20,MYR,1.0,3213.00,SST-S,,,,STORE01
1100,C2CF208,2026,2,400000,BV,2026-06-20,2026-06-20,MYR,1.0,-2975.00,SST-S,,,,STORE01
1100,C2CF208,2026,3,230000,BV,2026-06-20,2026-06-20,MYR,1.0,-238.00,SST-S,,,,STORE01
1100,C2CF209,2026,1,110000,BV,2026-06-21,2026-06-21,MYR,1.0,3226.50,SST-S,,,,STORE02
1100,C2CF209,2026,2,400000,BV,2026-06-21,2026-06-21,MYR,1.0,-2987.50,SST-S,,,,STORE02
1100,C2CF209,2026,3,230000,BV,2026-06-21,2026-06-21,MYR,1.0,-239.00,SST-S,,,,STORE02
1100,C2CF210,2026,1,110000,BV,2026-06-22,2026-06-22,MYR,1.0,3240.00,SST-S,,,,STORE03
1100,C2CF210,2026,2,400000,BV,2026-06-22,2026-06-22,MYR,1.0,-3000.00,SST-S,,,,STORE03
1100,C2CF210,2026,3,230000,BV,2026-06-22,2026-06-22,MYR,1.0,-240.00,SST-S,,,,STORE03
1100,C2CF211,2026,1,110000,BV,2026-06-23,2026-06-23,MYR,1.0,3253.50,SST-S,,,,STORE04
1100,C2CF211,2026,2,400000,BV,2026-06-23,2026-06-23,MYR,1.0,-3012.50,SST-S,,,,STORE04
1100,C2CF211,2026,3,230000,BV,2026-06-23,2026-06-23,MYR,1.0,-241.00,SST-S,,,,STORE04
1100,C2CF212,2026,1,110000,BV,2026-06-24,2026-06-24,MYR,1.0,3267.00,SST-S,,,,STORE05
1100,C2CF212,2026,2,400000,BV,2026-06-24,2026-06-24,MYR,1.0,-3025.00,SST-S,,,,STORE05
1100,C2CF212,2026,3,230000,BV,2026-06-24,2026-06-24,MYR,1.0,-242.00,SST-S,,,,STORE05
1100,C2CF213,2026,1,110000,BV,2026-06-25,2026-06-25,MYR,1.0,3280.50,SST-S,,,,STORE06
1100,C2CF213,2026,2,400000,BV,2026-06-25,2026-06-25,MYR,1.0,-3037.50,SST-S,,,,STORE06
1100,C2CF213,2026,3,230000,BV,2026-06-25,2026-06-25,MYR,1.0,-243.00,SST-S,,,,STORE06
1100,C2CF214,2026,1,110000,BV,2026-06-26,2026-06-26,MYR,1.0,3294.00,SST-S,,,,STORE07
1100,C2CF214,2026,2,400000,BV,2026-06-26,2026-06-26,MYR,1.0,-3050.00,SST-S,,,,STORE07
1100,C2CF214,2026,3,230000,BV,2026-06-26,2026-06-26,MYR,1.0,-244.00,SST-S,,,,STORE07
1100,C2CF215,2026,1,110000,BV,2026-06-27,2026-06-27,MYR,1.0,3307.50,SST-S,,,,STORE08
1100,C2CF215,2026,2,400000,BV,2026-06-27,2026-06-27,MYR,1.0,-3062.50,SST-S,,,,STORE08
1100,C2CF215,2026,3,230000,BV,2026-06-27,2026-06-27,MYR,1.0,-245.00,SST-S,,,,STORE08
1100,C2CF216,2026,1,110000,BV,2026-06-20,2026-06-20,MYR,1.0,3321.00,SST-S,,,,STORE00
1100,C2CF216,2026,2,400000,BV,2026-06-20,2026-06-20,MYR,1.0,-3075.00,SST-S,,,,STORE00
1100,C2CF216,2026,3,230000,BV,2026-06-20,2026-06-20,MYR,1.0,-246.00,SST-S,,,,STORE00
1100,C2CF217,2026,1,110000,BV,2026-06-21,2026-06-21,MYR,1.0,3334.50,SST-S,,,,STORE01
1100,C2CF217,2026,2,400000,BV,2026-06-21,2026-06-21,MYR,1.0,-3087.50,SST-S,,,,STORE01
1100,C2CF217,2026,3,230000,BV,2026-06-21,2026-06-21,MYR,1.0,-247.00,SST-S,,,,STORE01
1100,C2CF218,2026,1,110000,BV,2026-06-22,2026-06-22,MYR,1.0,3348.00,SST-S,,,,STORE02
1100,C2CF218,2026,2,400000,BV,2026-06-22,2026-06-22,MYR,1.0,-3100.00,SST-S,,,,STORE02
1100,C2CF218,2026,3,230000,BV,2026-06-22,2026-06-22,MYR,1.0,-248.00,SST-S,,,,STORE02
1100,C2CF219,2026,1,110000,BV,2026-06-23,2026-06-23,MYR,1.0,3361.50,SST-S,,,,STORE03
1100,C2CF219,2026,2,400000,BV,2026-06-23,2026-06-23,MYR,1.0,-3112.50,SST-S,,,,STORE03
1100,C2CF219,2026,3,230000,BV,2026-06-23,2026-06-23,MYR,1.0,-249.00,SST-S,,,,STORE03
1100,C2CF220,2026,1,110000,BV,2026-06-24,2026-06-24,MYR,1.0,3375.00,SST-S,,,,STORE04
1100,C2CF220,2026,2,400000,BV,2026-06-24,2026-06-24,MYR,1.0,-3125.00,SST-S,,,,STORE04
1100,C2CF220,2026,3,230000,BV,2026-06-24,2026-06-24,MYR,1.0,-250.00,SST-S,,,,STORE04
1100,C2CF221,2026,1,110000,BV,2026-06-25,2026-06-25,MYR,1.0,3388.50,SST-S,,,,STORE05
1100,C2CF221,2026,2,400000,BV,2026-06-25,2026-06-25,MYR,1.0,-3137.50,SST-S,,,,STORE05
1100,C2CF221,2026,3,230000,BV,2026-06-25,2026-06-25,MYR,1.0,-251.00,SST-S,,,,STORE05
1100,C2CF222,2026,1,110000,BV,2026-06-26,2026-06-26,MYR,1.0,3402.00,SST-S,,,,STORE06
1100,C2CF222,2026,2,400000,BV,2026-06-26,2026-06-26,MYR,1.0,-3150.00,SST-S,,,,STORE06
1100,C2CF222,2026,3,230000,BV,2026-06-26,2026-06-26,MYR,1.0,-252.00,SST-S,,,,STORE06
1100,C2CF223,2026,1,110000,BV,2026-06-27,2026-06-27,MYR,1.0,3415.50,SST-S,,,,STORE07
1100,C2CF223,2026,2,400000,BV,2026-06-27,2026-06-27,MYR,1.0,-3162.50,SST-S,,,,STORE07
1100,C2CF223,2026,3,230000,BV,2026-06-27,2026-06-27,MYR,1.0,-253.00,SST-S,,,,STORE07
1100,C2CF224,2026,1,110000,BV,2026-06-20,2026-06-20,MYR,1.0,3429.00,SST-S,,,,STORE08
1100,C2CF224,2026,2,400000,BV,2026-06-20,2026-06-20,MYR,1.0,-3175.00,SST-S,,,,STORE08
1100,C2CF224,2026,3,230000,BV,2026-06-20,2026-06-20,MYR,1.0,-254.00,SST-S,,,,STORE08
1100,C2CF225,2026,1,110000,BV,2026-06-21,2026-06-21,MYR,1.0,3442.50,SST-S,,,,STORE00
1100,C2CF225,2026,2,400000,BV,2026-06-21,2026-06-21,MYR,1.0,-3187.50,SST-S,,,,STORE00
1100,C2CF225,2026,3,230000,BV,2026-06-21,2026-06-21,MYR,1.0,-255.00,SST-S,,,,STORE00
1100,C2CF226,2026,1,110000,BV,2026-06-22,2026-06-22,MYR,1.0,3456.00,SST-S,,,,STORE01
1100,C2CF226,2026,2,400000,BV,2026-06-22,2026-06-22,MYR,1.0,-3200.00,SST-S,,,,STORE01
1100,C2CF226,2026,3,230000,BV,2026-06-22,2026-06-22,MYR,1.0,-256.00,SST-S,,,,STORE01
1100,C2CF227,2026,1,110000,BV,2026-06-23,2026-06-23,MYR,1.0,3469.50,SST-S,,,,STORE02
1100,C2CF227,2026,2,400000,BV,2026-06-23,2026-06-23,MYR,1.0,-3212.50,SST-S,,,,STORE02
1100,C2CF227,2026,3,230000,BV,2026-06-23,2026-06-23,MYR,1.0,-257.00,SST-S,,,,STORE02
1100,C2CF228,2026,1,110000,BV,2026-06-24,2026-06-24,MYR,1.0,3483.00,SST-S,,,,STORE03
1100,C2CF228,2026,2,400000,BV,2026-06-24,2026-06-24,MYR,1.0,-3225.00,SST-S,,,,STORE03
1100,C2CF228,2026,3,230000,BV,2026-06-24,2026-06-24,MYR,1.0,-258.00,SST-S,,,,STORE03
1100,C2CF229,2026,1,110000,BV,2026-06-25,2026-06-25,MYR,1.0,3496.50,SST-S,,,,STORE04
1100,C2CF229,2026,2,400000,BV,2026-06-25,2026-06-25,MYR,1.0,-3237.50,SST-S,,,,STORE04
1100,C2CF229,2026,3,230000,BV,2026-06-25,2026-06-25,MYR,1.0,-259.00,SST-S,,,,STORE04
1100,C2CF230,2026,1,110000,BV,2026-06-26,2026-06-26,MYR,1.0,3510.00,SST-S,,,,STORE05
1100,C2CF230,2026,2,400000,BV,2026-06-26,2026-06-26,MYR,1.0,-3250.00,SST-S,,,,STORE05
1100,C2CF230,2026,3,230000,BV,2026-06-26,2026-06-26,MYR,1.0,-260.00,SST-S,,,,STORE05
1100,C2CF231,2026,1,110000,BV,2026-06-27,2026-06-27,MYR,1.0,3523.50,SST-S,,,,STORE06
1100,C2CF231,2026,2,400000,BV,2026-06-27,2026-06-27,MYR,1.0,-3262.50,SST-S,,,,STORE06
1100,C2CF231,2026,3,230000,BV,2026-06-27,2026-06-27,MYR,1.0,-261.00,SST-S,,,,STORE06
1100,C2CF232,2026,1,110000,BV,2026-06-20,2026-06-20,MYR,1.0,3537.00,SST-S,,,,STORE07
1100,C2CF232,2026,2,400000,BV,2026-06-20,2026-06-20,MYR,1.0,-3275.00,SST-S,,,,STORE07
1100,C2CF232,2026,3,230000,BV,2026-06-20,2026-06-20,MYR,1.0,-262.00,SST-S,,,,STORE07
1100,C2CF233,2026,1,110000,BV,2026-06-21,2026-06-21,MYR,1.0,3550.50,SST-S,,,,STORE08
1100,C2CF233,2026,2,400000,BV,2026-06-21,2026-06-21,MYR,1.0,-3287.50,SST-S,,,,STORE08
1100,C2CF233,2026,3,230000,BV,2026-06-21,2026-06-21,MYR,1.0,-263.00,SST-S,,,,STORE08
1100,C2CF234,2026,1,110000,BV,2026-06-22,2026-06-22,MYR,1.0,3564.00,SST-S,,,,STORE00
1100,C2CF234,2026,2,400000,BV,2026-06-22,2026-06-22,MYR,1.0,-3300.00,SST-S,,,,STORE00
1100,C2CF234,2026,3,230000,BV,2026-06-22,2026-06-22,MYR,1.0,-264.00,SST-S,,,,STORE00
1100,C2CF235,2026,1,110000,BV,2026-06-23,2026-06-23,MYR,1.0,3577.50,SST-S,,,,STORE01
1100,C2CF235,2026,2,400000,BV,2026-06-23,2026-06-23,MYR,1.0,-3312.50,SST-S,,,,STORE01
1100,C2CF235,2026,3,230000,BV,2026-06-23,2026-06-23,MYR,1.0,-265.00,SST-S,,,,STORE01
1100,C2CF236,2026,1,110000,BV,2026-06-24,2026-06-24,MYR,1.0,3591.00,SST-S,,,,STORE02
1100,C2CF236,2026,2,400000,BV,2026-06-24,2026-06-24,MYR,1.0,-3325.00,SST-S,,,,STORE02
1100,C2CF236,2026,3,230000,BV,2026-06-24,2026-06-24,MYR,1.0,-266.00,SST-S,,,,STORE02
1100,C2CF237,2026,1,110000,BV,2026-06-25,2026-06-25,MYR,1.0,3604.50,SST-S,,,,STORE03
1100,C2CF237,2026,2,400000,BV,2026-06-25,2026-06-25,MYR,1.0,-3337.50,SST-S,,,,STORE03
1100,C2CF237,2026,3,230000,BV,2026-06-25,2026-06-25,MYR,1.0,-267.00,SST-S,,,,STORE03
1100,C2CF238,2026,1,110000,BV,2026-06-26,2026-06-26,MYR,1.0,3618.00,SST-S,,,,STORE04
1100,C2CF238,2026,2,400000,BV,2026-06-26,2026-06-26,MYR,1.0,-3350.00,SST-S,,,,STORE04
1100,C2CF238,2026,3,230000,BV,2026-06-26,2026-06-26,MYR,1.0,-268.00,SST-S,,,,STORE04
1100,C2CF239,2026,1,110000,BV,2026-06-27,2026-06-27,MYR,1.0,3631.50,SST-S,,,,STORE05
1100,C2CF239,2026,2,400000,BV,2026-06-27,2026-06-27,MYR,1.0,-3362.50,SST-S,,,,STORE05
1100,C2CF239,2026,3,230000,BV,2026-06-27,2026-06-27,MYR,1.0,-269.00,SST-S,,,,STORE05
1100,C2CF240,2026,1,110000,BV,2026-06-20,2026-06-20,MYR,1.0,3645.00,SST-S,,,,STORE06
1100,C2CF240,2026,2,400000,BV,2026-06-20,2026-06-20,MYR,1.0,-3375.00,SST-S,,,,STORE06
1100,C2CF240,2026,3,230000,BV,2026-06-20,2026-06-20,MYR,1.0,-270.00,SST-S,,,,STORE06
1100,C2CF241,2026,1,110000,BV,2026-06-21,2026-06-21,MYR,1.0,3658.50,SST-S,,,,STORE07
1100,C2CF241,2026,2,400000,BV,2026-06-21,2026-06-21,MYR,1.0,-3387.50,SST-S,,,,STORE07
1100,C2CF241,2026,3,230000,BV,2026-06-21,2026-06-21,MYR,1.0,-271.00,SST-S,,,,STORE07
1100,C2CF242,2026,1,110000,BV,2026-06-22,2026-06-22,MYR,1.0,3672.00,SST-S,,,,STORE08
1100,C2CF242,2026,2,400000,BV,2026-06-22,2026-06-22,MYR,1.0,-3400.00,SST-S,,,,STORE08
1100,C2CF242,2026,3,230000,BV,2026-06-22,2026-06-22,MYR,1.0,-272.00,SST-S,,,,STORE08
1100,C2CF243,2026,1,110000,BV,2026-06-23,2026-06-23,MYR,1.0,3685.50,SST-S,,,,STORE00
1100,C2CF243,2026,2,400000,BV,2026-06-23,2026-06-23,MYR,1.0,-3412.50,SST-S,,,,STORE00
1100,C2CF243,2026,3,230000,BV,2026-06-23,2026-06-23,MYR,1.0,-273.00,SST-S,,,,STORE00
1100,C2CF244,2026,1,110000,BV,2026-06-24,2026-06-24,MYR,1.0,3699.00,SST-S,,,,STORE01
1100,C2CF244,2026,2,400000,BV,2026-06-24,2026-06-24,MYR,1.0,-3425.00,SST-S,,,,STORE01
1100,C2CF244,2026,3,230000,BV,2026-06-24,2026-06-24,MYR,1.0,-274.00,SST-S,,,,STORE01
1100,C2CF245,2026,1,110000,BV,2026-06-25,2026-06-25,MYR,1.0,3712.50,SST-S,,,,STORE02
1100,C2CF245,2026,2,400000,BV,2026-06-25,2026-06-25,MYR,1.0,-3437.50,SST-S,,,,STORE02
1100,C2CF245,2026,3,230000,BV,2026-06-25,2026-06-25,MYR,1.0,-275.00,SST-S,,,,STORE02
1100,C2CF246,2026,1,110000,BV,2026-06-26,2026-06-26,MYR,1.0,3726.00,SST-S,,,,STORE03
1100,C2CF246,2026,2,400000,BV,2026-06-26,2026-06-26,MYR,1.0,-3450.00,SST-S,,,,STORE03
1100,C2CF246,2026,3,230000,BV,2026-06-26,2026-06-26,MYR,1.0,-276.00,SST-S,,,,STORE03
1100,C2CF247,2026,1,110000,BV,2026-06-27,2026-06-27,MYR,1.0,3739.50,SST-S,,,,STORE04
1100,C2CF247,2026,2,400000,BV,2026-06-27,2026-06-27,MYR,1.0,-3462.50,SST-S,,,,STORE04
1100,C2CF247,2026,3,230000,BV,2026-06-27,2026-06-27,MYR,1.0,-277.00,SST-S,,,,STORE04
1100,C2CF248,2026,1,110000,BV,2026-06-20,2026-06-20,MYR,1.0,3753.00,SST-S,,,,STORE05
1100,C2CF248,2026,2,400000,BV,2026-06-20,2026-06-20,MYR,1.0,-3475.00,SST-S,,,,STORE05
1100,C2CF248,2026,3,230000,BV,2026-06-20,2026-06-20,MYR,1.0,-278.00,SST-S,,,,STORE05
1100,C2CF249,2026,1,110000,BV,2026-06-21,2026-06-21,MYR,1.0,3766.50,SST-S,,,,STORE06
1100,C2CF249,2026,2,400000,BV,2026-06-21,2026-06-21,MYR,1.0,-3487.50,SST-S,,,,STORE06
1100,C2CF249,2026,3,230000,BV,2026-06-21,2026-06-21,MYR,1.0,-279.00,SST-S,,,,STORE06
1100,C2CF250,2026,1,110000,BV,2026-06-22,2026-06-22,MYR,1.0,3780.00,SST-S,,,,STORE07
1100,C2CF250,2026,2,400000,BV,2026-06-22,2026-06-22,MYR,1.0,-3500.00,SST-S,,,,STORE07
1100,C2CF250,2026,3,230000,BV,2026-06-22,2026-06-22,MYR,1.0,-280.00,SST-S,,,,STORE07
1100,C2CF251,2026,1,110000,BV,2026-06-23,2026-06-23,MYR,1.0,3793.50,SST-S,,,,STORE08
1100,C2CF251,2026,2,400000,BV,2026-06-23,2026-06-23,MYR,1.0,-3512.50,SST-S,,,,STORE08
1100,C2CF251,2026,3,230000,BV,2026-06-23,2026-06-23,MYR,1.0,-281.00,SST-S,,,,STORE08
1100,C2CF252,2026,1,110000,BV,2026-06-24,2026-06-24,MYR,1.0,3807.00,SST-S,,,,STORE00
1100,C2CF252,2026,2,400000,BV,2026-06-24,2026-06-24,MYR,1.0,-3525.00,SST-S,,,,STORE00
1100,C2CF252,2026,3,230000,BV,2026-06-24,2026-06-24,MYR,1.0,-282.00,SST-S,,,,STORE00
1100,C2CF253,2026,1,110000,BV,2026-06-25,2026-06-25,MYR,1.0,3820.50,SST-S,,,,STORE01
1100,C2CF253,2026,2,400000,BV,2026-06-25,2026-06-25,MYR,1.0,-3537.50,SST-S,,,,STORE01
1100,C2CF253,2026,3,230000,BV,2026-06-25,2026-06-25,MYR,1.0,-283.00,SST-S,,,,STORE01
1100,C2CF254,2026,1,110000,BV,2026-06-26,2026-06-26,MYR,1.0,3834.00,SST-S,,,,STORE02
1100,C2CF254,2026,2,400000,BV,2026-06-26,2026-06-26,MYR,1.0,-3550.00,SST-S,,,,STORE02
1100,C2CF254,2026,3,230000,BV,2026-06-26,2026-06-26,MYR,1.0,-284.00,SST-S,,,,STORE02
1100,C2CF255,2026,1,110000,BV,2026-06-27,2026-06-27,MYR,1.0,3847.50,SST-S,,,,STORE03
1100,C2CF255,2026,2,400000,BV,2026-06-27,2026-06-27,MYR,1.0,-3562.50,SST-S,,,,STORE03
1100,C2CF255,2026,3,230000,BV,2026-06-27,2026-06-27,MYR,1.0,-285.00,SST-S,,,,STORE03
1100,C2CF256,2026,1,110000,BV,2026-06-20,2026-06-20,MYR,1.0,3861.00,SST-S,,,,STORE04
1100,C2CF256,2026,2,400000,BV,2026-06-20,2026-06-20,MYR,1.0,-3575.00,SST-S,,,,STORE04
1100,C2CF256,2026,3,230000,BV,2026-06-20,2026-06-20,MYR,1.0,-286.00,SST-S,,,,STORE04
1100,C2CF257,2026,1,110000,BV,2026-06-21,2026-06-21,MYR,1.0,3874.50,SST-S,,,,STORE05
1100,C2CF257,2026,2,400000,BV,2026-06-21,2026-06-21,MYR,1.0,-3587.50,SST-S,,,,STORE05
1100,C2CF257,2026,3,230000,BV,2026-06-21,2026-06-21,MYR,1.0,-287.00,SST-S,,,,STORE05
1100,C2CF258,2026,1,110000,BV,2026-06-22,2026-06-22,MYR,1.0,3888.00,SST-S,,,,STORE06
1100,C2CF258,2026,2,400000,BV,2026-06-22,2026-06-22,MYR,1.0,-3600.00,SST-S,,,,STORE06
1100,C2CF258,2026,3,230000,BV,2026-06-22,2026-06-22,MYR,1.0,-288.00,SST-S,,,,STORE06
1100,C2CF259,2026,1,110000,BV,2026-06-23,2026-06-23,MYR,1.0,3901.50,SST-S,,,,STORE07
1100,C2CF259,2026,2,400000,BV,2026-06-23,2026-06-23,MYR,1.0,-3612.50,SST-S,,,,STORE07
1100,C2CF259,2026,3,230000,BV,2026-06-23,2026-06-23,MYR,1.0,-289.00,SST-S,,,,STORE07
1100,C2CF260,2026,1,110000,BV,2026-06-24,2026-06-24,MYR,1.0,3915.00,SST-S,,,,STORE08
1100,C2CF260,2026,2,400000,BV,2026-06-24,2026-06-24,MYR,1.0,-3625.00,SST-S,,,,STORE08
1100,C2CF260,2026,3,230000,BV,2026-06-24,2026-06-24,MYR,1.0,-290.00,SST-S,,,,STORE08
1100,C2CF261,2026,1,110000,BV,2026-06-25,2026-06-25,MYR,1.0,3928.50,SST-S,,,,STORE00
1100,C2CF261,2026,2,400000,BV,2026-06-25,2026-06-25,MYR,1.0,-3637.50,SST-S,,,,STORE00
1100,C2CF261,2026,3,230000,BV,2026-06-25,2026-06-25,MYR,1.0,-291.00,SST-S,,,,STORE00
1100,C2CF262,2026,1,110000,BV,2026-06-26,2026-06-26,MYR,1.0,3942.00,SST-S,,,,STORE01
1100,C2CF262,2026,2,400000,BV,2026-06-26,2026-06-26,MYR,1.0,-3650.00,SST-S,,,,STORE01
1100,C2CF262,2026,3,230000,BV,2026-06-26,2026-06-26,MYR,1.0,-292.00,SST-S,,,,STORE01
1100,C2CF263,2026,1,110000,BV,2026-06-27,2026-06-27,MYR,1.0,3955.50,SST-S,,,,STORE02
1100,C2CF263,2026,2,400000,BV,2026-06-27,2026-06-27,MYR,1.0,-3662.50,SST-S,,,,STORE02
1100,C2CF263,2026,3,230000,BV,2026-06-27,2026-06-27,MYR,1.0,-293.00,SST-S,,,,STORE02
1100,C2CF264,2026,1,110000,BV,2026-06-20,2026-06-20,MYR,1.0,3969.00,SST-S,,,,STORE03
1100,C2CF264,2026,2,400000,BV,2026-06-20,2026-06-20,MYR,1.0,-3675.00,SST-S,,,,STORE03
1100,C2CF264,2026,3,230000,BV,2026-06-20,2026-06-20,MYR,1.0,-294.00,SST-S,,,,STORE03
1100,C2CF265,2026,1,110000,BV,2026-06-21,2026-06-21,MYR,1.0,3982.50,SST-S,,,,STORE04
1100,C2CF265,2026,2,400000,BV,2026-06-21,2026-06-21,MYR,1.0,-3687.50,SST-S,,,,STORE04
1100,C2CF265,2026,3,230000,BV,2026-06-21,2026-06-21,MYR,1.0,-295.00,SST-S,,,,STORE04
1100,C2CF266,2026,1,110000,BV,2026-06-22,2026-06-22,MYR,1.0,3996.00,SST-S,,,,STORE05
1100,C2CF266,2026,2,400000,BV,2026-06-22,2026-06-22,MYR,1.0,-3700.00,SST-S,,,,STORE05
1100,C2CF266,2026,3,230000,BV,2026-06-22,2026-06-22,MYR,1.0,-296.00,SST-S,,,,STORE05
1100,C2CF267,2026,1,110000,BV,2026-06-23,2026-06-23,MYR,1.0,4009.50,SST-S,,,,STORE06
1100,C2CF267,2026,2,400000,BV,2026-06-23,2026-06-23,MYR,1.0,-3712.50,SST-S,,,,STORE06
1100,C2CF267,2026,3,230000,BV,2026-06-23,2026-06-23,MYR,1.0,-297.00,SST-S,,,,STORE06
1100,C2CF268,2026,1,110000,BV,2026-06-24,2026-06-24,MYR,1.0,4023.00,SST-S,,,,STORE07
1100,C2CF268,2026,2,400000,BV,2026-06-24,2026-06-24,MYR,1.0,-3725.00,SST-S,,,,STORE07
1100,C2CF268,2026,3,230000,BV,2026-06-24,2026-06-24,MYR,1.0,-298.00,SST-S,,,,STORE07
1100,C2CF269,2026,1,110000,BV,2026-06-25,2026-06-25,MYR,1.0,4036.50,SST-S,,,,STORE08
1100,C2CF269,2026,2,400000,BV,2026-06-25,2026-06-25,MYR,1.0,-3737.50,SST-S,,,,STORE08
1100,C2CF269,2026,3,230000,BV,2026-06-25,2026-06-25,MYR,1.0,-299.00,SST-S,,,,STORE08
1100,C2CF270,2026,1,110000,BV,2026-06-26,2026-06-26,MYR,1.0,4050.00,SST-S,,,,STORE00
1100,C2CF270,2026,2,400000,BV,2026-06-26,2026-06-26,MYR,1.0,-3750.00,SST-S,,,,STORE00
1100,C2CF270,2026,3,230000,BV,2026-06-26,2026-06-26,MYR,1.0,-300.00,SST-S,,,,STORE00
1100,C2CF271,2026,1,110000,BV,2026-06-27,2026-06-27,MYR,1.0,4063.50,SST-S,,,,STORE01
1100,C2CF271,2026,2,400000,BV,2026-06-27,2026-06-27,MYR,1.0,-3762.50,SST-S,,,,STORE01
1100,C2CF271,2026,3,230000,BV,2026-06-27,2026-06-27,MYR,1.0,-301.00,SST-S,,,,STORE01
1100,C2CF272,2026,1,110000,BV,2026-06-20,2026-06-20,MYR,1.0,4077.00,SST-S,,,,STORE02
1100,C2CF272,2026,2,400000,BV,2026-06-20,2026-06-20,MYR,1.0,-3775.00,SST-S,,,,STORE02
1100,C2CF272,2026,3,230000,BV,2026-06-20,2026-06-20,MYR,1.0,-302.00,SST-S,,,,STORE02
1100,C2CF273,2026,1,110000,BV,2026-06-21,2026-06-21,MYR,1.0,4090.50,SST-S,,,,STORE03
1100,C2CF273,2026,2,400000,BV,2026-06-21,2026-06-21,MYR,1.0,-3787.50,SST-S,,,,STORE03
1100,C2CF273,2026,3,230000,BV,2026-06-21,2026-06-21,MYR,1.0,-303.00,SST-S,,,,STORE03
1100,C2CF274,2026,1,110000,BV,2026-06-22,2026-06-22,MYR,1.0,4104.00,SST-S,,,,STORE04
1100,C2CF274,2026,2,400000,BV,2026-06-22,2026-06-22,MYR,1.0,-3800.00,SST-S,,,,STORE04
1100,C2CF274,2026,3,230000,BV,2026-06-22,2026-06-22,MYR,1.0,-304.00,SST-S,,,,STORE04
1100,C2CF275,2026,1,110000,BV,2026-06-23,2026-06-23,MYR,1.0,4117.50,SST-S,,,,STORE05
1100,C2CF275,2026,2,400000,BV,2026-06-23,2026-06-23,MYR,1.0,-3812.50,SST-S,,,,STORE05
1100,C2CF275,2026,3,230000,BV,2026-06-23,2026-06-23,MYR,1.0,-305.00,SST-S,,,,STORE05
1100,C2CF276,2026,1,110000,BV,2026-06-24,2026-06-24,MYR,1.0,4131.00,SST-S,,,,STORE06
1100,C2CF276,2026,2,400000,BV,2026-06-24,2026-06-24,MYR,1.0,-3825.00,SST-S,,,,STORE06
1100,C2CF276,2026,3,230000,BV,2026-06-24,2026-06-24,MYR,1.0,-306.00,SST-S,,,,STORE06
1100,C2CF277,2026,1,110000,BV,2026-06-25,2026-06-25,MYR,1.0,4144.50,SST-S,,,,STORE07
1100,C2CF277,2026,2,400000,BV,2026-06-25,2026-06-25,MYR,1.0,-3837.50,SST-S,,,,STORE07
1100,C2CF277,2026,3,230000,BV,2026-06-25,2026-06-25,MYR,1.0,-307.00,SST-S,,,,STORE07
1100,C2CF278,2026,1,110000,BV,2026-06-26,2026-06-26,MYR,1.0,4158.00,SST-S,,,,STORE08
1100,C2CF278,2026,2,400000,BV,2026-06-26,2026-06-26,MYR,1.0,-3850.00,SST-S,,,,STORE08
1100,C2CF278,2026,3,230000,BV,2026-06-26,2026-06-26,MYR,1.0,-308.00,SST-S,,,,STORE08
1100,C2CF279,2026,1,110000,BV,2026-06-27,2026-06-27,MYR,1.0,4171.50,SST-S,,,,STORE00
1100,C2CF279,2026,2,400000,BV,2026-06-27,2026-06-27,MYR,1.0,-3862.50,SST-S,,,,STORE00
1100,C2CF279,2026,3,230000,BV,2026-06-27,2026-06-27,MYR,1.0,-309.00,SST-S,,,,STORE00
1100,C2CF280,2026,1,110000,BV,2026-06-20,2026-06-20,MYR,1.0,4185.00,SST-S,,,,STORE01
1100,C2CF280,2026,2,400000,BV,2026-06-20,2026-06-20,MYR,1.0,-3875.00,SST-S,,,,STORE01
1100,C2CF280,2026,3,230000,BV,2026-06-20,2026-06-20,MYR,1.0,-310.00,SST-S,,,,STORE01
1100,C2CF281,2026,1,110000,BV,2026-06-21,2026-06-21,MYR,1.0,4198.50,SST-S,,,,STORE02
1100,C2CF281,2026,2,400000,BV,2026-06-21,2026-06-21,MYR,1.0,-3887.50,SST-S,,,,STORE02
1100,C2CF281,2026,3,230000,BV,2026-06-21,2026-06-21,MYR,1.0,-311.00,SST-S,,,,STORE02
1100,C2CF282,2026,1,110000,BV,2026-06-22,2026-06-22,MYR,1.0,4212.00,SST-S,,,,STORE03
1100,C2CF282,2026,2,400000,BV,2026-06-22,2026-06-22,MYR,1.0,-3900.00,SST-S,,,,STORE03
1100,C2CF282,2026,3,230000,BV,2026-06-22,2026-06-22,MYR,1.0,-312.00,SST-S,,,,STORE03
1100,C2CF283,2026,1,110000,BV,2026-06-23,2026-06-23,MYR,1.0,4225.50,SST-S,,,,STORE04
1100,C2CF283,2026,2,400000,BV,2026-06-23,2026-06-23,MYR,1.0,-3912.50,SST-S,,,,STORE04
1100,C2CF283,2026,3,230000,BV,2026-06-23,2026-06-23,MYR,1.0,-313.00,SST-S,,,,STORE04
1100,C2CF284,2026,1,110000,BV,2026-06-24,2026-06-24,MYR,1.0,4239.00,SST-S,,,,STORE05
1100,C2CF284,2026,2,400000,BV,2026-06-24,2026-06-24,MYR,1.0,-3925.00,SST-S,,,,STORE05
1100,C2CF284,2026,3,230000,BV,2026-06-24,2026-06-24,MYR,1.0,-314.00,SST-S,,,,STORE05
1100,C2CF285,2026,1,110000,BV,2026-06-25,2026-06-25,MYR,1.0,4252.50,SST-S,,,,STORE06
1100,C2CF285,2026,2,400000,BV,2026-06-25,2026-06-25,MYR,1.0,-3937.50,SST-S,,,,STORE06
1100,C2CF285,2026,3,230000,BV,2026-06-25,2026-06-25,MYR,1.0,-315.00,SST-S,,,,STORE06
1100,C2CF286,2026,1,110000,BV,2026-06-26,2026-06-26,MYR,1.0,4266.00,SST-S,,,,STORE07
1100,C2CF286,2026,2,400000,BV,2026-06-26,2026-06-26,MYR,1.0,-3950.00,SST-S,,,,STORE07
1100,C2CF286,2026,3,230000,BV,2026-06-26,2026-06-26,MYR,1.0,-316.00,SST-S,,,,STORE07
1100,C2CF287,2026,1,110000,BV,2026-06-27,2026-06-27,MYR,1.0,4279.50,SST-S,,,,STORE08
1100,C2CF287,2026,2,400000,BV,2026-06-27,2026-06-27,MYR,1.0,-3962.50,SST-S,,,,STORE08
1100,C2CF287,2026,3,230000,BV,2026-06-27,2026-06-27,MYR,1.0,-317.00,SST-S,,,,STORE08
1100,C2CF288,2026,1,110000,BV,2026-06-20,2026-06-20,MYR,1.0,4293.00,SST-S,,,,STORE00
1100,C2CF288,2026,2,400000,BV,2026-06-20,2026-06-20,MYR,1.0,-3975.00,SST-S,,,,STORE00
1100,C2CF288,2026,3,230000,BV,2026-06-20,2026-06-20,MYR,1.0,-318.00,SST-S,,,,STORE00
1100,C2CF289,2026,1,110000,BV,2026-06-21,2026-06-21,MYR,1.0,4306.50,SST-S,,,,STORE01
1100,C2CF289,2026,2,400000,BV,2026-06-21,2026-06-21,MYR,1.0,-3987.50,SST-S,,,,STORE01
1100,C2CF289,2026,3,230000,BV,2026-06-21,2026-06-21,MYR,1.0,-319.00,SST-S,,,,STORE01
1100,C2CF290,2026,1,110000,BV,2026-06-22,2026-06-22,MYR,1.0,4320.00,SST-S,,,,STORE02
1100,C2CF290,2026,2,400000,BV,2026-06-22,2026-06-22,MYR,1.0,-4000.00,SST-S,,,,STORE02
1100,C2CF290,2026,3,230000,BV,2026-06-22,2026-06-22,MYR,1.0,-320.00,SST-S,,,,STORE02
1100,C2CF291,2026,1,110000,BV,2026-06-23,2026-06-23,MYR,1.0,4333.50,SST-S,,,,STORE03
1100,C2CF291,2026,2,400000,BV,2026-06-23,2026-06-23,MYR,1.0,-4012.50,SST-S,,,,STORE03
1100,C2CF291,2026,3,230000,BV,2026-06-23,2026-06-23,MYR,1.0,-321.00,SST-S,,,,STORE03
1100,C2CF292,2026,1,110000,BV,2026-06-24,2026-06-24,MYR,1.0,4347.00,SST-S,,,,STORE04
1100,C2CF292,2026,2,400000,BV,2026-06-24,2026-06-24,MYR,1.0,-4025.00,SST-S,,,,STORE04
1100,C2CF292,2026,3,230000,BV,2026-06-24,2026-06-24,MYR,1.0,-322.00,SST-S,,,,STORE04
1100,C2CF293,2026,1,110000,BV,2026-06-25,2026-06-25,MYR,1.0,4360.50,SST-S,,,,STORE05
1100,C2CF293,2026,2,400000,BV,2026-06-25,2026-06-25,MYR,1.0,-4037.50,SST-S,,,,STORE05
1100,C2CF293,2026,3,230000,BV,2026-06-25,2026-06-25,MYR,1.0,-323.00,SST-S,,,,STORE05
1100,C2CF294,2026,1,110000,BV,2026-06-26,2026-06-26,MYR,1.0,4374.00,SST-S,,,,STORE06
1100,C2CF294,2026,2,400000,BV,2026-06-26,2026-06-26,MYR,1.0,-4050.00,SST-S,,,,STORE06
1100,C2CF294,2026,3,230000,BV,2026-06-26,2026-06-26,MYR,1.0,-324.00,SST-S,,,,STORE06
1100,C2CF295,2026,1,110000,BV,2026-06-27,2026-06-27,MYR,1.0,4387.50,SST-S,,,,STORE07
1100,C2CF295,2026,2,400000,BV,2026-06-27,2026-06-27,MYR,1.0,-4062.50,SST-S,,,,STORE07
1100,C2CF295,2026,3,230000,BV,2026-06-27,2026-06-27,MYR,1.0,-325.00,SST-S,,,,STORE07
1100,C2CF296,2026,1,110000,BV,2026-06-20,2026-06-20,MYR,1.0,4401.00,SST-S,,,,STORE08
1100,C2CF296,2026,2,400000,BV,2026-06-20,2026-06-20,MYR,1.0,-4075.00,SST-S,,,,STORE08
1100,C2CF296,2026,3,230000,BV,2026-06-20,2026-06-20,MYR,1.0,-326.00,SST-S,,,,STORE08
1100,C2CF297,2026,1,110000,BV,2026-06-21,2026-06-21,MYR,1.0,4414.50,SST-S,,,,STORE00
1100,C2CF297,2026,2,400000,BV,2026-06-21,2026-06-21,MYR,1.0,-4087.50,SST-S,,,,STORE00
1100,C2CF297,2026,3,230000,BV,2026-06-21,2026-06-21,MYR,1.0,-327.00,SST-S,,,,STORE00
1100,C2CF298,2026,1,110000,BV,2026-06-22,2026-06-22,MYR,1.0,4428.00,SST-S,,,,STORE01
1100,C2CF298,2026,2,400000,BV,2026-06-22,2026-06-22,MYR,1.0,-4100.00,SST-S,,,,STORE01
1100,C2CF298,2026,3,230000,BV,2026-06-22,2026-06-22,MYR,1.0,-328.00,SST-S,,,,STORE01
1100,C2CF299,2026,1,110000,BV,2026-06-23,2026-06-23,MYR,1.0,4441.50,SST-S,,,,STORE02
1100,C2CF299,2026,2,400000,BV,2026-06-23,2026-06-23,MYR,1.0,-4112.50,SST-S,,,,STORE02
1100,C2CF299,2026,3,230000,BV,2026-06-23,2026-06-23,MYR,1.0,-329.00,SST-S,,,,STORE02
1100,C2CF300,2026,1,110000,BV,2026-06-24,2026-06-24,MYR,1.0,405.00,SST-S,,,,STORE03
1100,C2CF300,2026,2,400000,BV,2026-06-24,2026-06-24,MYR,1.0,-375.00,SST-S,,,,STORE03
1100,C2CF300,2026,3,230000,BV,2026-06-24,2026-06-24,MYR,1.0,-30.00,SST-S,,,,STORE03
1100,C2CF301,2026,1,110000,BV,2026-06-25,2026-06-25,MYR,1.0,418.50,SST-S,,,,STORE04
1100,C2CF301,2026,2,400000,BV,2026-06-25,2026-06-25,MYR,1.0,-387.50,SST-S,,,,STORE04
1100,C2CF301,2026,3,230000,BV,2026-06-25,2026-06-25,MYR,1.0,-31.00,SST-S,,,,STORE04
1100,C2CF302,2026,1,110000,BV,2026-06-26,2026-06-26,MYR,1.0,432.00,SST-S,,,,STORE05
1100,C2CF302,2026,2,400000,BV,2026-06-26,2026-06-26,MYR,1.0,-400.00,SST-S,,,,STORE05
1100,C2CF302,2026,3,230000,BV,2026-06-26,2026-06-26,MYR,1.0,-32.00,SST-S,,,,STORE05
1100,C2CF303,2026,1,110000,BV,2026-06-27,2026-06-27,MYR,1.0,445.50,SST-S,,,,STORE06
1100,C2CF303,2026,2,400000,BV,2026-06-27,2026-06-27,MYR,1.0,-412.50,SST-S,,,,STORE06
1100,C2CF303,2026,3,230000,BV,2026-06-27,2026-06-27,MYR,1.0,-33.00,SST-S,,,,STORE06
1100,C2CF304,2026,1,110000,BV,2026-06-20,2026-06-20,MYR,1.0,459.00,SST-S,,,,STORE07
1100,C2CF304,2026,2,400000,BV,2026-06-20,2026-06-20,MYR,1.0,-425.00,SST-S,,,,STORE07
1100,C2CF304,2026,3,230000,BV,2026-06-20,2026-06-20,MYR,1.0,-34.00,SST-S,,,,STORE07
1100,C2CF305,2026,1,110000,BV,2026-06-21,2026-06-21,MYR,1.0,472.50,SST-S,,,,STORE08
1100,C2CF305,2026,2,400000,BV,2026-06-21,2026-06-21,MYR,1.0,-437.50,SST-S,,,,STORE08
1100,C2CF305,2026,3,230000,BV,2026-06-21,2026-06-21,MYR,1.0,-35.00,SST-S,,,,STORE08
1100,C2CF306,2026,1,110000,BV,2026-06-22,2026-06-22,MYR,1.0,486.00,SST-S,,,,STORE00
1100,C2CF306,2026,2,400000,BV,2026-06-22,2026-06-22,MYR,1.0,-450.00,SST-S,,,,STORE00
1100,C2CF306,2026,3,230000,BV,2026-06-22,2026-06-22,MYR,1.0,-36.00,SST-S,,,,STORE00
1100,C2CF307,2026,1,110000,BV,2026-06-23,2026-06-23,MYR,1.0,499.50,SST-S,,,,STORE01
1100,C2CF307,2026,2,400000,BV,2026-06-23,2026-06-23,MYR,1.0,-462.50,SST-S,,,,STORE01
1100,C2CF307,2026,3,230000,BV,2026-06-23,2026-06-23,MYR,1.0,-37.00,SST-S,,,,STORE01
1100,C2CF308,2026,1,110000,BV,2026-06-24,2026-06-24,MYR,1.0,513.00,SST-S,,,,STORE02
1100,C2CF308,2026,2,400000,BV,2026-06-24,2026-06-24,MYR,1.0,-475.00,SST-S,,,,STORE02
1100,C2CF308,2026,3,230000,BV,2026-06-24,2026-06-24,MYR,1.0,-38.00,SST-S,,,,STORE02
1100,C2CF309,2026,1,110000,BV,2026-06-25,2026-06-25,MYR,1.0,526.50,SST-S,,,,STORE03
1100,C2CF309,2026,2,400000,BV,2026-06-25,2026-06-25,MYR,1.0,-487.50,SST-S,,,,STORE03
1100,C2CF309,2026,3,230000,BV,2026-06-25,2026-06-25,MYR,1.0,-39.00,SST-S,,,,STORE03
1100,C2CF310,2026,1,110000,BV,2026-06-26,2026-06-26,MYR,1.0,540.00,SST-S,,,,STORE04
1100,C2CF310,2026,2,400000,BV,2026-06-26,2026-06-26,MYR,1.0,-500.00,SST-S,,,,STORE04
1100,C2CF310,2026,3,230000,BV,2026-06-26,2026-06-26,MYR,1.0,-40.00,SST-S,,,,STORE04
1100,C2CF311,2026,1,110000,BV,2026-06-27,2026-06-27,MYR,1.0,553.50,SST-S,,,,STORE05
1100,C2CF311,2026,2,400000,BV,2026-06-27,2026-06-27,MYR,1.0,-512.50,SST-S,,,,STORE05
1100,C2CF311,2026,3,230000,BV,2026-06-27,2026-06-27,MYR,1.0,-41.00,SST-S,,,,STORE05
1100,C2CF312,2026,1,110000,BV,2026-06-20,2026-06-20,MYR,1.0,567.00,SST-S,,,,STORE06
1100,C2CF312,2026,2,400000,BV,2026-06-20,2026-06-20,MYR,1.0,-525.00,SST-S,,,,STORE06
1100,C2CF312,2026,3,230000,BV,2026-06-20,2026-06-20,MYR,1.0,-42.00,SST-S,,,,STORE06
1100,C2CF313,2026,1,110000,BV,2026-06-21,2026-06-21,MYR,1.0,580.50,SST-S,,,,STORE07
1100,C2CF313,2026,2,400000,BV,2026-06-21,2026-06-21,MYR,1.0,-537.50,SST-S,,,,STORE07
1100,C2CF313,2026,3,230000,BV,2026-06-21,2026-06-21,MYR,1.0,-43.00,SST-S,,,,STORE07
1100,C2CF314,2026,1,110000,BV,2026-06-22,2026-06-22,MYR,1.0,594.00,SST-S,,,,STORE08
1100,C2CF314,2026,2,400000,BV,2026-06-22,2026-06-22,MYR,1.0,-550.00,SST-S,,,,STORE08
1100,C2CF314,2026,3,230000,BV,2026-06-22,2026-06-22,MYR,1.0,-44.00,SST-S,,,,STORE08
1100,C2CF315,2026,1,110000,BV,2026-06-23,2026-06-23,MYR,1.0,607.50,SST-S,,,,STORE00
1100,C2CF315,2026,2,400000,BV,2026-06-23,2026-06-23,MYR,1.0,-562.50,SST-S,,,,STORE00
1100,C2CF315,2026,3,230000,BV,2026-06-23,2026-06-23,MYR,1.0,-45.00,SST-S,,,,STORE00
1100,C2CF316,2026,1,110000,BV,2026-06-24,2026-06-24,MYR,1.0,621.00,SST-S,,,,STORE01
1100,C2CF316,2026,2,400000,BV,2026-06-24,2026-06-24,MYR,1.0,-575.00,SST-S,,,,STORE01
1100,C2CF316,2026,3,230000,BV,2026-06-24,2026-06-24,MYR,1.0,-46.00,SST-S,,,,STORE01
1100,C2CF317,2026,1,110000,BV,2026-06-25,2026-06-25,MYR,1.0,634.50,SST-S,,,,STORE02
1100,C2CF317,2026,2,400000,BV,2026-06-25,2026-06-25,MYR,1.0,-587.50,SST-S,,,,STORE02
1100,C2CF317,2026,3,230000,BV,2026-06-25,2026-06-25,MYR,1.0,-47.00,SST-S,,,,STORE02
1100,C2CF318,2026,1,110000,BV,2026-06-26,2026-06-26,MYR,1.0,648.00,SST-S,,,,STORE03
1100,C2CF318,2026,2,400000,BV,2026-06-26,2026-06-26,MYR,1.0,-600.00,SST-S,,,,STORE03
1100,C2CF318,2026,3,230000,BV,2026-06-26,2026-06-26,MYR,1.0,-48.00,SST-S,,,,STORE03
1100,C2CF319,2026,1,110000,BV,2026-06-27,2026-06-27,MYR,1.0,661.50,SST-S,,,,STORE04
1100,C2CF319,2026,2,400000,BV,2026-06-27,2026-06-27,MYR,1.0,-612.50,SST-S,,,,STORE04
1100,C2CF319,2026,3,230000,BV,2026-06-27,2026-06-27,MYR,1.0,-49.00,SST-S,,,,STORE04
1100,C2CF320,2026,1,110000,BV,2026-06-20,2026-06-20,MYR,1.0,675.00,SST-S,,,,STORE05
1100,C2CF320,2026,2,400000,BV,2026-06-20,2026-06-20,MYR,1.0,-625.00,SST-S,,,,STORE05
1100,C2CF320,2026,3,230000,BV,2026-06-20,2026-06-20,MYR,1.0,-50.00,SST-S,,,,STORE05
1100,C2CF321,2026,1,110000,BV,2026-06-21,2026-06-21,MYR,1.0,688.50,SST-S,,,,STORE06
1100,C2CF321,2026,2,400000,BV,2026-06-21,2026-06-21,MYR,1.0,-637.50,SST-S,,,,STORE06
1100,C2CF321,2026,3,230000,BV,2026-06-21,2026-06-21,MYR,1.0,-51.00,SST-S,,,,STORE06
1100,C2CF322,2026,1,110000,BV,2026-06-22,2026-06-22,MYR,1.0,702.00,SST-S,,,,STORE07
1100,C2CF322,2026,2,400000,BV,2026-06-22,2026-06-22,MYR,1.0,-650.00,SST-S,,,,STORE07
1100,C2CF322,2026,3,230000,BV,2026-06-22,2026-06-22,MYR,1.0,-52.00,SST-S,,,,STORE07
1100,C2CF323,2026,1,110000,BV,2026-06-23,2026-06-23,MYR,1.0,715.50,SST-S,,,,STORE08
1100,C2CF323,2026,2,400000,BV,2026-06-23,2026-06-23,MYR,1.0,-662.50,SST-S,,,,STORE08
1100,C2CF323,2026,3,230000,BV,2026-06-23,2026-06-23,MYR,1.0,-53.00,SST-S,,,,STORE08
1100,C2CF324,2026,1,110000,BV,2026-06-24,2026-06-24,MYR,1.0,729.00,SST-S,,,,STORE00
1100,C2CF324,2026,2,400000,BV,2026-06-24,2026-06-24,MYR,1.0,-675.00,SST-S,,,,STORE00
1100,C2CF324,2026,3,230000,BV,2026-06-24,2026-06-24,MYR,1.0,-54.00,SST-S,,,,STORE00
1100,C2CF325,2026,1,110000,BV,2026-06-25,2026-06-25,MYR,1.0,742.50,SST-S,,,,STORE01
1100,C2CF325,2026,2,400000,BV,2026-06-25,2026-06-25,MYR,1.0,-687.50,SST-S,,,,STORE01
1100,C2CF325,2026,3,230000,BV,2026-06-25,2026-06-25,MYR,1.0,-55.00,SST-S,,,,STORE01
1100,C2CF326,2026,1,110000,BV,2026-06-26,2026-06-26,MYR,1.0,756.00,SST-S,,,,STORE02
1100,C2CF326,2026,2,400000,BV,2026-06-26,2026-06-26,MYR,1.0,-700.00,SST-S,,,,STORE02
1100,C2CF326,2026,3,230000,BV,2026-06-26,2026-06-26,MYR,1.0,-56.00,SST-S,,,,STORE02
1100,C2CF327,2026,1,110000,BV,2026-06-27,2026-06-27,MYR,1.0,769.50,SST-S,,,,STORE03
1100,C2CF327,2026,2,400000,BV,2026-06-27,2026-06-27,MYR,1.0,-712.50,SST-S,,,,STORE03
1100,C2CF327,2026,3,230000,BV,2026-06-27,2026-06-27,MYR,1.0,-57.00,SST-S,,,,STORE03
1100,C2CF328,2026,1,110000,BV,2026-06-20,2026-06-20,MYR,1.0,783.00,SST-S,,,,STORE04
1100,C2CF328,2026,2,400000,BV,2026-06-20,2026-06-20,MYR,1.0,-725.00,SST-S,,,,STORE04
1100,C2CF328,2026,3,230000,BV,2026-06-20,2026-06-20,MYR,1.0,-58.00,SST-S,,,,STORE04
1100,C2CF329,2026,1,110000,BV,2026-06-21,2026-06-21,MYR,1.0,796.50,SST-S,,,,STORE05
1100,C2CF329,2026,2,400000,BV,2026-06-21,2026-06-21,MYR,1.0,-737.50,SST-S,,,,STORE05
1100,C2CF329,2026,3,230000,BV,2026-06-21,2026-06-21,MYR,1.0,-59.00,SST-S,,,,STORE05
1100,C2CF330,2026,1,110000,BV,2026-06-22,2026-06-22,MYR,1.0,810.00,SST-S,,,,STORE06
1100,C2CF330,2026,2,400000,BV,2026-06-22,2026-06-22,MYR,1.0,-750.00,SST-S,,,,STORE06
1100,C2CF330,2026,3,230000,BV,2026-06-22,2026-06-22,MYR,1.0,-60.00,SST-S,,,,STORE06
1100,C2CF331,2026,1,110000,BV,2026-06-23,2026-06-23,MYR,1.0,823.50,SST-S,,,,STORE07
1100,C2CF331,2026,2,400000,BV,2026-06-23,2026-06-23,MYR,1.0,-762.50,SST-S,,,,STORE07
1100,C2CF331,2026,3,230000,BV,2026-06-23,2026-06-23,MYR,1.0,-61.00,SST-S,,,,STORE07
1100,C2CF332,2026,1,110000,BV,2026-06-24,2026-06-24,MYR,1.0,837.00,SST-S,,,,STORE08
1100,C2CF332,2026,2,400000,BV,2026-06-24,2026-06-24,MYR,1.0,-775.00,SST-S,,,,STORE08
1100,C2CF332,2026,3,230000,BV,2026-06-24,2026-06-24,MYR,1.0,-62.00,SST-S,,,,STORE08
1100,C2CF333,2026,1,110000,BV,2026-06-25,2026-06-25,MYR,1.0,850.50,SST-S,,,,STORE00
1100,C2CF333,2026,2,400000,BV,2026-06-25,2026-06-25,MYR,1.0,-787.50,SST-S,,,,STORE00
1100,C2CF333,2026,3,230000,BV,2026-06-25,2026-06-25,MYR,1.0,-63.00,SST-S,,,,STORE00
1100,C2CF334,2026,1,110000,BV,2026-06-26,2026-06-26,MYR,1.0,864.00,SST-S,,,,STORE01
1100,C2CF334,2026,2,400000,BV,2026-06-26,2026-06-26,MYR,1.0,-800.00,SST-S,,,,STORE01
1100,C2CF334,2026,3,230000,BV,2026-06-26,2026-06-26,MYR,1.0,-64.00,SST-S,,,,STORE01
1100,C2CF335,2026,1,110000,BV,2026-06-27,2026-06-27,MYR,1.0,877.50,SST-S,,,,STORE02
1100,C2CF335,2026,2,400000,BV,2026-06-27,2026-06-27,MYR,1.0,-812.50,SST-S,,,,STORE02
1100,C2CF335,2026,3,230000,BV,2026-06-27,2026-06-27,MYR,1.0,-65.00,SST-S,,,,STORE02
1100,C2CF336,2026,1,110000,BV,2026-06-20,2026-06-20,MYR,1.0,891.00,SST-S,,,,STORE03
1100,C2CF336,2026,2,400000,BV,2026-06-20,2026-06-20,MYR,1.0,-825.00,SST-S,,,,STORE03
1100,C2CF336,2026,3,230000,BV,2026-06-20,2026-06-20,MYR,1.0,-66.00,SST-S,,,,STORE03
1100,C2CF337,2026,1,110000,BV,2026-06-21,2026-06-21,MYR,1.0,904.50,SST-S,,,,STORE04
1100,C2CF337,2026,2,400000,BV,2026-06-21,2026-06-21,MYR,1.0,-837.50,SST-S,,,,STORE04
1100,C2CF337,2026,3,230000,BV,2026-06-21,2026-06-21,MYR,1.0,-67.00,SST-S,,,,STORE04
1100,C2CF338,2026,1,110000,BV,2026-06-22,2026-06-22,MYR,1.0,918.00,SST-S,,,,STORE05
1100,C2CF338,2026,2,400000,BV,2026-06-22,2026-06-22,MYR,1.0,-850.00,SST-S,,,,STORE05
1100,C2CF338,2026,3,230000,BV,2026-06-22,2026-06-22,MYR,1.0,-68.00,SST-S,,,,STORE05
1100,C2CF339,2026,1,110000,BV,2026-06-23,2026-06-23,MYR,1.0,931.50,SST-S,,,,STORE06
1100,C2CF339,2026,2,400000,BV,2026-06-23,2026-06-23,MYR,1.0,-862.50,SST-S,,,,STORE06
1100,C2CF339,2026,3,230000,BV,2026-06-23,2026-06-23,MYR,1.0,-69.00,SST-S,,,,STORE06
1100,C2CF340,2026,1,110000,BV,2026-06-24,2026-06-24,MYR,1.0,945.00,SST-S,,,,STORE07
1100,C2CF340,2026,2,400000,BV,2026-06-24,2026-06-24,MYR,1.0,-875.00,SST-S,,,,STORE07
1100,C2CF340,2026,3,230000,BV,2026-06-24,2026-06-24,MYR,1.0,-70.00,SST-S,,,,STORE07
1100,C2CF341,2026,1,110000,BV,2026-06-25,2026-06-25,MYR,1.0,958.50,SST-S,,,,STORE08
1100,C2CF341,2026,2,400000,BV,2026-06-25,2026-06-25,MYR,1.0,-887.50,SST-S,,,,STORE08
1100,C2CF341,2026,3,230000,BV,2026-06-25,2026-06-25,MYR,1.0,-71.00,SST-S,,,,STORE08
1100,C2CF342,2026,1,110000,BV,2026-06-26,2026-06-26,MYR,1.0,972.00,SST-S,,,,STORE00
1100,C2CF342,2026,2,400000,BV,2026-06-26,2026-06-26,MYR,1.0,-900.00,SST-S,,,,STORE00
1100,C2CF342,2026,3,230000,BV,2026-06-26,2026-06-26,MYR,1.0,-72.00,SST-S,,,,STORE00
1100,C2CF343,2026,1,110000,BV,2026-06-27,2026-06-27,MYR,1.0,985.50,SST-S,,,,STORE01
1100,C2CF343,2026,2,400000,BV,2026-06-27,2026-06-27,MYR,1.0,-912.50,SST-S,,,,STORE01
1100,C2CF343,2026,3,230000,BV,2026-06-27,2026-06-27,MYR,1.0,-73.00,SST-S,,,,STORE01
1100,C2CF344,2026,1,110000,BV,2026-06-20,2026-06-20,MYR,1.0,999.00,SST-S,,,,STORE02
1100,C2CF344,2026,2,400000,BV,2026-06-20,2026-06-20,MYR,1.0,-925.00,SST-S,,,,STORE02
1100,C2CF344,2026,3,230000,BV,2026-06-20,2026-06-20,MYR,1.0,-74.00,SST-S,,,,STORE02
1100,C2CF345,2026,1,110000,BV,2026-06-21,2026-06-21,MYR,1.0,1012.50,SST-S,,,,STORE03
1100,C2CF345,2026,2,400000,BV,2026-06-21,2026-06-21,MYR,1.0,-937.50,SST-S,,,,STORE03
1100,C2CF345,2026,3,230000,BV,2026-06-21,2026-06-21,MYR,1.0,-75.00,SST-S,,,,STORE03
1100,C2CF346,2026,1,110000,BV,2026-06-22,2026-06-22,MYR,1.0,1026.00,SST-S,,,,STORE04
1100,C2CF346,2026,2,400000,BV,2026-06-22,2026-06-22,MYR,1.0,-950.00,SST-S,,,,STORE04
1100,C2CF346,2026,3,230000,BV,2026-06-22,2026-06-22,MYR,1.0,-76.00,SST-S,,,,STORE04
1100,C2CF347,2026,1,110000,BV,2026-06-23,2026-06-23,MYR,1.0,1039.50,SST-S,,,,STORE05
1100,C2CF347,2026,2,400000,BV,2026-06-23,2026-06-23,MYR,1.0,-962.50,SST-S,,,,STORE05
1100,C2CF347,2026,3,230000,BV,2026-06-23,2026-06-23,MYR,1.0,-77.00,SST-S,,,,STORE05
1100,C2CF348,2026,1,110000,BV,2026-06-24,2026-06-24,MYR,1.0,1053.00,SST-S,,,,STORE06
1100,C2CF348,2026,2,400000,BV,2026-06-24,2026-06-24,MYR,1.0,-975.00,SST-S,,,,STORE06
1100,C2CF348,2026,3,230000,BV,2026-06-24,2026-06-24,MYR,1.0,-78.00,SST-S,,,,STORE06
1100,C2CF349,2026,1,110000,BV,2026-06-25,2026-06-25,MYR,1.0,1066.50,SST-S,,,,STORE07
1100,C2CF349,2026,2,400000,BV,2026-06-25,2026-06-25,MYR,1.0,-987.50,SST-S,,,,STORE07
1100,C2CF349,2026,3,230000,BV,2026-06-25,2026-06-25,MYR,1.0,-79.00,SST-S,,,,STORE07
1100,C2CF350,2026,1,110000,BV,2026-06-26,2026-06-26,MYR,1.0,1080.00,SST-S,,,,STORE08
1100,C2CF350,2026,2,400000,BV,2026-06-26,2026-06-26,MYR,1.0,-1000.00,SST-S,,,,STORE08
1100,C2CF350,2026,3,230000,BV,2026-06-26,2026-06-26,MYR,1.0,-80.00,SST-S,,,,STORE08
1100,C2CF351,2026,1,110000,BV,2026-06-27,2026-06-27,MYR,1.0,1093.50,SST-S,,,,STORE00
1100,C2CF351,2026,2,400000,BV,2026-06-27,2026-06-27,MYR,1.0,-1012.50,SST-S,,,,STORE00
1100,C2CF351,2026,3,230000,BV,2026-06-27,2026-06-27,MYR,1.0,-81.00,SST-S,,,,STORE00
1100,C2CF352,2026,1,110000,BV,2026-06-20,2026-06-20,MYR,1.0,1107.00,SST-S,,,,STORE01
1100,C2CF352,2026,2,400000,BV,2026-06-20,2026-06-20,MYR,1.0,-1025.00,SST-S,,,,STORE01
1100,C2CF352,2026,3,230000,BV,2026-06-20,2026-06-20,MYR,1.0,-82.00,SST-S,,,,STORE01
1100,C2CF353,2026,1,110000,BV,2026-06-21,2026-06-21,MYR,1.0,1120.50,SST-S,,,,STORE02
1100,C2CF353,2026,2,400000,BV,2026-06-21,2026-06-21,MYR,1.0,-1037.50,SST-S,,,,STORE02
1100,C2CF353,2026,3,230000,BV,2026-06-21,2026-06-21,MYR,1.0,-83.00,SST-S,,,,STORE02
1100,C2CF354,2026,1,110000,BV,2026-06-22,2026-06-22,MYR,1.0,1134.00,SST-S,,,,STORE03
1100,C2CF354,2026,2,400000,BV,2026-06-22,2026-06-22,MYR,1.0,-1050.00,SST-S,,,,STORE03
1100,C2CF354,2026,3,230000,BV,2026-06-22,2026-06-22,MYR,1.0,-84.00,SST-S,,,,STORE03
1100,C2CF355,2026,1,110000,BV,2026-06-23,2026-06-23,MYR,1.0,1147.50,SST-S,,,,STORE04
1100,C2CF355,2026,2,400000,BV,2026-06-23,2026-06-23,MYR,1.0,-1062.50,SST-S,,,,STORE04
1100,C2CF355,2026,3,230000,BV,2026-06-23,2026-06-23,MYR,1.0,-85.00,SST-S,,,,STORE04
1100,C2CF356,2026,1,110000,BV,2026-06-24,2026-06-24,MYR,1.0,1161.00,SST-S,,,,STORE05
1100,C2CF356,2026,2,400000,BV,2026-06-24,2026-06-24,MYR,1.0,-1075.00,SST-S,,,,STORE05
1100,C2CF356,2026,3,230000,BV,2026-06-24,2026-06-24,MYR,1.0,-86.00,SST-S,,,,STORE05
1100,C2CF357,2026,1,110000,BV,2026-06-25,2026-06-25,MYR,1.0,1174.50,SST-S,,,,STORE06
1100,C2CF357,2026,2,400000,BV,2026-06-25,2026-06-25,MYR,1.0,-1087.50,SST-S,,,,STORE06
1100,C2CF357,2026,3,230000,BV,2026-06-25,2026-06-25,MYR,1.0,-87.00,SST-S,,,,STORE06
1100,C2CF358,2026,1,110000,BV,2026-06-26,2026-06-26,MYR,1.0,1188.00,SST-S,,,,STORE07
1100,C2CF358,2026,2,400000,BV,2026-06-26,2026-06-26,MYR,1.0,-1100.00,SST-S,,,,STORE07
1100,C2CF358,2026,3,230000,BV,2026-06-26,2026-06-26,MYR,1.0,-88.00,SST-S,,,,STORE07
1100,C2CF359,2026,1,110000,BV,2026-06-27,2026-06-27,MYR,1.0,1201.50,SST-S,,,,STORE08
1100,C2CF359,2026,2,400000,BV,2026-06-27,2026-06-27,MYR,1.0,-1112.50,SST-S,,,,STORE08
1100,C2CF359,2026,3,230000,BV,2026-06-27,2026-06-27,MYR,1.0,-89.00,SST-S,,,,STORE08
1100,C2CF360,2026,1,110000,BV,2026-06-20,2026-06-20,MYR,1.0,1215.00,SST-S,,,,STORE00
1100,C2CF360,2026,2,400000,BV,2026-06-20,2026-06-20,MYR,1.0,-1125.00,SST-S,,,,STORE00
1100,C2CF360,2026,3,230000,BV,2026-06-20,2026-06-20,MYR,1.0,-90.00,SST-S,,,,STORE00
1100,C2CF361,2026,1,110000,BV,2026-06-21,2026-06-21,MYR,1.0,1228.50,SST-S,,,,STORE01
1100,C2CF361,2026,2,400000,BV,2026-06-21,2026-06-21,MYR,1.0,-1137.50,SST-S,,,,STORE01
1100,C2CF361,2026,3,230000,BV,2026-06-21,2026-06-21,MYR,1.0,-91.00,SST-S,,,,STORE01
1100,C2CF362,2026,1,110000,BV,2026-06-22,2026-06-22,MYR,1.0,1242.00,SST-S,,,,STORE02
1100,C2CF362,2026,2,400000,BV,2026-06-22,2026-06-22,MYR,1.0,-1150.00,SST-S,,,,STORE02
1100,C2CF362,2026,3,230000,BV,2026-06-22,2026-06-22,MYR,1.0,-92.00,SST-S,,,,STORE02
1100,C2CF363,2026,1,110000,BV,2026-06-23,2026-06-23,MYR,1.0,1255.50,SST-S,,,,STORE03
1100,C2CF363,2026,2,400000,BV,2026-06-23,2026-06-23,MYR,1.0,-1162.50,SST-S,,,,STORE03
1100,C2CF363,2026,3,230000,BV,2026-06-23,2026-06-23,MYR,1.0,-93.00,SST-S,,,,STORE03
1100,C2CF364,2026,1,110000,BV,2026-06-24,2026-06-24,MYR,1.0,1269.00,SST-S,,,,STORE04
1100,C2CF364,2026,2,400000,BV,2026-06-24,2026-06-24,MYR,1.0,-1175.00,SST-S,,,,STORE04
1100,C2CF364,2026,3,230000,BV,2026-06-24,2026-06-24,MYR,1.0,-94.00,SST-S,,,,STORE04
1100,C2CF365,2026,1,110000,BV,2026-06-25,2026-06-25,MYR,1.0,1282.50,SST-S,,,,STORE05
1100,C2CF365,2026,2,400000,BV,2026-06-25,2026-06-25,MYR,1.0,-1187.50,SST-S,,,,STORE05
1100,C2CF365,2026,3,230000,BV,2026-06-25,2026-06-25,MYR,1.0,-95.00,SST-S,,,,STORE05
1100,C2CF366,2026,1,110000,BV,2026-06-26,2026-06-26,MYR,1.0,1296.00,SST-S,,,,STORE06
1100,C2CF366,2026,2,400000,BV,2026-06-26,2026-06-26,MYR,1.0,-1200.00,SST-S,,,,STORE06
1100,C2CF366,2026,3,230000,BV,2026-06-26,2026-06-26,MYR,1.0,-96.00,SST-S,,,,STORE06
1100,C2CF367,2026,1,110000,BV,2026-06-27,2026-06-27,MYR,1.0,1309.50,SST-S,,,,STORE07
1100,C2CF367,2026,2,400000,BV,2026-06-27,2026-06-27,MYR,1.0,-1212.50,SST-S,,,,STORE07
1100,C2CF367,2026,3,230000,BV,2026-06-27,2026-06-27,MYR,1.0,-97.00,SST-S,,,,STORE07
1100,C2CF368,2026,1,110000,BV,2026-06-20,2026-06-20,MYR,1.0,1323.00,SST-S,,,,STORE08
1100,C2CF368,2026,2,400000,BV,2026-06-20,2026-06-20,MYR,1.0,-1225.00,SST-S,,,,STORE08
1100,C2CF368,2026,3,230000,BV,2026-06-20,2026-06-20,MYR,1.0,-98.00,SST-S,,,,STORE08
1100,C2CF369,2026,1,110000,BV,2026-06-21,2026-06-21,MYR,1.0,1336.50,SST-S,,,,STORE00
1100,C2CF369,2026,2,400000,BV,2026-06-21,2026-06-21,MYR,1.0,-1237.50,SST-S,,,,STORE00
1100,C2CF369,2026,3,230000,BV,2026-06-21,2026-06-21,MYR,1.0,-99.00,SST-S,,,,STORE00
1100,C2CF370,2026,1,110000,BV,2026-06-22,2026-06-22,MYR,1.0,1350.00,SST-S,,,,STORE01
1100,C2CF370,2026,2,400000,BV,2026-06-22,2026-06-22,MYR,1.0,-1250.00,SST-S,,,,STORE01
1100,C2CF370,2026,3,230000,BV,2026-06-22,2026-06-22,MYR,1.0,-100.00,SST-S,,,,STORE01
1100,C2CF371,2026,1,110000,BV,2026-06-23,2026-06-23,MYR,1.0,1363.50,SST-S,,,,STORE02
1100,C2CF371,2026,2,400000,BV,2026-06-23,2026-06-23,MYR,1.0,-1262.50,SST-S,,,,STORE02
1100,C2CF371,2026,3,230000,BV,2026-06-23,2026-06-23,MYR,1.0,-101.00,SST-S,,,,STORE02
1100,C2CF372,2026,1,110000,BV,2026-06-24,2026-06-24,MYR,1.0,1377.00,SST-S,,,,STORE03
1100,C2CF372,2026,2,400000,BV,2026-06-24,2026-06-24,MYR,1.0,-1275.00,SST-S,,,,STORE03
1100,C2CF372,2026,3,230000,BV,2026-06-24,2026-06-24,MYR,1.0,-102.00,SST-S,,,,STORE03
1100,C2CF373,2026,1,110000,BV,2026-06-25,2026-06-25,MYR,1.0,1390.50,SST-S,,,,STORE04
1100,C2CF373,2026,2,400000,BV,2026-06-25,2026-06-25,MYR,1.0,-1287.50,SST-S,,,,STORE04
1100,C2CF373,2026,3,230000,BV,2026-06-25,2026-06-25,MYR,1.0,-103.00,SST-S,,,,STORE04
1100,C2CF374,2026,1,110000,BV,2026-06-26,2026-06-26,MYR,1.0,1404.00,SST-S,,,,STORE05
1100,C2CF374,2026,2,400000,BV,2026-06-26,2026-06-26,MYR,1.0,-1300.00,SST-S,,,,STORE05
1100,C2CF374,2026,3,230000,BV,2026-06-26,2026-06-26,MYR,1.0,-104.00,SST-S,,,,STORE05
1100,C2CF375,2026,1,110000,BV,2026-06-27,2026-06-27,MYR,1.0,1417.50,SST-S,,,,STORE06
1100,C2CF375,2026,2,400000,BV,2026-06-27,2026-06-27,MYR,1.0,-1312.50,SST-S,,,,STORE06
1100,C2CF375,2026,3,230000,BV,2026-06-27,2026-06-27,MYR,1.0,-105.00,SST-S,,,,STORE06
1100,C2CF376,2026,1,110000,BV,2026-06-20,2026-06-20,MYR,1.0,1431.00,SST-S,,,,STORE07
1100,C2CF376,2026,2,400000,BV,2026-06-20,2026-06-20,MYR,1.0,-1325.00,SST-S,,,,STORE07
1100,C2CF376,2026,3,230000,BV,2026-06-20,2026-06-20,MYR,1.0,-106.00,SST-S,,,,STORE07
1100,C2CF377,2026,1,110000,BV,2026-06-21,2026-06-21,MYR,1.0,1444.50,SST-S,,,,STORE08
1100,C2CF377,2026,2,400000,BV,2026-06-21,2026-06-21,MYR,1.0,-1337.50,SST-S,,,,STORE08
1100,C2CF377,2026,3,230000,BV,2026-06-21,2026-06-21,MYR,1.0,-107.00,SST-S,,,,STORE08
1100,C2CF378,2026,1,110000,BV,2026-06-22,2026-06-22,MYR,1.0,1458.00,SST-S,,,,STORE00
1100,C2CF378,2026,2,400000,BV,2026-06-22,2026-06-22,MYR,1.0,-1350.00,SST-S,,,,STORE00
1100,C2CF378,2026,3,230000,BV,2026-06-22,2026-06-22,MYR,1.0,-108.00,SST-S,,,,STORE00
1100,C2CF379,2026,1,110000,BV,2026-06-23,2026-06-23,MYR,1.0,1471.50,SST-S,,,,STORE01
1100,C2CF379,2026,2,400000,BV,2026-06-23,2026-06-23,MYR,1.0,-1362.50,SST-S,,,,STORE01
1100,C2CF379,2026,3,230000,BV,2026-06-23,2026-06-23,MYR,1.0,-109.00,SST-S,,,,STORE01
1100,C2CF380,2026,1,110000,BV,2026-06-24,2026-06-24,MYR,1.0,1485.00,SST-S,,,,STORE02
1100,C2CF380,2026,2,400000,BV,2026-06-24,2026-06-24,MYR,1.0,-1375.00,SST-S,,,,STORE02
1100,C2CF380,2026,3,230000,BV,2026-06-24,2026-06-24,MYR,1.0,-110.00,SST-S,,,,STORE02
1100,C2CF381,2026,1,110000,BV,2026-06-25,2026-06-25,MYR,1.0,1498.50,SST-S,,,,STORE03
1100,C2CF381,2026,2,400000,BV,2026-06-25,2026-06-25,MYR,1.0,-1387.50,SST-S,,,,STORE03
1100,C2CF381,2026,3,230000,BV,2026-06-25,2026-06-25,MYR,1.0,-111.00,SST-S,,,,STORE03
1100,C2CF382,2026,1,110000,BV,2026-06-26,2026-06-26,MYR,1.0,1512.00,SST-S,,,,STORE04
1100,C2CF382,2026,2,400000,BV,2026-06-26,2026-06-26,MYR,1.0,-1400.00,SST-S,,,,STORE04
1100,C2CF382,2026,3,230000,BV,2026-06-26,2026-06-26,MYR,1.0,-112.00,SST-S,,,,STORE04
1100,C2CF383,2026,1,110000,BV,2026-06-27,2026-06-27,MYR,1.0,1525.50,SST-S,,,,STORE05
1100,C2CF383,2026,2,400000,BV,2026-06-27,2026-06-27,MYR,1.0,-1412.50,SST-S,,,,STORE05
1100,C2CF383,2026,3,230000,BV,2026-06-27,2026-06-27,MYR,1.0,-113.00,SST-S,,,,STORE05
1100,C2CF384,2026,1,110000,BV,2026-06-20,2026-06-20,MYR,1.0,1539.00,SST-S,,,,STORE06
1100,C2CF384,2026,2,400000,BV,2026-06-20,2026-06-20,MYR,1.0,-1425.00,SST-S,,,,STORE06
1100,C2CF384,2026,3,230000,BV,2026-06-20,2026-06-20,MYR,1.0,-114.00,SST-S,,,,STORE06
1100,C2CF385,2026,1,110000,BV,2026-06-21,2026-06-21,MYR,1.0,1552.50,SST-S,,,,STORE07
1100,C2CF385,2026,2,400000,BV,2026-06-21,2026-06-21,MYR,1.0,-1437.50,SST-S,,,,STORE07
1100,C2CF385,2026,3,230000,BV,2026-06-21,2026-06-21,MYR,1.0,-115.00,SST-S,,,,STORE07
1100,C2CF386,2026,1,110000,BV,2026-06-22,2026-06-22,MYR,1.0,1566.00,SST-S,,,,STORE08
1100,C2CF386,2026,2,400000,BV,2026-06-22,2026-06-22,MYR,1.0,-1450.00,SST-S,,,,STORE08
1100,C2CF386,2026,3,230000,BV,2026-06-22,2026-06-22,MYR,1.0,-116.00,SST-S,,,,STORE08
1100,C2CF387,2026,1,110000,BV,2026-06-23,2026-06-23,MYR,1.0,1579.50,SST-S,,,,STORE00
1100,C2CF387,2026,2,400000,BV,2026-06-23,2026-06-23,MYR,1.0,-1462.50,SST-S,,,,STORE00
1100,C2CF387,2026,3,230000,BV,2026-06-23,2026-06-23,MYR,1.0,-117.00,SST-S,,,,STORE00
1100,C2CF388,2026,1,110000,BV,2026-06-24,2026-06-24,MYR,1.0,1593.00,SST-S,,,,STORE01
1100,C2CF388,2026,2,400000,BV,2026-06-24,2026-06-24,MYR,1.0,-1475.00,SST-S,,,,STORE01
1100,C2CF388,2026,3,230000,BV,2026-06-24,2026-06-24,MYR,1.0,-118.00,SST-S,,,,STORE01
1100,C2CF389,2026,1,110000,BV,2026-06-25,2026-06-25,MYR,1.0,1606.50,SST-S,,,,STORE02
1100,C2CF389,2026,2,400000,BV,2026-06-25,2026-06-25,MYR,1.0,-1487.50,SST-S,,,,STORE02
1100,C2CF389,2026,3,230000,BV,2026-06-25,2026-06-25,MYR,1.0,-119.00,SST-S,,,,STORE02
1100,C2CF390,2026,1,110000,BV,2026-06-26,2026-06-26,MYR,1.0,1620.00,SST-S,,,,STORE03
1100,C2CF390,2026,2,400000,BV,2026-06-26,2026-06-26,MYR,1.0,-1500.00,SST-S,,,,STORE03
1100,C2CF390,2026,3,230000,BV,2026-06-26,2026-06-26,MYR,1.0,-120.00,SST-S,,,,STORE03
1100,C2CF391,2026,1,110000,BV,2026-06-27,2026-06-27,MYR,1.0,1633.50,SST-S,,,,STORE04
1100,C2CF391,2026,2,400000,BV,2026-06-27,2026-06-27,MYR,1.0,-1512.50,SST-S,,,,STORE04
1100,C2CF391,2026,3,230000,BV,2026-06-27,2026-06-27,MYR,1.0,-121.00,SST-S,,,,STORE04
1100,C2CF392,2026,1,110000,BV,2026-06-20,2026-06-20,MYR,1.0,1647.00,SST-S,,,,STORE05
1100,C2CF392,2026,2,400000,BV,2026-06-20,2026-06-20,MYR,1.0,-1525.00,SST-S,,,,STORE05
1100,C2CF392,2026,3,230000,BV,2026-06-20,2026-06-20,MYR,1.0,-122.00,SST-S,,,,STORE05
1100,C2CF393,2026,1,110000,BV,2026-06-21,2026-06-21,MYR,1.0,1660.50,SST-S,,,,STORE06
1100,C2CF393,2026,2,400000,BV,2026-06-21,2026-06-21,MYR,1.0,-1537.50,SST-S,,,,STORE06
1100,C2CF393,2026,3,230000,BV,2026-06-21,2026-06-21,MYR,1.0,-123.00,SST-S,,,,STORE06
1100,C2CF394,2026,1,110000,BV,2026-06-22,2026-06-22,MYR,1.0,1674.00,SST-S,,,,STORE07
1100,C2CF394,2026,2,400000,BV,2026-06-22,2026-06-22,MYR,1.0,-1550.00,SST-S,,,,STORE07
1100,C2CF394,2026,3,230000,BV,2026-06-22,2026-06-22,MYR,1.0,-124.00,SST-S,,,,STORE07
1100,C2CF395,2026,1,110000,BV,2026-06-23,2026-06-23,MYR,1.0,1687.50,SST-S,,,,STORE08
1100,C2CF395,2026,2,400000,BV,2026-06-23,2026-06-23,MYR,1.0,-1562.50,SST-S,,,,STORE08
1100,C2CF395,2026,3,230000,BV,2026-06-23,2026-06-23,MYR,1.0,-125.00,SST-S,,,,STORE08
1100,C2CF396,2026,1,110000,BV,2026-06-24,2026-06-24,MYR,1.0,1701.00,SST-S,,,,STORE00
1100,C2CF396,2026,2,400000,BV,2026-06-24,2026-06-24,MYR,1.0,-1575.00,SST-S,,,,STORE00
1100,C2CF396,2026,3,230000,BV,2026-06-24,2026-06-24,MYR,1.0,-126.00,SST-S,,,,STORE00
1100,C2CF397,2026,1,110000,BV,2026-06-25,2026-06-25,MYR,1.0,1714.50,SST-S,,,,STORE01
1100,C2CF397,2026,2,400000,BV,2026-06-25,2026-06-25,MYR,1.0,-1587.50,SST-S,,,,STORE01
1100,C2CF397,2026,3,230000,BV,2026-06-25,2026-06-25,MYR,1.0,-127.00,SST-S,,,,STORE01
1100,C2CF398,2026,1,110000,BV,2026-06-26,2026-06-26,MYR,1.0,1728.00,SST-S,,,,STORE02
1100,C2CF398,2026,2,400000,BV,2026-06-26,2026-06-26,MYR,1.0,-1600.00,SST-S,,,,STORE02
1100,C2CF398,2026,3,230000,BV,2026-06-26,2026-06-26,MYR,1.0,-128.00,SST-S,,,,STORE02
1100,C2CF399,2026,1,110000,BV,2026-06-27,2026-06-27,MYR,1.0,1741.50,SST-S,,,,STORE03
1100,C2CF399,2026,2,400000,BV,2026-06-27,2026-06-27,MYR,1.0,-1612.50,SST-S,,,,STORE03
1100,C2CF399,2026,3,230000,BV,2026-06-27,2026-06-27,MYR,1.0,-129.00,SST-S,,,,STORE03
1100,C2CF400,2026,1,110000,BV,2026-06-20,2026-06-20,MYR,1.0,1755.00,SST-S,,,,STORE04
1100,C2CF400,2026,2,400000,BV,2026-06-20,2026-06-20,MYR,1.0,-1625.00,SST-S,,,,STORE04
1100,C2CF400,2026,3,230000,BV,2026-06-20,2026-06-20,MYR,1.0,-130.00,SST-S,,,,STORE04
1100,C2CF401,2026,1,110000,BV,2026-06-21,2026-06-21,MYR,1.0,1768.50,SST-S,,,,STORE05
1100,C2CF401,2026,2,400000,BV,2026-06-21,2026-06-21,MYR,1.0,-1637.50,SST-S,,,,STORE05
1100,C2CF401,2026,3,230000,BV,2026-06-21,2026-06-21,MYR,1.0,-131.00,SST-S,,,,STORE05
1100,C2CF402,2026,1,110000,BV,2026-06-22,2026-06-22,MYR,1.0,1782.00,SST-S,,,,STORE06
1100,C2CF402,2026,2,400000,BV,2026-06-22,2026-06-22,MYR,1.0,-1650.00,SST-S,,,,STORE06
1100,C2CF402,2026,3,230000,BV,2026-06-22,2026-06-22,MYR,1.0,-132.00,SST-S,,,,STORE06
1100,C2CF403,2026,1,110000,BV,2026-06-23,2026-06-23,MYR,1.0,1795.50,SST-S,,,,STORE07
1100,C2CF403,2026,2,400000,BV,2026-06-23,2026-06-23,MYR,1.0,-1662.50,SST-S,,,,STORE07
1100,C2CF403,2026,3,230000,BV,2026-06-23,2026-06-23,MYR,1.0,-133.00,SST-S,,,,STORE07
1100,C2CF404,2026,1,110000,BV,2026-06-24,2026-06-24,MYR,1.0,1809.00,SST-S,,,,STORE08
1100,C2CF404,2026,2,400000,BV,2026-06-24,2026-06-24,MYR,1.0,-1675.00,SST-S,,,,STORE08
1100,C2CF404,2026,3,230000,BV,2026-06-24,2026-06-24,MYR,1.0,-134.00,SST-S,,,,STORE08
1100,C2CB1,2026,1,140000,F2,2026-06-21,2026-06-21,MYR,1.0,688.50,SST-S,CC1,MYC0000001,Cred 1,PC01
1100,C2CB1,2026,2,400000,F2,2026-06-21,2026-06-21,MYR,1.0,-637.50,SST-S,CC1,MYC0000001,Cred 1,PC01
1100,C2CB1,2026,3,230000,F2,2026-06-21,2026-06-21,MYR,1.0,-51.00,SST-S,CC1,MYC0000001,Cred 1,PC01
1100,C2CB2,2026,1,140000,F2,2026-06-22,2026-06-22,MYR,1.0,702.00,SST-S,CC2,MYC0000002,Cred 2,PC01
1100,C2CB2,2026,2,400000,F2,2026-06-22,2026-06-22,MYR,1.0,-650.00,SST-S,CC2,MYC0000002,Cred 2,PC01
1100,C2CB2,2026,3,230000,F2,2026-06-22,2026-06-22,MYR,1.0,-52.00,SST-S,CC2,MYC0000002,Cred 2,PC01
1100,C2CB3,2026,1,140000,F2,2026-06-23,2026-06-23,MYR,1.0,715.50,SST-S,CC3,MYC0000003,Cred 3,PC01
1100,C2CB3,2026,2,400000,F2,2026-06-23,2026-06-23,MYR,1.0,-662.50,SST-S,CC3,MYC0000003,Cred 3,PC01
1100,C2CB3,2026,3,230000,F2,2026-06-23,2026-06-23,MYR,1.0,-53.00,SST-S,CC3,MYC0000003,Cred 3,PC01
1100,C2CB4,2026,1,140000,F2,2026-06-24,2026-06-24,MYR,1.0,729.00,SST-S,CC4,MYC0000004,Cred 4,PC01
1100,C2CB4,2026,2,400000,F2,2026-06-24,2026-06-24,MYR,1.0,-675.00,SST-S,CC4,MYC0000004,Cred 4,PC01
1100,C2CB4,2026,3,230000,F2,2026-06-24,2026-06-24,MYR,1.0,-54.00,SST-S,CC4,MYC0000004,Cred 4,PC01
1100,C2CB5,2026,1,140000,F2,2026-06-25,2026-06-25,MYR,1.0,742.50,SST-S,CC5,MYC0000005,Cred 5,PC01
1100,C2CB5,2026,2,400000,F2,2026-06-25,2026-06-25,MYR,1.0,-687.50,SST-S,CC5,MYC0000005,Cred 5,PC01
1100,C2CB5,2026,3,230000,F2,2026-06-25,2026-06-25,MYR,1.0,-55.00,SST-S,CC5,MYC0000005,Cred 5,PC01
1100,C2CB6,2026,1,140000,F2,2026-06-26,2026-06-26,MYR,1.0,756.00,SST-S,CC6,MYC0000006,Cred 6,PC01
1100,C2CB6,2026,2,400000,F2,2026-06-26,2026-06-26,MYR,1.0,-700.00,SST-S,CC6,MYC0000006,Cred 6,PC01
1100,C2CB6,2026,3,230000,F2,2026-06-26,2026-06-26,MYR,1.0,-56.00,SST-S,CC6,MYC0000006,Cred 6,PC01
1100,C2CB7,2026,1,140000,F2,2026-06-27,2026-06-27,MYR,1.0,769.50,SST-S,CC7,MYC0000007,Cred 7,PC01
1100,C2CB7,2026,2,400000,F2,2026-06-27,2026-06-27,MYR,1.0,-712.50,SST-S,CC7,MYC0000007,Cred 7,PC01
1100,C2CB7,2026,3,230000,F2,2026-06-27,2026-06-27,MYR,1.0,-57.00,SST-S,CC7,MYC0000007,Cred 7,PC01
1100,C2CB8,2026,1,140000,F2,2026-06-20,2026-06-20,MYR,1.0,783.00,SST-S,CC8,MYC0000008,Cred 8,PC01
1100,C2CB8,2026,2,400000,F2,2026-06-20,2026-06-20,MYR,1.0,-725.00,SST-S,CC8,MYC0000008,Cred 8,PC01
1100,C2CB8,2026,3,230000,F2,2026-06-20,2026-06-20,MYR,1.0,-58.00,SST-S,CC8,MYC0000008,Cred 8,PC01
1100,C2CB9,2026,1,140000,F2,2026-06-21,2026-06-21,MYR,1.0,796.50,SST-S,CC9,MYC0000009,Cred 9,PC01
1100,C2CB9,2026,2,400000,F2,2026-06-21,2026-06-21,MYR,1.0,-737.50,SST-S,CC9,MYC0000009,Cred 9,PC01
1100,C2CB9,2026,3,230000,F2,2026-06-21,2026-06-21,MYR,1.0,-59.00,SST-S,CC9,MYC0000009,Cred 9,PC01
1100,C2CB10,2026,1,140000,F2,2026-06-22,2026-06-22,MYR,1.0,810.00,SST-S,CC10,MYC0000010,Cred 10,PC01
1100,C2CB10,2026,2,400000,F2,2026-06-22,2026-06-22,MYR,1.0,-750.00,SST-S,CC10,MYC0000010,Cred 10,PC01
1100,C2CB10,2026,3,230000,F2,2026-06-22,2026-06-22,MYR,1.0,-60.00,SST-S,CC10,MYC0000010,Cred 10,PC01
1100,C2CB11,2026,1,140000,F2,2026-06-23,2026-06-23,MYR,1.0,823.50,SST-S,CC11,MYC0000011,Cred 11,PC01
1100,C2CB11,2026,2,400000,F2,2026-06-23,2026-06-23,MYR,1.0,-762.50,SST-S,CC11,MYC0000011,Cred 11,PC01
1100,C2CB11,2026,3,230000,F2,2026-06-23,2026-06-23,MYR,1.0,-61.00,SST-S,CC11,MYC0000011,Cred 11,PC01
1100,C2CB12,2026,1,140000,F2,2026-06-24,2026-06-24,MYR,1.0,837.00,SST-S,CC12,MYC0000012,Cred 12,PC01
1100,C2CB12,2026,2,400000,F2,2026-06-24,2026-06-24,MYR,1.0,-775.00,SST-S,CC12,MYC0000012,Cred 12,PC01
1100,C2CB12,2026,3,230000,F2,2026-06-24,2026-06-24,MYR,1.0,-62.00,SST-S,CC12,MYC0000012,Cred 12,PC01
1100,C2CB13,2026,1,140000,F2,2026-06-25,2026-06-25,MYR,1.0,850.50,SST-S,CC13,MYC0000013,Cred 13,PC01
1100,C2CB13,2026,2,400000,F2,2026-06-25,2026-06-25,MYR,1.0,-787.50,SST-S,CC13,MYC0000013,Cred 13,PC01
1100,C2CB13,2026,3,230000,F2,2026-06-25,2026-06-25,MYR,1.0,-63.00,SST-S,CC13,MYC0000013,Cred 13,PC01
1100,C2CB14,2026,1,140000,F2,2026-06-26,2026-06-26,MYR,1.0,864.00,SST-S,CC14,MYC0000014,Cred 14,PC01
1100,C2CB14,2026,2,400000,F2,2026-06-26,2026-06-26,MYR,1.0,-800.00,SST-S,CC14,MYC0000014,Cred 14,PC01
1100,C2CB14,2026,3,230000,F2,2026-06-26,2026-06-26,MYR,1.0,-64.00,SST-S,CC14,MYC0000014,Cred 14,PC01
1100,C2CB15,2026,1,140000,F2,2026-06-27,2026-06-27,MYR,1.0,877.50,SST-S,CC15,MYC0000015,Cred 15,PC01
1100,C2CB15,2026,2,400000,F2,2026-06-27,2026-06-27,MYR,1.0,-812.50,SST-S,CC15,MYC0000015,Cred 15,PC01
1100,C2CB15,2026,3,230000,F2,2026-06-27,2026-06-27,MYR,1.0,-65.00,SST-S,CC15,MYC0000015,Cred 15,PC01
1100,C2CB16,2026,1,140000,F2,2026-06-20,2026-06-20,MYR,1.0,891.00,SST-S,CC16,MYC0000016,Cred 16,PC01
1100,C2CB16,2026,2,400000,F2,2026-06-20,2026-06-20,MYR,1.0,-825.00,SST-S,CC16,MYC0000016,Cred 16,PC01
1100,C2CB16,2026,3,230000,F2,2026-06-20,2026-06-20,MYR,1.0,-66.00,SST-S,CC16,MYC0000016,Cred 16,PC01
1100,C2CB17,2026,1,140000,F2,2026-06-21,2026-06-21,MYR,1.0,904.50,SST-S,CC17,MYC0000017,Cred 17,PC01
1100,C2CB17,2026,2,400000,F2,2026-06-21,2026-06-21,MYR,1.0,-837.50,SST-S,CC17,MYC0000017,Cred 17,PC01
1100,C2CB17,2026,3,230000,F2,2026-06-21,2026-06-21,MYR,1.0,-67.00,SST-S,CC17,MYC0000017,Cred 17,PC01
1100,C2CB18,2026,1,140000,F2,2026-06-22,2026-06-22,MYR,1.0,918.00,SST-S,CC18,MYC0000018,Cred 18,PC01
1100,C2CB18,2026,2,400000,F2,2026-06-22,2026-06-22,MYR,1.0,-850.00,SST-S,CC18,MYC0000018,Cred 18,PC01
1100,C2CB18,2026,3,230000,F2,2026-06-22,2026-06-22,MYR,1.0,-68.00,SST-S,CC18,MYC0000018,Cred 18,PC01
1100,C2CB19,2026,1,140000,F2,2026-06-23,2026-06-23,MYR,1.0,931.50,SST-S,CC19,MYC0000019,Cred 19,PC01
1100,C2CB19,2026,2,400000,F2,2026-06-23,2026-06-23,MYR,1.0,-862.50,SST-S,CC19,MYC0000019,Cred 19,PC01
1100,C2CB19,2026,3,230000,F2,2026-06-23,2026-06-23,MYR,1.0,-69.00,SST-S,CC19,MYC0000019,Cred 19,PC01
1100,C2CB20,2026,1,140000,F2,2026-06-24,2026-06-24,MYR,1.0,945.00,SST-S,CC20,MYC0000020,Cred 20,PC01
1100,C2CB20,2026,2,400000,F2,2026-06-24,2026-06-24,MYR,1.0,-875.00,SST-S,CC20,MYC0000020,Cred 20,PC01
1100,C2CB20,2026,3,230000,F2,2026-06-24,2026-06-24,MYR,1.0,-70.00,SST-S,CC20,MYC0000020,Cred 20,PC01
1100,C2CB21,2026,1,140000,F2,2026-06-25,2026-06-25,MYR,1.0,958.50,SST-S,CC21,MYC0000021,Cred 21,PC01
1100,C2CB21,2026,2,400000,F2,2026-06-25,2026-06-25,MYR,1.0,-887.50,SST-S,CC21,MYC0000021,Cred 21,PC01
1100,C2CB21,2026,3,230000,F2,2026-06-25,2026-06-25,MYR,1.0,-71.00,SST-S,CC21,MYC0000021,Cred 21,PC01
1100,C2CB22,2026,1,140000,F2,2026-06-26,2026-06-26,MYR,1.0,972.00,SST-S,CC22,MYC0000022,Cred 22,PC01
1100,C2CB22,2026,2,400000,F2,2026-06-26,2026-06-26,MYR,1.0,-900.00,SST-S,CC22,MYC0000022,Cred 22,PC01
1100,C2CB22,2026,3,230000,F2,2026-06-26,2026-06-26,MYR,1.0,-72.00,SST-S,CC22,MYC0000022,Cred 22,PC01
1100,C2CB23,2026,1,140000,F2,2026-06-27,2026-06-27,MYR,1.0,985.50,SST-S,CC23,MYC0000023,Cred 23,PC01
1100,C2CB23,2026,2,400000,F2,2026-06-27,2026-06-27,MYR,1.0,-912.50,SST-S,CC23,MYC0000023,Cred 23,PC01
1100,C2CB23,2026,3,230000,F2,2026-06-27,2026-06-27,MYR,1.0,-73.00,SST-S,CC23,MYC0000023,Cred 23,PC01
1100,C2CB24,2026,1,140000,F2,2026-06-20,2026-06-20,MYR,1.0,999.00,SST-S,CC24,MYC0000024,Cred 24,PC01
1100,C2CB24,2026,2,400000,F2,2026-06-20,2026-06-20,MYR,1.0,-925.00,SST-S,CC24,MYC0000024,Cred 24,PC01
1100,C2CB24,2026,3,230000,F2,2026-06-20,2026-06-20,MYR,1.0,-74.00,SST-S,CC24,MYC0000024,Cred 24,PC01
1100,C2CB25,2026,1,140000,F2,2026-06-21,2026-06-21,MYR,1.0,1012.50,SST-S,CC25,MYC0000025,Cred 25,PC01
1100,C2CB25,2026,2,400000,F2,2026-06-21,2026-06-21,MYR,1.0,-937.50,SST-S,CC25,MYC0000025,Cred 25,PC01
1100,C2CB25,2026,3,230000,F2,2026-06-21,2026-06-21,MYR,1.0,-75.00,SST-S,CC25,MYC0000025,Cred 25,PC01
1100,C2CB26,2026,1,140000,F2,2026-06-22,2026-06-22,MYR,1.0,1026.00,SST-S,CC26,MYC0000026,Cred 26,PC01
1100,C2CB26,2026,2,400000,F2,2026-06-22,2026-06-22,MYR,1.0,-950.00,SST-S,CC26,MYC0000026,Cred 26,PC01
1100,C2CB26,2026,3,230000,F2,2026-06-22,2026-06-22,MYR,1.0,-76.00,SST-S,CC26,MYC0000026,Cred 26,PC01
1100,C2CB27,2026,1,140000,F2,2026-06-23,2026-06-23,MYR,1.0,1039.50,SST-S,CC27,MYC0000027,Cred 27,PC01
1100,C2CB27,2026,2,400000,F2,2026-06-23,2026-06-23,MYR,1.0,-962.50,SST-S,CC27,MYC0000027,Cred 27,PC01
1100,C2CB27,2026,3,230000,F2,2026-06-23,2026-06-23,MYR,1.0,-77.00,SST-S,CC27,MYC0000027,Cred 27,PC01
1100,C2CB28,2026,1,140000,F2,2026-06-24,2026-06-24,MYR,1.0,1053.00,SST-S,CC28,MYC0000028,Cred 28,PC01
1100,C2CB28,2026,2,400000,F2,2026-06-24,2026-06-24,MYR,1.0,-975.00,SST-S,CC28,MYC0000028,Cred 28,PC01
1100,C2CB28,2026,3,230000,F2,2026-06-24,2026-06-24,MYR,1.0,-78.00,SST-S,CC28,MYC0000028,Cred 28,PC01
1100,C2CB29,2026,1,140000,F2,2026-06-25,2026-06-25,MYR,1.0,1066.50,SST-S,CC29,MYC0000029,Cred 29,PC01
1100,C2CB29,2026,2,400000,F2,2026-06-25,2026-06-25,MYR,1.0,-987.50,SST-S,CC29,MYC0000029,Cred 29,PC01
1100,C2CB29,2026,3,230000,F2,2026-06-25,2026-06-25,MYR,1.0,-79.00,SST-S,CC29,MYC0000029,Cred 29,PC01
1100,C2CB30,2026,1,140000,F2,2026-06-26,2026-06-26,MYR,1.0,1080.00,SST-S,CC30,MYC0000030,Cred 30,PC01
1100,C2CB30,2026,2,400000,F2,2026-06-26,2026-06-26,MYR,1.0,-1000.00,SST-S,CC30,MYC0000030,Cred 30,PC01
1100,C2CB30,2026,3,230000,F2,2026-06-26,2026-06-26,MYR,1.0,-80.00,SST-S,CC30,MYC0000030,Cred 30,PC01
1100,C2CB31,2026,1,140000,F2,2026-06-27,2026-06-27,MYR,1.0,1093.50,SST-S,CC31,MYC0000031,Cred 31,PC01
1100,C2CB31,2026,2,400000,F2,2026-06-27,2026-06-27,MYR,1.0,-1012.50,SST-S,CC31,MYC0000031,Cred 31,PC01
1100,C2CB31,2026,3,230000,F2,2026-06-27,2026-06-27,MYR,1.0,-81.00,SST-S,CC31,MYC0000031,Cred 31,PC01
1100,C2CB32,2026,1,140000,F2,2026-06-20,2026-06-20,MYR,1.0,1107.00,SST-S,CC32,MYC0000032,Cred 32,PC01
1100,C2CB32,2026,2,400000,F2,2026-06-20,2026-06-20,MYR,1.0,-1025.00,SST-S,CC32,MYC0000032,Cred 32,PC01
1100,C2CB32,2026,3,230000,F2,2026-06-20,2026-06-20,MYR,1.0,-82.00,SST-S,CC32,MYC0000032,Cred 32,PC01
1100,C2CB33,2026,1,140000,F2,2026-06-21,2026-06-21,MYR,1.0,1120.50,SST-S,CC33,MYC0000033,Cred 33,PC01
1100,C2CB33,2026,2,400000,F2,2026-06-21,2026-06-21,MYR,1.0,-1037.50,SST-S,CC33,MYC0000033,Cred 33,PC01
1100,C2CB33,2026,3,230000,F2,2026-06-21,2026-06-21,MYR,1.0,-83.00,SST-S,CC33,MYC0000033,Cred 33,PC01
1100,C2CB34,2026,1,140000,F2,2026-06-22,2026-06-22,MYR,1.0,1134.00,SST-S,CC34,MYC0000034,Cred 34,PC01
1100,C2CB34,2026,2,400000,F2,2026-06-22,2026-06-22,MYR,1.0,-1050.00,SST-S,CC34,MYC0000034,Cred 34,PC01
1100,C2CB34,2026,3,230000,F2,2026-06-22,2026-06-22,MYR,1.0,-84.00,SST-S,CC34,MYC0000034,Cred 34,PC01
1100,C2CB35,2026,1,140000,F2,2026-06-23,2026-06-23,MYR,1.0,1147.50,SST-S,CC35,MYC0000035,Cred 35,PC01
1100,C2CB35,2026,2,400000,F2,2026-06-23,2026-06-23,MYR,1.0,-1062.50,SST-S,CC35,MYC0000035,Cred 35,PC01
1100,C2CB35,2026,3,230000,F2,2026-06-23,2026-06-23,MYR,1.0,-85.00,SST-S,CC35,MYC0000035,Cred 35,PC01
1100,C2CB36,2026,1,140000,F2,2026-06-24,2026-06-24,MYR,1.0,1161.00,SST-S,CC36,MYC0000036,Cred 36,PC01
1100,C2CB36,2026,2,400000,F2,2026-06-24,2026-06-24,MYR,1.0,-1075.00,SST-S,CC36,MYC0000036,Cred 36,PC01
1100,C2CB36,2026,3,230000,F2,2026-06-24,2026-06-24,MYR,1.0,-86.00,SST-S,CC36,MYC0000036,Cred 36,PC01
1100,C2CB37,2026,1,140000,F2,2026-06-25,2026-06-25,MYR,1.0,1174.50,SST-S,CC37,MYC0000037,Cred 37,PC01
1100,C2CB37,2026,2,400000,F2,2026-06-25,2026-06-25,MYR,1.0,-1087.50,SST-S,CC37,MYC0000037,Cred 37,PC01
1100,C2CB37,2026,3,230000,F2,2026-06-25,2026-06-25,MYR,1.0,-87.00,SST-S,CC37,MYC0000037,Cred 37,PC01
1100,C2CB38,2026,1,140000,F2,2026-06-26,2026-06-26,MYR,1.0,1188.00,SST-S,CC38,MYC0000038,Cred 38,PC01
1100,C2CB38,2026,2,400000,F2,2026-06-26,2026-06-26,MYR,1.0,-1100.00,SST-S,CC38,MYC0000038,Cred 38,PC01
1100,C2CB38,2026,3,230000,F2,2026-06-26,2026-06-26,MYR,1.0,-88.00,SST-S,CC38,MYC0000038,Cred 38,PC01
1100,C2CB39,2026,1,140000,F2,2026-06-27,2026-06-27,MYR,1.0,1201.50,SST-S,CC39,MYC0000039,Cred 39,PC01
1100,C2CB39,2026,2,400000,F2,2026-06-27,2026-06-27,MYR,1.0,-1112.50,SST-S,CC39,MYC0000039,Cred 39,PC01
1100,C2CB39,2026,3,230000,F2,2026-06-27,2026-06-27,MYR,1.0,-89.00,SST-S,CC39,MYC0000039,Cred 39,PC01
1100,C2CB40,2026,1,140000,F2,2026-06-20,2026-06-20,MYR,1.0,1215.00,SST-S,CC40,MYC0000040,Cred 40,PC01
1100,C2CB40,2026,2,400000,F2,2026-06-20,2026-06-20,MYR,1.0,-1125.00,SST-S,CC40,MYC0000040,Cred 40,PC01
1100,C2CB40,2026,3,230000,F2,2026-06-20,2026-06-20,MYR,1.0,-90.00,SST-S,CC40,MYC0000040,Cred 40,PC01
1100,C2CB41,2026,1,140000,F2,2026-06-21,2026-06-21,MYR,1.0,1228.50,SST-S,CC41,MYC0000041,Cred 41,PC01
1100,C2CB41,2026,2,400000,F2,2026-06-21,2026-06-21,MYR,1.0,-1137.50,SST-S,CC41,MYC0000041,Cred 41,PC01
1100,C2CB41,2026,3,230000,F2,2026-06-21,2026-06-21,MYR,1.0,-91.00,SST-S,CC41,MYC0000041,Cred 41,PC01
1100,C2CB42,2026,1,140000,F2,2026-06-22,2026-06-22,MYR,1.0,1242.00,SST-S,CC42,MYC0000042,Cred 42,PC01
1100,C2CB42,2026,2,400000,F2,2026-06-22,2026-06-22,MYR,1.0,-1150.00,SST-S,CC42,MYC0000042,Cred 42,PC01
1100,C2CB42,2026,3,230000,F2,2026-06-22,2026-06-22,MYR,1.0,-92.00,SST-S,CC42,MYC0000042,Cred 42,PC01
1100,C2CB43,2026,1,140000,F2,2026-06-23,2026-06-23,MYR,1.0,1255.50,SST-S,CC43,MYC0000043,Cred 43,PC01
1100,C2CB43,2026,2,400000,F2,2026-06-23,2026-06-23,MYR,1.0,-1162.50,SST-S,CC43,MYC0000043,Cred 43,PC01
1100,C2CB43,2026,3,230000,F2,2026-06-23,2026-06-23,MYR,1.0,-93.00,SST-S,CC43,MYC0000043,Cred 43,PC01
1100,C2CB44,2026,1,140000,F2,2026-06-24,2026-06-24,MYR,1.0,1269.00,SST-S,CC44,MYC0000044,Cred 44,PC01
1100,C2CB44,2026,2,400000,F2,2026-06-24,2026-06-24,MYR,1.0,-1175.00,SST-S,CC44,MYC0000044,Cred 44,PC01
1100,C2CB44,2026,3,230000,F2,2026-06-24,2026-06-24,MYR,1.0,-94.00,SST-S,CC44,MYC0000044,Cred 44,PC01
1100,C2CB45,2026,1,140000,F2,2026-06-25,2026-06-25,MYR,1.0,1282.50,SST-S,CC45,MYC0000045,Cred 45,PC01
1100,C2CB45,2026,2,400000,F2,2026-06-25,2026-06-25,MYR,1.0,-1187.50,SST-S,CC45,MYC0000045,Cred 45,PC01
1100,C2CB45,2026,3,230000,F2,2026-06-25,2026-06-25,MYR,1.0,-95.00,SST-S,CC45,MYC0000045,Cred 45,PC01
1100,C2CB46,2026,1,140000,F2,2026-06-26,2026-06-26,MYR,1.0,1296.00,SST-S,CC46,MYC0000046,Cred 46,PC01
1100,C2CB46,2026,2,400000,F2,2026-06-26,2026-06-26,MYR,1.0,-1200.00,SST-S,CC46,MYC0000046,Cred 46,PC01
1100,C2CB46,2026,3,230000,F2,2026-06-26,2026-06-26,MYR,1.0,-96.00,SST-S,CC46,MYC0000046,Cred 46,PC01
1100,C2CB47,2026,1,140000,F2,2026-06-27,2026-06-27,MYR,1.0,1309.50,SST-S,CC47,MYC0000047,Cred 47,PC01
1100,C2CB47,2026,2,400000,F2,2026-06-27,2026-06-27,MYR,1.0,-1212.50,SST-S,CC47,MYC0000047,Cred 47,PC01
1100,C2CB47,2026,3,230000,F2,2026-06-27,2026-06-27,MYR,1.0,-97.00,SST-S,CC47,MYC0000047,Cred 47,PC01
1100,C2CB48,2026,1,140000,F2,2026-06-20,2026-06-20,MYR,1.0,1323.00,SST-S,CC48,MYC0000048,Cred 48,PC01
1100,C2CB48,2026,2,400000,F2,2026-06-20,2026-06-20,MYR,1.0,-1225.00,SST-S,CC48,MYC0000048,Cred 48,PC01
1100,C2CB48,2026,3,230000,F2,2026-06-20,2026-06-20,MYR,1.0,-98.00,SST-S,CC48,MYC0000048,Cred 48,PC01
1100,C2CB49,2026,1,140000,F2,2026-06-21,2026-06-21,MYR,1.0,1336.50,SST-S,CC49,MYC0000049,Cred 49,PC01
1100,C2CB49,2026,2,400000,F2,2026-06-21,2026-06-21,MYR,1.0,-1237.50,SST-S,CC49,MYC0000049,Cred 49,PC01
1100,C2CB49,2026,3,230000,F2,2026-06-21,2026-06-21,MYR,1.0,-99.00,SST-S,CC49,MYC0000049,Cred 49,PC01
1100,C2CB50,2026,1,140000,F2,2026-06-22,2026-06-22,MYR,1.0,1350.00,SST-S,CC50,MYC0000050,Cred 50,PC01
1100,C2CB50,2026,2,400000,F2,2026-06-22,2026-06-22,MYR,1.0,-1250.00,SST-S,CC50,MYC0000050,Cred 50,PC01
1100,C2CB50,2026,3,230000,F2,2026-06-22,2026-06-22,MYR,1.0,-100.00,SST-S,CC50,MYC0000050,Cred 50,PC01
1100,C2CB51,2026,1,140000,F2,2026-06-23,2026-06-23,MYR,1.0,1363.50,SST-S,CC51,MYC0000051,Cred 51,PC01
1100,C2CB51,2026,2,400000,F2,2026-06-23,2026-06-23,MYR,1.0,-1262.50,SST-S,CC51,MYC0000051,Cred 51,PC01
1100,C2CB51,2026,3,230000,F2,2026-06-23,2026-06-23,MYR,1.0,-101.00,SST-S,CC51,MYC0000051,Cred 51,PC01
1100,C2CB52,2026,1,140000,F2,2026-06-24,2026-06-24,MYR,1.0,1377.00,SST-S,CC52,MYC0000052,Cred 52,PC01
1100,C2CB52,2026,2,400000,F2,2026-06-24,2026-06-24,MYR,1.0,-1275.00,SST-S,CC52,MYC0000052,Cred 52,PC01
1100,C2CB52,2026,3,230000,F2,2026-06-24,2026-06-24,MYR,1.0,-102.00,SST-S,CC52,MYC0000052,Cred 52,PC01
1100,C2CB53,2026,1,140000,F2,2026-06-25,2026-06-25,MYR,1.0,1390.50,SST-S,CC53,MYC0000053,Cred 53,PC01
1100,C2CB53,2026,2,400000,F2,2026-06-25,2026-06-25,MYR,1.0,-1287.50,SST-S,CC53,MYC0000053,Cred 53,PC01
1100,C2CB53,2026,3,230000,F2,2026-06-25,2026-06-25,MYR,1.0,-103.00,SST-S,CC53,MYC0000053,Cred 53,PC01
1100,C2CB54,2026,1,140000,F2,2026-06-26,2026-06-26,MYR,1.0,1404.00,SST-S,CC54,MYC0000054,Cred 54,PC01
1100,C2CB54,2026,2,400000,F2,2026-06-26,2026-06-26,MYR,1.0,-1300.00,SST-S,CC54,MYC0000054,Cred 54,PC01
1100,C2CB54,2026,3,230000,F2,2026-06-26,2026-06-26,MYR,1.0,-104.00,SST-S,CC54,MYC0000054,Cred 54,PC01
1100,C2CB55,2026,1,140000,F2,2026-06-27,2026-06-27,MYR,1.0,1417.50,SST-S,CC55,MYC0000055,Cred 55,PC01
1100,C2CB55,2026,2,400000,F2,2026-06-27,2026-06-27,MYR,1.0,-1312.50,SST-S,CC55,MYC0000055,Cred 55,PC01
1100,C2CB55,2026,3,230000,F2,2026-06-27,2026-06-27,MYR,1.0,-105.00,SST-S,CC55,MYC0000055,Cred 55,PC01
1100,C2CB56,2026,1,140000,F2,2026-06-20,2026-06-20,MYR,1.0,1431.00,SST-S,CC56,MYC0000056,Cred 56,PC01
1100,C2CB56,2026,2,400000,F2,2026-06-20,2026-06-20,MYR,1.0,-1325.00,SST-S,CC56,MYC0000056,Cred 56,PC01
1100,C2CB56,2026,3,230000,F2,2026-06-20,2026-06-20,MYR,1.0,-106.00,SST-S,CC56,MYC0000056,Cred 56,PC01
1100,C2CB57,2026,1,140000,F2,2026-06-21,2026-06-21,MYR,1.0,1444.50,SST-S,CC57,MYC0000057,Cred 57,PC01
1100,C2CB57,2026,2,400000,F2,2026-06-21,2026-06-21,MYR,1.0,-1337.50,SST-S,CC57,MYC0000057,Cred 57,PC01
1100,C2CB57,2026,3,230000,F2,2026-06-21,2026-06-21,MYR,1.0,-107.00,SST-S,CC57,MYC0000057,Cred 57,PC01
1100,C2CB58,2026,1,140000,F2,2026-06-22,2026-06-22,MYR,1.0,1458.00,SST-S,CC58,MYC0000058,Cred 58,PC01
1100,C2CB58,2026,2,400000,F2,2026-06-22,2026-06-22,MYR,1.0,-1350.00,SST-S,CC58,MYC0000058,Cred 58,PC01
1100,C2CB58,2026,3,230000,F2,2026-06-22,2026-06-22,MYR,1.0,-108.00,SST-S,CC58,MYC0000058,Cred 58,PC01
1100,C2CB59,2026,1,140000,F2,2026-06-23,2026-06-23,MYR,1.0,1471.50,SST-S,CC59,MYC0000059,Cred 59,PC01
1100,C2CB59,2026,2,400000,F2,2026-06-23,2026-06-23,MYR,1.0,-1362.50,SST-S,CC59,MYC0000059,Cred 59,PC01
1100,C2CB59,2026,3,230000,F2,2026-06-23,2026-06-23,MYR,1.0,-109.00,SST-S,CC59,MYC0000059,Cred 59,PC01
1100,C2CB60,2026,1,140000,F2,2026-06-24,2026-06-24,MYR,1.0,1485.00,SST-S,CC60,MYC0000060,Cred 60,PC01
1100,C2CB60,2026,2,400000,F2,2026-06-24,2026-06-24,MYR,1.0,-1375.00,SST-S,CC60,MYC0000060,Cred 60,PC01
1100,C2CB60,2026,3,230000,F2,2026-06-24,2026-06-24,MYR,1.0,-110.00,SST-S,CC60,MYC0000060,Cred 60,PC01
1100,C2CB61,2026,1,140000,F2,2026-06-25,2026-06-25,MYR,1.0,1498.50,SST-S,CC61,MYC0000061,Cred 61,PC01
1100,C2CB61,2026,2,400000,F2,2026-06-25,2026-06-25,MYR,1.0,-1387.50,SST-S,CC61,MYC0000061,Cred 61,PC01
1100,C2CB61,2026,3,230000,F2,2026-06-25,2026-06-25,MYR,1.0,-111.00,SST-S,CC61,MYC0000061,Cred 61,PC01
1100,C2CB62,2026,1,140000,F2,2026-06-26,2026-06-26,MYR,1.0,1512.00,SST-S,CC62,MYC0000062,Cred 62,PC01
1100,C2CB62,2026,2,400000,F2,2026-06-26,2026-06-26,MYR,1.0,-1400.00,SST-S,CC62,MYC0000062,Cred 62,PC01
1100,C2CB62,2026,3,230000,F2,2026-06-26,2026-06-26,MYR,1.0,-112.00,SST-S,CC62,MYC0000062,Cred 62,PC01
1100,C2CB63,2026,1,140000,F2,2026-06-27,2026-06-27,MYR,1.0,1525.50,SST-S,CC63,MYC0000063,Cred 63,PC01
1100,C2CB63,2026,2,400000,F2,2026-06-27,2026-06-27,MYR,1.0,-1412.50,SST-S,CC63,MYC0000063,Cred 63,PC01
1100,C2CB63,2026,3,230000,F2,2026-06-27,2026-06-27,MYR,1.0,-113.00,SST-S,CC63,MYC0000063,Cred 63,PC01
1100,C2CB64,2026,1,140000,F2,2026-06-20,2026-06-20,MYR,1.0,1539.00,SST-S,CC64,MYC0000064,Cred 64,PC01
1100,C2CB64,2026,2,400000,F2,2026-06-20,2026-06-20,MYR,1.0,-1425.00,SST-S,CC64,MYC0000064,Cred 64,PC01
1100,C2CB64,2026,3,230000,F2,2026-06-20,2026-06-20,MYR,1.0,-114.00,SST-S,CC64,MYC0000064,Cred 64,PC01
1100,C2CB65,2026,1,140000,F2,2026-06-21,2026-06-21,MYR,1.0,1552.50,SST-S,CC65,MYC0000065,Cred 65,PC01
1100,C2CB65,2026,2,400000,F2,2026-06-21,2026-06-21,MYR,1.0,-1437.50,SST-S,CC65,MYC0000065,Cred 65,PC01
1100,C2CB65,2026,3,230000,F2,2026-06-21,2026-06-21,MYR,1.0,-115.00,SST-S,CC65,MYC0000065,Cred 65,PC01
1100,C2CB66,2026,1,140000,F2,2026-06-22,2026-06-22,MYR,1.0,1566.00,SST-S,CC66,MYC0000066,Cred 66,PC01
1100,C2CB66,2026,2,400000,F2,2026-06-22,2026-06-22,MYR,1.0,-1450.00,SST-S,CC66,MYC0000066,Cred 66,PC01
1100,C2CB66,2026,3,230000,F2,2026-06-22,2026-06-22,MYR,1.0,-116.00,SST-S,CC66,MYC0000066,Cred 66,PC01
1100,C2CB67,2026,1,140000,F2,2026-06-23,2026-06-23,MYR,1.0,1579.50,SST-S,CC67,MYC0000067,Cred 67,PC01
1100,C2CB67,2026,2,400000,F2,2026-06-23,2026-06-23,MYR,1.0,-1462.50,SST-S,CC67,MYC0000067,Cred 67,PC01
1100,C2CB67,2026,3,230000,F2,2026-06-23,2026-06-23,MYR,1.0,-117.00,SST-S,CC67,MYC0000067,Cred 67,PC01
1100,C2CB68,2026,1,140000,F2,2026-06-24,2026-06-24,MYR,1.0,1593.00,SST-S,CC68,MYC0000068,Cred 68,PC01
1100,C2CB68,2026,2,400000,F2,2026-06-24,2026-06-24,MYR,1.0,-1475.00,SST-S,CC68,MYC0000068,Cred 68,PC01
1100,C2CB68,2026,3,230000,F2,2026-06-24,2026-06-24,MYR,1.0,-118.00,SST-S,CC68,MYC0000068,Cred 68,PC01
1100,C2CB69,2026,1,140000,F2,2026-06-25,2026-06-25,MYR,1.0,1606.50,SST-S,CC69,MYC0000069,Cred 69,PC01
1100,C2CB69,2026,2,400000,F2,2026-06-25,2026-06-25,MYR,1.0,-1487.50,SST-S,CC69,MYC0000069,Cred 69,PC01
1100,C2CB69,2026,3,230000,F2,2026-06-25,2026-06-25,MYR,1.0,-119.00,SST-S,CC69,MYC0000069,Cred 69,PC01
1100,C2CB70,2026,1,140000,F2,2026-06-26,2026-06-26,MYR,1.0,1620.00,SST-S,CC70,MYC0000070,Cred 70,PC01
1100,C2CB70,2026,2,400000,F2,2026-06-26,2026-06-26,MYR,1.0,-1500.00,SST-S,CC70,MYC0000070,Cred 70,PC01
1100,C2CB70,2026,3,230000,F2,2026-06-26,2026-06-26,MYR,1.0,-120.00,SST-S,CC70,MYC0000070,Cred 70,PC01
1100,C2CB71,2026,1,140000,F2,2026-06-27,2026-06-27,MYR,1.0,1633.50,SST-S,CC71,MYC0000071,Cred 71,PC01
1100,C2CB71,2026,2,400000,F2,2026-06-27,2026-06-27,MYR,1.0,-1512.50,SST-S,CC71,MYC0000071,Cred 71,PC01
1100,C2CB71,2026,3,230000,F2,2026-06-27,2026-06-27,MYR,1.0,-121.00,SST-S,CC71,MYC0000071,Cred 71,PC01
1100,C2CB72,2026,1,140000,F2,2026-06-20,2026-06-20,MYR,1.0,1647.00,SST-S,CC72,MYC0000072,Cred 72,PC01
1100,C2CB72,2026,2,400000,F2,2026-06-20,2026-06-20,MYR,1.0,-1525.00,SST-S,CC72,MYC0000072,Cred 72,PC01
1100,C2CB72,2026,3,230000,F2,2026-06-20,2026-06-20,MYR,1.0,-122.00,SST-S,CC72,MYC0000072,Cred 72,PC01
1100,C2CB73,2026,1,140000,F2,2026-06-21,2026-06-21,MYR,1.0,1660.50,SST-S,CC73,MYC0000073,Cred 73,PC01
1100,C2CB73,2026,2,400000,F2,2026-06-21,2026-06-21,MYR,1.0,-1537.50,SST-S,CC73,MYC0000073,Cred 73,PC01
1100,C2CB73,2026,3,230000,F2,2026-06-21,2026-06-21,MYR,1.0,-123.00,SST-S,CC73,MYC0000073,Cred 73,PC01
1100,C2CB74,2026,1,140000,F2,2026-06-22,2026-06-22,MYR,1.0,1674.00,SST-S,CC74,MYC0000074,Cred 74,PC01
1100,C2CB74,2026,2,400000,F2,2026-06-22,2026-06-22,MYR,1.0,-1550.00,SST-S,CC74,MYC0000074,Cred 74,PC01
1100,C2CB74,2026,3,230000,F2,2026-06-22,2026-06-22,MYR,1.0,-124.00,SST-S,CC74,MYC0000074,Cred 74,PC01
1100,C2CB75,2026,1,140000,F2,2026-06-23,2026-06-23,MYR,1.0,1687.50,SST-S,CC75,MYC0000075,Cred 75,PC01
1100,C2CB75,2026,2,400000,F2,2026-06-23,2026-06-23,MYR,1.0,-1562.50,SST-S,CC75,MYC0000075,Cred 75,PC01
1100,C2CB75,2026,3,230000,F2,2026-06-23,2026-06-23,MYR,1.0,-125.00,SST-S,CC75,MYC0000075,Cred 75,PC01
1100,C2CB76,2026,1,140000,F2,2026-06-24,2026-06-24,MYR,1.0,1701.00,SST-S,CC76,MYC0000076,Cred 76,PC01
1100,C2CB76,2026,2,400000,F2,2026-06-24,2026-06-24,MYR,1.0,-1575.00,SST-S,CC76,MYC0000076,Cred 76,PC01
1100,C2CB76,2026,3,230000,F2,2026-06-24,2026-06-24,MYR,1.0,-126.00,SST-S,CC76,MYC0000076,Cred 76,PC01
1100,C2CB77,2026,1,140000,F2,2026-06-25,2026-06-25,MYR,1.0,1714.50,SST-S,CC77,MYC0000077,Cred 77,PC01
1100,C2CB77,2026,2,400000,F2,2026-06-25,2026-06-25,MYR,1.0,-1587.50,SST-S,CC77,MYC0000077,Cred 77,PC01
1100,C2CB77,2026,3,230000,F2,2026-06-25,2026-06-25,MYR,1.0,-127.00,SST-S,CC77,MYC0000077,Cred 77,PC01
1100,C2CB78,2026,1,140000,F2,2026-06-26,2026-06-26,MYR,1.0,1728.00,SST-S,CC78,MYC0000078,Cred 78,PC01
1100,C2CB78,2026,2,400000,F2,2026-06-26,2026-06-26,MYR,1.0,-1600.00,SST-S,CC78,MYC0000078,Cred 78,PC01
1100,C2CB78,2026,3,230000,F2,2026-06-26,2026-06-26,MYR,1.0,-128.00,SST-S,CC78,MYC0000078,Cred 78,PC01
1100,C2CB79,2026,1,140000,F2,2026-06-27,2026-06-27,MYR,1.0,1741.50,SST-S,CC79,MYC0000079,Cred 79,PC01
1100,C2CB79,2026,2,400000,F2,2026-06-27,2026-06-27,MYR,1.0,-1612.50,SST-S,CC79,MYC0000079,Cred 79,PC01
1100,C2CB79,2026,3,230000,F2,2026-06-27,2026-06-27,MYR,1.0,-129.00,SST-S,CC79,MYC0000079,Cred 79,PC01
1100,C2CB80,2026,1,140000,F2,2026-06-20,2026-06-20,MYR,1.0,1755.00,SST-S,CC80,MYC0000080,Cred 80,PC01
1100,C2CB80,2026,2,400000,F2,2026-06-20,2026-06-20,MYR,1.0,-1625.00,SST-S,CC80,MYC0000080,Cred 80,PC01
1100,C2CB80,2026,3,230000,F2,2026-06-20,2026-06-20,MYR,1.0,-130.00,SST-S,CC80,MYC0000080,Cred 80,PC01
1100,C2CB81,2026,1,140000,F2,2026-06-21,2026-06-21,MYR,1.0,1768.50,SST-S,CC81,MYC0000081,Cred 81,PC01
1100,C2CB81,2026,2,400000,F2,2026-06-21,2026-06-21,MYR,1.0,-1637.50,SST-S,CC81,MYC0000081,Cred 81,PC01
1100,C2CB81,2026,3,230000,F2,2026-06-21,2026-06-21,MYR,1.0,-131.00,SST-S,CC81,MYC0000081,Cred 81,PC01
1100,C2CB82,2026,1,140000,F2,2026-06-22,2026-06-22,MYR,1.0,1782.00,SST-S,CC82,MYC0000082,Cred 82,PC01
1100,C2CB82,2026,2,400000,F2,2026-06-22,2026-06-22,MYR,1.0,-1650.00,SST-S,CC82,MYC0000082,Cred 82,PC01
1100,C2CB82,2026,3,230000,F2,2026-06-22,2026-06-22,MYR,1.0,-132.00,SST-S,CC82,MYC0000082,Cred 82,PC01
1100,C2CB83,2026,1,140000,F2,2026-06-23,2026-06-23,MYR,1.0,1795.50,SST-S,CC83,MYC0000083,Cred 83,PC01
1100,C2CB83,2026,2,400000,F2,2026-06-23,2026-06-23,MYR,1.0,-1662.50,SST-S,CC83,MYC0000083,Cred 83,PC01
1100,C2CB83,2026,3,230000,F2,2026-06-23,2026-06-23,MYR,1.0,-133.00,SST-S,CC83,MYC0000083,Cred 83,PC01
1100,C2CB84,2026,1,140000,F2,2026-06-24,2026-06-24,MYR,1.0,1809.00,SST-S,CC84,MYC0000084,Cred 84,PC01
1100,C2CB84,2026,2,400000,F2,2026-06-24,2026-06-24,MYR,1.0,-1675.00,SST-S,CC84,MYC0000084,Cred 84,PC01
1100,C2CB84,2026,3,230000,F2,2026-06-24,2026-06-24,MYR,1.0,-134.00,SST-S,CC84,MYC0000084,Cred 84,PC01
1100,C2CB85,2026,1,140000,F2,2026-06-25,2026-06-25,MYR,1.0,1822.50,SST-S,CC85,MYC0000085,Cred 85,PC01
1100,C2CB85,2026,2,400000,F2,2026-06-25,2026-06-25,MYR,1.0,-1687.50,SST-S,CC85,MYC0000085,Cred 85,PC01
1100,C2CB85,2026,3,230000,F2,2026-06-25,2026-06-25,MYR,1.0,-135.00,SST-S,CC85,MYC0000085,Cred 85,PC01
1100,C2CB86,2026,1,140000,F2,2026-06-26,2026-06-26,MYR,1.0,1836.00,SST-S,CC86,MYC0000086,Cred 86,PC01
1100,C2CB86,2026,2,400000,F2,2026-06-26,2026-06-26,MYR,1.0,-1700.00,SST-S,CC86,MYC0000086,Cred 86,PC01
1100,C2CB86,2026,3,230000,F2,2026-06-26,2026-06-26,MYR,1.0,-136.00,SST-S,CC86,MYC0000086,Cred 86,PC01
1100,C2CB87,2026,1,140000,F2,2026-06-27,2026-06-27,MYR,1.0,1849.50,SST-S,CC87,MYC0000087,Cred 87,PC01
1100,C2CB87,2026,2,400000,F2,2026-06-27,2026-06-27,MYR,1.0,-1712.50,SST-S,CC87,MYC0000087,Cred 87,PC01
1100,C2CB87,2026,3,230000,F2,2026-06-27,2026-06-27,MYR,1.0,-137.00,SST-S,CC87,MYC0000087,Cred 87,PC01
1100,C2CB88,2026,1,140000,F2,2026-06-20,2026-06-20,MYR,1.0,1863.00,SST-S,CC88,MYC0000088,Cred 88,PC01
1100,C2CB88,2026,2,400000,F2,2026-06-20,2026-06-20,MYR,1.0,-1725.00,SST-S,CC88,MYC0000088,Cred 88,PC01
1100,C2CB88,2026,3,230000,F2,2026-06-20,2026-06-20,MYR,1.0,-138.00,SST-S,CC88,MYC0000088,Cred 88,PC01
1100,C2CB89,2026,1,140000,F2,2026-06-21,2026-06-21,MYR,1.0,1876.50,SST-S,CC89,MYC0000089,Cred 89,PC01
1100,C2CB89,2026,2,400000,F2,2026-06-21,2026-06-21,MYR,1.0,-1737.50,SST-S,CC89,MYC0000089,Cred 89,PC01
1100,C2CB89,2026,3,230000,F2,2026-06-21,2026-06-21,MYR,1.0,-139.00,SST-S,CC89,MYC0000089,Cred 89,PC01
1100,C2CB90,2026,1,140000,F2,2026-06-22,2026-06-22,MYR,1.0,1890.00,SST-S,CC90,MYC0000090,Cred 90,PC01
1100,C2CB90,2026,2,400000,F2,2026-06-22,2026-06-22,MYR,1.0,-1750.00,SST-S,CC90,MYC0000090,Cred 90,PC01
1100,C2CB90,2026,3,230000,F2,2026-06-22,2026-06-22,MYR,1.0,-140.00,SST-S,CC90,MYC0000090,Cred 90,PC01
1100,C2CB91,2026,1,140000,F2,2026-06-23,2026-06-23,MYR,1.0,1903.50,SST-S,CC91,MYC0000091,Cred 91,PC01
1100,C2CB91,2026,2,400000,F2,2026-06-23,2026-06-23,MYR,1.0,-1762.50,SST-S,CC91,MYC0000091,Cred 91,PC01
1100,C2CB91,2026,3,230000,F2,2026-06-23,2026-06-23,MYR,1.0,-141.00,SST-S,CC91,MYC0000091,Cred 91,PC01
1100,C2CB92,2026,1,140000,F2,2026-06-24,2026-06-24,MYR,1.0,1917.00,SST-S,CC92,MYC0000092,Cred 92,PC01
1100,C2CB92,2026,2,400000,F2,2026-06-24,2026-06-24,MYR,1.0,-1775.00,SST-S,CC92,MYC0000092,Cred 92,PC01
1100,C2CB92,2026,3,230000,F2,2026-06-24,2026-06-24,MYR,1.0,-142.00,SST-S,CC92,MYC0000092,Cred 92,PC01
1100,C2CB93,2026,1,140000,F2,2026-06-25,2026-06-25,MYR,1.0,1930.50,SST-S,CC93,MYC0000093,Cred 93,PC01
1100,C2CB93,2026,2,400000,F2,2026-06-25,2026-06-25,MYR,1.0,-1787.50,SST-S,CC93,MYC0000093,Cred 93,PC01
1100,C2CB93,2026,3,230000,F2,2026-06-25,2026-06-25,MYR,1.0,-143.00,SST-S,CC93,MYC0000093,Cred 93,PC01
1100,C2CB94,2026,1,140000,F2,2026-06-26,2026-06-26,MYR,1.0,1944.00,SST-S,CC94,MYC0000094,Cred 94,PC01
1100,C2CB94,2026,2,400000,F2,2026-06-26,2026-06-26,MYR,1.0,-1800.00,SST-S,CC94,MYC0000094,Cred 94,PC01
1100,C2CB94,2026,3,230000,F2,2026-06-26,2026-06-26,MYR,1.0,-144.00,SST-S,CC94,MYC0000094,Cred 94,PC01
1100,C2CB95,2026,1,140000,F2,2026-06-27,2026-06-27,MYR,1.0,1957.50,SST-S,CC95,MYC0000095,Cred 95,PC01
1100,C2CB95,2026,2,400000,F2,2026-06-27,2026-06-27,MYR,1.0,-1812.50,SST-S,CC95,MYC0000095,Cred 95,PC01
1100,C2CB95,2026,3,230000,F2,2026-06-27,2026-06-27,MYR,1.0,-145.00,SST-S,CC95,MYC0000095,Cred 95,PC01
1100,C2CB96,2026,1,140000,F2,2026-06-20,2026-06-20,MYR,1.0,1971.00,SST-S,CC96,MYC0000096,Cred 96,PC01
1100,C2CB96,2026,2,400000,F2,2026-06-20,2026-06-20,MYR,1.0,-1825.00,SST-S,CC96,MYC0000096,Cred 96,PC01
1100,C2CB96,2026,3,230000,F2,2026-06-20,2026-06-20,MYR,1.0,-146.00,SST-S,CC96,MYC0000096,Cred 96,PC01
1100,C2CB97,2026,1,140000,F2,2026-06-21,2026-06-21,MYR,1.0,1984.50,SST-S,CC97,MYC0000097,Cred 97,PC01
1100,C2CB97,2026,2,400000,F2,2026-06-21,2026-06-21,MYR,1.0,-1837.50,SST-S,CC97,MYC0000097,Cred 97,PC01
1100,C2CB97,2026,3,230000,F2,2026-06-21,2026-06-21,MYR,1.0,-147.00,SST-S,CC97,MYC0000097,Cred 97,PC01
1100,C2CB98,2026,1,140000,F2,2026-06-22,2026-06-22,MYR,1.0,1998.00,SST-S,CC98,MYC0000098,Cred 98,PC01
1100,C2CB98,2026,2,400000,F2,2026-06-22,2026-06-22,MYR,1.0,-1850.00,SST-S,CC98,MYC0000098,Cred 98,PC01
1100,C2CB98,2026,3,230000,F2,2026-06-22,2026-06-22,MYR,1.0,-148.00,SST-S,CC98,MYC0000098,Cred 98,PC01
1100,C2CB99,2026,1,140000,F2,2026-06-23,2026-06-23,MYR,1.0,2011.50,SST-S,CC99,MYC0000099,Cred 99,PC01
1100,C2CB99,2026,2,400000,F2,2026-06-23,2026-06-23,MYR,1.0,-1862.50,SST-S,CC99,MYC0000099,Cred 99,PC01
1100,C2CB99,2026,3,230000,F2,2026-06-23,2026-06-23,MYR,1.0,-149.00,SST-S,CC99,MYC0000099,Cred 99,PC01
1100,C2CB100,2026,1,140000,F2,2026-06-24,2026-06-24,MYR,1.0,2025.00,SST-S,CC100,MYC0000100,Cred 100,PC01
1100,C2CB100,2026,2,400000,F2,2026-06-24,2026-06-24,MYR,1.0,-1875.00,SST-S,CC100,MYC0000100,Cred 100,PC01
1100,C2CB100,2026,3,230000,F2,2026-06-24,2026-06-24,MYR,1.0,-150.00,SST-S,CC100,MYC0000100,Cred 100,PC01
1100,C2CB101,2026,1,140000,F2,2026-06-25,2026-06-25,MYR,1.0,2038.50,SST-S,CC101,MYC0000101,Cred 101,PC01
1100,C2CB101,2026,2,400000,F2,2026-06-25,2026-06-25,MYR,1.0,-1887.50,SST-S,CC101,MYC0000101,Cred 101,PC01
1100,C2CB101,2026,3,230000,F2,2026-06-25,2026-06-25,MYR,1.0,-151.00,SST-S,CC101,MYC0000101,Cred 101,PC01
1100,C2CB102,2026,1,140000,F2,2026-06-26,2026-06-26,MYR,1.0,2052.00,SST-S,CC102,MYC0000102,Cred 102,PC01
1100,C2CB102,2026,2,400000,F2,2026-06-26,2026-06-26,MYR,1.0,-1900.00,SST-S,CC102,MYC0000102,Cred 102,PC01
1100,C2CB102,2026,3,230000,F2,2026-06-26,2026-06-26,MYR,1.0,-152.00,SST-S,CC102,MYC0000102,Cred 102,PC01
1100,C2CB103,2026,1,140000,F2,2026-06-27,2026-06-27,MYR,1.0,2065.50,SST-S,CC103,MYC0000103,Cred 103,PC01
1100,C2CB103,2026,2,400000,F2,2026-06-27,2026-06-27,MYR,1.0,-1912.50,SST-S,CC103,MYC0000103,Cred 103,PC01
1100,C2CB103,2026,3,230000,F2,2026-06-27,2026-06-27,MYR,1.0,-153.00,SST-S,CC103,MYC0000103,Cred 103,PC01
1100,C2CB104,2026,1,140000,F2,2026-06-20,2026-06-20,MYR,1.0,2079.00,SST-S,CC104,MYC0000104,Cred 104,PC01
1100,C2CB104,2026,2,400000,F2,2026-06-20,2026-06-20,MYR,1.0,-1925.00,SST-S,CC104,MYC0000104,Cred 104,PC01
1100,C2CB104,2026,3,230000,F2,2026-06-20,2026-06-20,MYR,1.0,-154.00,SST-S,CC104,MYC0000104,Cred 104,PC01
1100,C2CB105,2026,1,140000,F2,2026-06-21,2026-06-21,MYR,1.0,2092.50,SST-S,CC105,MYC0000105,Cred 105,PC01
1100,C2CB105,2026,2,400000,F2,2026-06-21,2026-06-21,MYR,1.0,-1937.50,SST-S,CC105,MYC0000105,Cred 105,PC01
1100,C2CB105,2026,3,230000,F2,2026-06-21,2026-06-21,MYR,1.0,-155.00,SST-S,CC105,MYC0000105,Cred 105,PC01
1100,C2CB106,2026,1,140000,F2,2026-06-22,2026-06-22,MYR,1.0,2106.00,SST-S,CC106,MYC0000106,Cred 106,PC01
1100,C2CB106,2026,2,400000,F2,2026-06-22,2026-06-22,MYR,1.0,-1950.00,SST-S,CC106,MYC0000106,Cred 106,PC01
1100,C2CB106,2026,3,230000,F2,2026-06-22,2026-06-22,MYR,1.0,-156.00,SST-S,CC106,MYC0000106,Cred 106,PC01
1100,C2CB107,2026,1,140000,F2,2026-06-23,2026-06-23,MYR,1.0,2119.50,SST-S,CC107,MYC0000107,Cred 107,PC01
1100,C2CB107,2026,2,400000,F2,2026-06-23,2026-06-23,MYR,1.0,-1962.50,SST-S,CC107,MYC0000107,Cred 107,PC01
1100,C2CB107,2026,3,230000,F2,2026-06-23,2026-06-23,MYR,1.0,-157.00,SST-S,CC107,MYC0000107,Cred 107,PC01
1100,C2CB108,2026,1,140000,F2,2026-06-24,2026-06-24,MYR,1.0,2133.00,SST-S,CC108,MYC0000108,Cred 108,PC01
1100,C2CB108,2026,2,400000,F2,2026-06-24,2026-06-24,MYR,1.0,-1975.00,SST-S,CC108,MYC0000108,Cred 108,PC01
1100,C2CB108,2026,3,230000,F2,2026-06-24,2026-06-24,MYR,1.0,-158.00,SST-S,CC108,MYC0000108,Cred 108,PC01
1100,C2CB109,2026,1,140000,F2,2026-06-25,2026-06-25,MYR,1.0,2146.50,SST-S,CC109,MYC0000109,Cred 109,PC01
1100,C2CB109,2026,2,400000,F2,2026-06-25,2026-06-25,MYR,1.0,-1987.50,SST-S,CC109,MYC0000109,Cred 109,PC01
1100,C2CB109,2026,3,230000,F2,2026-06-25,2026-06-25,MYR,1.0,-159.00,SST-S,CC109,MYC0000109,Cred 109,PC01
1100,C2CB110,2026,1,140000,F2,2026-06-26,2026-06-26,MYR,1.0,2160.00,SST-S,CC110,MYC0000110,Cred 110,PC01
1100,C2CB110,2026,2,400000,F2,2026-06-26,2026-06-26,MYR,1.0,-2000.00,SST-S,CC110,MYC0000110,Cred 110,PC01
1100,C2CB110,2026,3,230000,F2,2026-06-26,2026-06-26,MYR,1.0,-160.00,SST-S,CC110,MYC0000110,Cred 110,PC01
1100,C2CB111,2026,1,140000,F2,2026-06-27,2026-06-27,MYR,1.0,2173.50,SST-S,CC111,MYC0000111,Cred 111,PC01
1100,C2CB111,2026,2,400000,F2,2026-06-27,2026-06-27,MYR,1.0,-2012.50,SST-S,CC111,MYC0000111,Cred 111,PC01
1100,C2CB111,2026,3,230000,F2,2026-06-27,2026-06-27,MYR,1.0,-161.00,SST-S,CC111,MYC0000111,Cred 111,PC01
1100,C2CB112,2026,1,140000,F2,2026-06-20,2026-06-20,MYR,1.0,2187.00,SST-S,CC112,MYC0000112,Cred 112,PC01
1100,C2CB112,2026,2,400000,F2,2026-06-20,2026-06-20,MYR,1.0,-2025.00,SST-S,CC112,MYC0000112,Cred 112,PC01
1100,C2CB112,2026,3,230000,F2,2026-06-20,2026-06-20,MYR,1.0,-162.00,SST-S,CC112,MYC0000112,Cred 112,PC01
1100,C2CB113,2026,1,140000,F2,2026-06-21,2026-06-21,MYR,1.0,2200.50,SST-S,CC113,MYC0000113,Cred 113,PC01
1100,C2CB113,2026,2,400000,F2,2026-06-21,2026-06-21,MYR,1.0,-2037.50,SST-S,CC113,MYC0000113,Cred 113,PC01
1100,C2CB113,2026,3,230000,F2,2026-06-21,2026-06-21,MYR,1.0,-163.00,SST-S,CC113,MYC0000113,Cred 113,PC01
1100,C2CB114,2026,1,140000,F2,2026-06-22,2026-06-22,MYR,1.0,2214.00,SST-S,CC114,MYC0000114,Cred 114,PC01
1100,C2CB114,2026,2,400000,F2,2026-06-22,2026-06-22,MYR,1.0,-2050.00,SST-S,CC114,MYC0000114,Cred 114,PC01
1100,C2CB114,2026,3,230000,F2,2026-06-22,2026-06-22,MYR,1.0,-164.00,SST-S,CC114,MYC0000114,Cred 114,PC01
1100,C2CB115,2026,1,140000,F2,2026-06-23,2026-06-23,MYR,1.0,2227.50,SST-S,CC115,MYC0000115,Cred 115,PC01
1100,C2CB115,2026,2,400000,F2,2026-06-23,2026-06-23,MYR,1.0,-2062.50,SST-S,CC115,MYC0000115,Cred 115,PC01
1100,C2CB115,2026,3,230000,F2,2026-06-23,2026-06-23,MYR,1.0,-165.00,SST-S,CC115,MYC0000115,Cred 115,PC01
1100,C2CB116,2026,1,140000,F2,2026-06-24,2026-06-24,MYR,1.0,2241.00,SST-S,CC116,MYC0000116,Cred 116,PC01
1100,C2CB116,2026,2,400000,F2,2026-06-24,2026-06-24,MYR,1.0,-2075.00,SST-S,CC116,MYC0000116,Cred 116,PC01
1100,C2CB116,2026,3,230000,F2,2026-06-24,2026-06-24,MYR,1.0,-166.00,SST-S,CC116,MYC0000116,Cred 116,PC01
1100,C2CB117,2026,1,140000,F2,2026-06-25,2026-06-25,MYR,1.0,2254.50,SST-S,CC117,MYC0000117,Cred 117,PC01
1100,C2CB117,2026,2,400000,F2,2026-06-25,2026-06-25,MYR,1.0,-2087.50,SST-S,CC117,MYC0000117,Cred 117,PC01
1100,C2CB117,2026,3,230000,F2,2026-06-25,2026-06-25,MYR,1.0,-167.00,SST-S,CC117,MYC0000117,Cred 117,PC01
1100,C2CB118,2026,1,140000,F2,2026-06-26,2026-06-26,MYR,1.0,2268.00,SST-S,CC118,MYC0000118,Cred 118,PC01
1100,C2CB118,2026,2,400000,F2,2026-06-26,2026-06-26,MYR,1.0,-2100.00,SST-S,CC118,MYC0000118,Cred 118,PC01
1100,C2CB118,2026,3,230000,F2,2026-06-26,2026-06-26,MYR,1.0,-168.00,SST-S,CC118,MYC0000118,Cred 118,PC01
1100,C2CB119,2026,1,140000,F2,2026-06-27,2026-06-27,MYR,1.0,2281.50,SST-S,CC119,MYC0000119,Cred 119,PC01
1100,C2CB119,2026,2,400000,F2,2026-06-27,2026-06-27,MYR,1.0,-2112.50,SST-S,CC119,MYC0000119,Cred 119,PC01
1100,C2CB119,2026,3,230000,F2,2026-06-27,2026-06-27,MYR,1.0,-169.00,SST-S,CC119,MYC0000119,Cred 119,PC01
1100,C2CB120,2026,1,140000,F2,2026-06-20,2026-06-20,MYR,1.0,2295.00,SST-S,CC120,MYC0000120,Cred 120,PC01
1100,C2CB120,2026,2,400000,F2,2026-06-20,2026-06-20,MYR,1.0,-2125.00,SST-S,CC120,MYC0000120,Cred 120,PC01
1100,C2CB120,2026,3,230000,F2,2026-06-20,2026-06-20,MYR,1.0,-170.00,SST-S,CC120,MYC0000120,Cred 120,PC01
1100,C2CB121,2026,1,140000,F2,2026-06-21,2026-06-21,MYR,1.0,2308.50,SST-S,CC121,MYC0000121,Cred 121,PC01
1100,C2CB121,2026,2,400000,F2,2026-06-21,2026-06-21,MYR,1.0,-2137.50,SST-S,CC121,MYC0000121,Cred 121,PC01
1100,C2CB121,2026,3,230000,F2,2026-06-21,2026-06-21,MYR,1.0,-171.00,SST-S,CC121,MYC0000121,Cred 121,PC01
1100,C2CB122,2026,1,140000,F2,2026-06-22,2026-06-22,MYR,1.0,2322.00,SST-S,CC122,MYC0000122,Cred 122,PC01
1100,C2CB122,2026,2,400000,F2,2026-06-22,2026-06-22,MYR,1.0,-2150.00,SST-S,CC122,MYC0000122,Cred 122,PC01
1100,C2CB122,2026,3,230000,F2,2026-06-22,2026-06-22,MYR,1.0,-172.00,SST-S,CC122,MYC0000122,Cred 122,PC01
1100,C2CB123,2026,1,140000,F2,2026-06-23,2026-06-23,MYR,1.0,2335.50,SST-S,CC123,MYC0000123,Cred 123,PC01
1100,C2CB123,2026,2,400000,F2,2026-06-23,2026-06-23,MYR,1.0,-2162.50,SST-S,CC123,MYC0000123,Cred 123,PC01
1100,C2CB123,2026,3,230000,F2,2026-06-23,2026-06-23,MYR,1.0,-173.00,SST-S,CC123,MYC0000123,Cred 123,PC01
1100,C2CB124,2026,1,140000,F2,2026-06-24,2026-06-24,MYR,1.0,2349.00,SST-S,CC124,MYC0000124,Cred 124,PC01
1100,C2CB124,2026,2,400000,F2,2026-06-24,2026-06-24,MYR,1.0,-2175.00,SST-S,CC124,MYC0000124,Cred 124,PC01
1100,C2CB124,2026,3,230000,F2,2026-06-24,2026-06-24,MYR,1.0,-174.00,SST-S,CC124,MYC0000124,Cred 124,PC01
1100,C2CB125,2026,1,140000,F2,2026-06-25,2026-06-25,MYR,1.0,2362.50,SST-S,CC125,MYC0000125,Cred 125,PC01
1100,C2CB125,2026,2,400000,F2,2026-06-25,2026-06-25,MYR,1.0,-2187.50,SST-S,CC125,MYC0000125,Cred 125,PC01
1100,C2CB125,2026,3,230000,F2,2026-06-25,2026-06-25,MYR,1.0,-175.00,SST-S,CC125,MYC0000125,Cred 125,PC01
1100,C2CB126,2026,1,140000,F2,2026-06-26,2026-06-26,MYR,1.0,2376.00,SST-S,CC126,MYC0000126,Cred 126,PC01
1100,C2CB126,2026,2,400000,F2,2026-06-26,2026-06-26,MYR,1.0,-2200.00,SST-S,CC126,MYC0000126,Cred 126,PC01
1100,C2CB126,2026,3,230000,F2,2026-06-26,2026-06-26,MYR,1.0,-176.00,SST-S,CC126,MYC0000126,Cred 126,PC01
1100,C2CB127,2026,1,140000,F2,2026-06-27,2026-06-27,MYR,1.0,2389.50,SST-S,CC127,MYC0000127,Cred 127,PC01
1100,C2CB127,2026,2,400000,F2,2026-06-27,2026-06-27,MYR,1.0,-2212.50,SST-S,CC127,MYC0000127,Cred 127,PC01
1100,C2CB127,2026,3,230000,F2,2026-06-27,2026-06-27,MYR,1.0,-177.00,SST-S,CC127,MYC0000127,Cred 127,PC01
1100,C2CB128,2026,1,140000,F2,2026-06-20,2026-06-20,MYR,1.0,2403.00,SST-S,CC128,MYC0000128,Cred 128,PC01
1100,C2CB128,2026,2,400000,F2,2026-06-20,2026-06-20,MYR,1.0,-2225.00,SST-S,CC128,MYC0000128,Cred 128,PC01
1100,C2CB128,2026,3,230000,F2,2026-06-20,2026-06-20,MYR,1.0,-178.00,SST-S,CC128,MYC0000128,Cred 128,PC01
1100,C2CB129,2026,1,140000,F2,2026-06-21,2026-06-21,MYR,1.0,2416.50,SST-S,CC129,MYC0000129,Cred 129,PC01
1100,C2CB129,2026,2,400000,F2,2026-06-21,2026-06-21,MYR,1.0,-2237.50,SST-S,CC129,MYC0000129,Cred 129,PC01
1100,C2CB129,2026,3,230000,F2,2026-06-21,2026-06-21,MYR,1.0,-179.00,SST-S,CC129,MYC0000129,Cred 129,PC01
1100,C2CB130,2026,1,140000,F2,2026-06-22,2026-06-22,MYR,1.0,2430.00,SST-S,CC130,MYC0000130,Cred 130,PC01
1100,C2CB130,2026,2,400000,F2,2026-06-22,2026-06-22,MYR,1.0,-2250.00,SST-S,CC130,MYC0000130,Cred 130,PC01
1100,C2CB130,2026,3,230000,F2,2026-06-22,2026-06-22,MYR,1.0,-180.00,SST-S,CC130,MYC0000130,Cred 130,PC01
1100,C2CB131,2026,1,140000,F2,2026-06-23,2026-06-23,MYR,1.0,2443.50,SST-S,CC131,MYC0000131,Cred 131,PC01
1100,C2CB131,2026,2,400000,F2,2026-06-23,2026-06-23,MYR,1.0,-2262.50,SST-S,CC131,MYC0000131,Cred 131,PC01
1100,C2CB131,2026,3,230000,F2,2026-06-23,2026-06-23,MYR,1.0,-181.00,SST-S,CC131,MYC0000131,Cred 131,PC01
1100,C2CB132,2026,1,140000,F2,2026-06-24,2026-06-24,MYR,1.0,2457.00,SST-S,CC132,MYC0000132,Cred 132,PC01
1100,C2CB132,2026,2,400000,F2,2026-06-24,2026-06-24,MYR,1.0,-2275.00,SST-S,CC132,MYC0000132,Cred 132,PC01
1100,C2CB132,2026,3,230000,F2,2026-06-24,2026-06-24,MYR,1.0,-182.00,SST-S,CC132,MYC0000132,Cred 132,PC01
1100,C2CB133,2026,1,140000,F2,2026-06-25,2026-06-25,MYR,1.0,2470.50,SST-S,CC133,MYC0000133,Cred 133,PC01
1100,C2CB133,2026,2,400000,F2,2026-06-25,2026-06-25,MYR,1.0,-2287.50,SST-S,CC133,MYC0000133,Cred 133,PC01
1100,C2CB133,2026,3,230000,F2,2026-06-25,2026-06-25,MYR,1.0,-183.00,SST-S,CC133,MYC0000133,Cred 133,PC01
1100,C2CB134,2026,1,140000,F2,2026-06-26,2026-06-26,MYR,1.0,2484.00,SST-S,CC134,MYC0000134,Cred 134,PC01
1100,C2CB134,2026,2,400000,F2,2026-06-26,2026-06-26,MYR,1.0,-2300.00,SST-S,CC134,MYC0000134,Cred 134,PC01
1100,C2CB134,2026,3,230000,F2,2026-06-26,2026-06-26,MYR,1.0,-184.00,SST-S,CC134,MYC0000134,Cred 134,PC01
1100,C2CB135,2026,1,140000,F2,2026-06-27,2026-06-27,MYR,1.0,2497.50,SST-S,CC135,MYC0000135,Cred 135,PC01
1100,C2CB135,2026,2,400000,F2,2026-06-27,2026-06-27,MYR,1.0,-2312.50,SST-S,CC135,MYC0000135,Cred 135,PC01
1100,C2CB135,2026,3,230000,F2,2026-06-27,2026-06-27,MYR,1.0,-185.00,SST-S,CC135,MYC0000135,Cred 135,PC01
1100,C2CB136,2026,1,140000,F2,2026-06-20,2026-06-20,MYR,1.0,2511.00,SST-S,CC136,MYC0000136,Cred 136,PC01
1100,C2CB136,2026,2,400000,F2,2026-06-20,2026-06-20,MYR,1.0,-2325.00,SST-S,CC136,MYC0000136,Cred 136,PC01
1100,C2CB136,2026,3,230000,F2,2026-06-20,2026-06-20,MYR,1.0,-186.00,SST-S,CC136,MYC0000136,Cred 136,PC01
1100,C2CB137,2026,1,140000,F2,2026-06-21,2026-06-21,MYR,1.0,2524.50,SST-S,CC137,MYC0000137,Cred 137,PC01
1100,C2CB137,2026,2,400000,F2,2026-06-21,2026-06-21,MYR,1.0,-2337.50,SST-S,CC137,MYC0000137,Cred 137,PC01
1100,C2CB137,2026,3,230000,F2,2026-06-21,2026-06-21,MYR,1.0,-187.00,SST-S,CC137,MYC0000137,Cred 137,PC01
1100,C2CB138,2026,1,140000,F2,2026-06-22,2026-06-22,MYR,1.0,2538.00,SST-S,CC138,MYC0000138,Cred 138,PC01
1100,C2CB138,2026,2,400000,F2,2026-06-22,2026-06-22,MYR,1.0,-2350.00,SST-S,CC138,MYC0000138,Cred 138,PC01
1100,C2CB138,2026,3,230000,F2,2026-06-22,2026-06-22,MYR,1.0,-188.00,SST-S,CC138,MYC0000138,Cred 138,PC01
1100,C2CB139,2026,1,140000,F2,2026-06-23,2026-06-23,MYR,1.0,2551.50,SST-S,CC139,MYC0000139,Cred 139,PC01
1100,C2CB139,2026,2,400000,F2,2026-06-23,2026-06-23,MYR,1.0,-2362.50,SST-S,CC139,MYC0000139,Cred 139,PC01
1100,C2CB139,2026,3,230000,F2,2026-06-23,2026-06-23,MYR,1.0,-189.00,SST-S,CC139,MYC0000139,Cred 139,PC01
1100,C2CB140,2026,1,140000,F2,2026-06-24,2026-06-24,MYR,1.0,2565.00,SST-S,CC140,MYC0000140,Cred 140,PC01
1100,C2CB140,2026,2,400000,F2,2026-06-24,2026-06-24,MYR,1.0,-2375.00,SST-S,CC140,MYC0000140,Cred 140,PC01
1100,C2CB140,2026,3,230000,F2,2026-06-24,2026-06-24,MYR,1.0,-190.00,SST-S,CC140,MYC0000140,Cred 140,PC01
1100,C2CB141,2026,1,140000,F2,2026-06-25,2026-06-25,MYR,1.0,2578.50,SST-S,CC141,MYC0000141,Cred 141,PC01
1100,C2CB141,2026,2,400000,F2,2026-06-25,2026-06-25,MYR,1.0,-2387.50,SST-S,CC141,MYC0000141,Cred 141,PC01
1100,C2CB141,2026,3,230000,F2,2026-06-25,2026-06-25,MYR,1.0,-191.00,SST-S,CC141,MYC0000141,Cred 141,PC01
1100,C2CB142,2026,1,140000,F2,2026-06-26,2026-06-26,MYR,1.0,2592.00,SST-S,CC142,MYC0000142,Cred 142,PC01
1100,C2CB142,2026,2,400000,F2,2026-06-26,2026-06-26,MYR,1.0,-2400.00,SST-S,CC142,MYC0000142,Cred 142,PC01
1100,C2CB142,2026,3,230000,F2,2026-06-26,2026-06-26,MYR,1.0,-192.00,SST-S,CC142,MYC0000142,Cred 142,PC01
1100,C2CB143,2026,1,140000,F2,2026-06-27,2026-06-27,MYR,1.0,2605.50,SST-S,CC143,MYC0000143,Cred 143,PC01
1100,C2CB143,2026,2,400000,F2,2026-06-27,2026-06-27,MYR,1.0,-2412.50,SST-S,CC143,MYC0000143,Cred 143,PC01
1100,C2CB143,2026,3,230000,F2,2026-06-27,2026-06-27,MYR,1.0,-193.00,SST-S,CC143,MYC0000143,Cred 143,PC01
1100,C2CB144,2026,1,140000,F2,2026-06-20,2026-06-20,MYR,1.0,2619.00,SST-S,CC144,MYC0000144,Cred 144,PC01
1100,C2CB144,2026,2,400000,F2,2026-06-20,2026-06-20,MYR,1.0,-2425.00,SST-S,CC144,MYC0000144,Cred 144,PC01
1100,C2CB144,2026,3,230000,F2,2026-06-20,2026-06-20,MYR,1.0,-194.00,SST-S,CC144,MYC0000144,Cred 144,PC01
1100,C2CB145,2026,1,140000,F2,2026-06-21,2026-06-21,MYR,1.0,2632.50,SST-S,CC145,MYC0000145,Cred 145,PC01
1100,C2CB145,2026,2,400000,F2,2026-06-21,2026-06-21,MYR,1.0,-2437.50,SST-S,CC145,MYC0000145,Cred 145,PC01
1100,C2CB145,2026,3,230000,F2,2026-06-21,2026-06-21,MYR,1.0,-195.00,SST-S,CC145,MYC0000145,Cred 145,PC01
1100,C2CB146,2026,1,140000,F2,2026-06-22,2026-06-22,MYR,1.0,2646.00,SST-S,CC146,MYC0000146,Cred 146,PC01
1100,C2CB146,2026,2,400000,F2,2026-06-22,2026-06-22,MYR,1.0,-2450.00,SST-S,CC146,MYC0000146,Cred 146,PC01
1100,C2CB146,2026,3,230000,F2,2026-06-22,2026-06-22,MYR,1.0,-196.00,SST-S,CC146,MYC0000146,Cred 146,PC01
1100,C2CB147,2026,1,140000,F2,2026-06-23,2026-06-23,MYR,1.0,2659.50,SST-S,CC147,MYC0000147,Cred 147,PC01
1100,C2CB147,2026,2,400000,F2,2026-06-23,2026-06-23,MYR,1.0,-2462.50,SST-S,CC147,MYC0000147,Cred 147,PC01
1100,C2CB147,2026,3,230000,F2,2026-06-23,2026-06-23,MYR,1.0,-197.00,SST-S,CC147,MYC0000147,Cred 147,PC01
1100,C2CB148,2026,1,140000,F2,2026-06-24,2026-06-24,MYR,1.0,2673.00,SST-S,CC148,MYC0000148,Cred 148,PC01
1100,C2CB148,2026,2,400000,F2,2026-06-24,2026-06-24,MYR,1.0,-2475.00,SST-S,CC148,MYC0000148,Cred 148,PC01
1100,C2CB148,2026,3,230000,F2,2026-06-24,2026-06-24,MYR,1.0,-198.00,SST-S,CC148,MYC0000148,Cred 148,PC01
1100,C2CB149,2026,1,140000,F2,2026-06-25,2026-06-25,MYR,1.0,2686.50,SST-S,CC149,MYC0000149,Cred 149,PC01
1100,C2CB149,2026,2,400000,F2,2026-06-25,2026-06-25,MYR,1.0,-2487.50,SST-S,CC149,MYC0000149,Cred 149,PC01
1100,C2CB149,2026,3,230000,F2,2026-06-25,2026-06-25,MYR,1.0,-199.00,SST-S,CC149,MYC0000149,Cred 149,PC01
1100,C2CB150,2026,1,140000,F2,2026-06-26,2026-06-26,MYR,1.0,2700.00,SST-S,CC150,MYC0000150,Cred 150,PC01
1100,C2CB150,2026,2,400000,F2,2026-06-26,2026-06-26,MYR,1.0,-2500.00,SST-S,CC150,MYC0000150,Cred 150,PC01
1100,C2CB150,2026,3,230000,F2,2026-06-26,2026-06-26,MYR,1.0,-200.00,SST-S,CC150,MYC0000150,Cred 150,PC01
1100,C2CB151,2026,1,140000,F2,2026-06-27,2026-06-27,MYR,1.0,2713.50,SST-S,CC151,MYC0000151,Cred 151,PC01
1100,C2CB151,2026,2,400000,F2,2026-06-27,2026-06-27,MYR,1.0,-2512.50,SST-S,CC151,MYC0000151,Cred 151,PC01
1100,C2CB151,2026,3,230000,F2,2026-06-27,2026-06-27,MYR,1.0,-201.00,SST-S,CC151,MYC0000151,Cred 151,PC01
1100,C2CB152,2026,1,140000,F2,2026-06-20,2026-06-20,MYR,1.0,2727.00,SST-S,CC152,MYC0000152,Cred 152,PC01
1100,C2CB152,2026,2,400000,F2,2026-06-20,2026-06-20,MYR,1.0,-2525.00,SST-S,CC152,MYC0000152,Cred 152,PC01
1100,C2CB152,2026,3,230000,F2,2026-06-20,2026-06-20,MYR,1.0,-202.00,SST-S,CC152,MYC0000152,Cred 152,PC01
1100,C2CB153,2026,1,140000,F2,2026-06-21,2026-06-21,MYR,1.0,2740.50,SST-S,CC153,MYC0000153,Cred 153,PC01
1100,C2CB153,2026,2,400000,F2,2026-06-21,2026-06-21,MYR,1.0,-2537.50,SST-S,CC153,MYC0000153,Cred 153,PC01
1100,C2CB153,2026,3,230000,F2,2026-06-21,2026-06-21,MYR,1.0,-203.00,SST-S,CC153,MYC0000153,Cred 153,PC01
1100,C2CB154,2026,1,140000,F2,2026-06-22,2026-06-22,MYR,1.0,2754.00,SST-S,CC154,MYC0000154,Cred 154,PC01
1100,C2CB154,2026,2,400000,F2,2026-06-22,2026-06-22,MYR,1.0,-2550.00,SST-S,CC154,MYC0000154,Cred 154,PC01
1100,C2CB154,2026,3,230000,F2,2026-06-22,2026-06-22,MYR,1.0,-204.00,SST-S,CC154,MYC0000154,Cred 154,PC01
1100,C2CB155,2026,1,140000,F2,2026-06-23,2026-06-23,MYR,1.0,2767.50,SST-S,CC155,MYC0000155,Cred 155,PC01
1100,C2CB155,2026,2,400000,F2,2026-06-23,2026-06-23,MYR,1.0,-2562.50,SST-S,CC155,MYC0000155,Cred 155,PC01
1100,C2CB155,2026,3,230000,F2,2026-06-23,2026-06-23,MYR,1.0,-205.00,SST-S,CC155,MYC0000155,Cred 155,PC01
1100,C2CB156,2026,1,140000,F2,2026-06-24,2026-06-24,MYR,1.0,2781.00,SST-S,CC156,MYC0000156,Cred 156,PC01
1100,C2CB156,2026,2,400000,F2,2026-06-24,2026-06-24,MYR,1.0,-2575.00,SST-S,CC156,MYC0000156,Cred 156,PC01
1100,C2CB156,2026,3,230000,F2,2026-06-24,2026-06-24,MYR,1.0,-206.00,SST-S,CC156,MYC0000156,Cred 156,PC01
1100,C2CB157,2026,1,140000,F2,2026-06-25,2026-06-25,MYR,1.0,2794.50,SST-S,CC157,MYC0000157,Cred 157,PC01
1100,C2CB157,2026,2,400000,F2,2026-06-25,2026-06-25,MYR,1.0,-2587.50,SST-S,CC157,MYC0000157,Cred 157,PC01
1100,C2CB157,2026,3,230000,F2,2026-06-25,2026-06-25,MYR,1.0,-207.00,SST-S,CC157,MYC0000157,Cred 157,PC01
1100,C2CB158,2026,1,140000,F2,2026-06-26,2026-06-26,MYR,1.0,2808.00,SST-S,CC158,MYC0000158,Cred 158,PC01
1100,C2CB158,2026,2,400000,F2,2026-06-26,2026-06-26,MYR,1.0,-2600.00,SST-S,CC158,MYC0000158,Cred 158,PC01
1100,C2CB158,2026,3,230000,F2,2026-06-26,2026-06-26,MYR,1.0,-208.00,SST-S,CC158,MYC0000158,Cred 158,PC01
1100,C2CB159,2026,1,140000,F2,2026-06-27,2026-06-27,MYR,1.0,2821.50,SST-S,CC159,MYC0000159,Cred 159,PC01
1100,C2CB159,2026,2,400000,F2,2026-06-27,2026-06-27,MYR,1.0,-2612.50,SST-S,CC159,MYC0000159,Cred 159,PC01
1100,C2CB159,2026,3,230000,F2,2026-06-27,2026-06-27,MYR,1.0,-209.00,SST-S,CC159,MYC0000159,Cred 159,PC01
1100,C2CB160,2026,1,140000,F2,2026-06-20,2026-06-20,MYR,1.0,2835.00,SST-S,CC160,MYC0000160,Cred 160,PC01
1100,C2CB160,2026,2,400000,F2,2026-06-20,2026-06-20,MYR,1.0,-2625.00,SST-S,CC160,MYC0000160,Cred 160,PC01
1100,C2CB160,2026,3,230000,F2,2026-06-20,2026-06-20,MYR,1.0,-210.00,SST-S,CC160,MYC0000160,Cred 160,PC01
1100,C2CB161,2026,1,140000,F2,2026-06-21,2026-06-21,MYR,1.0,2848.50,SST-S,CC161,MYC0000161,Cred 161,PC01
1100,C2CB161,2026,2,400000,F2,2026-06-21,2026-06-21,MYR,1.0,-2637.50,SST-S,CC161,MYC0000161,Cred 161,PC01
1100,C2CB161,2026,3,230000,F2,2026-06-21,2026-06-21,MYR,1.0,-211.00,SST-S,CC161,MYC0000161,Cred 161,PC01
1100,C2CB162,2026,1,140000,F2,2026-06-22,2026-06-22,MYR,1.0,2862.00,SST-S,CC162,MYC0000162,Cred 162,PC01
1100,C2CB162,2026,2,400000,F2,2026-06-22,2026-06-22,MYR,1.0,-2650.00,SST-S,CC162,MYC0000162,Cred 162,PC01
1100,C2CB162,2026,3,230000,F2,2026-06-22,2026-06-22,MYR,1.0,-212.00,SST-S,CC162,MYC0000162,Cred 162,PC01
1100,C2CB163,2026,1,140000,F2,2026-06-23,2026-06-23,MYR,1.0,2875.50,SST-S,CC163,MYC0000163,Cred 163,PC01
1100,C2CB163,2026,2,400000,F2,2026-06-23,2026-06-23,MYR,1.0,-2662.50,SST-S,CC163,MYC0000163,Cred 163,PC01
1100,C2CB163,2026,3,230000,F2,2026-06-23,2026-06-23,MYR,1.0,-213.00,SST-S,CC163,MYC0000163,Cred 163,PC01
1100,C2CB164,2026,1,140000,F2,2026-06-24,2026-06-24,MYR,1.0,2889.00,SST-S,CC164,MYC0000164,Cred 164,PC01
1100,C2CB164,2026,2,400000,F2,2026-06-24,2026-06-24,MYR,1.0,-2675.00,SST-S,CC164,MYC0000164,Cred 164,PC01
1100,C2CB164,2026,3,230000,F2,2026-06-24,2026-06-24,MYR,1.0,-214.00,SST-S,CC164,MYC0000164,Cred 164,PC01
1100,C2CB165,2026,1,140000,F2,2026-06-25,2026-06-25,MYR,1.0,2902.50,SST-S,CC165,MYC0000165,Cred 165,PC01
1100,C2CB165,2026,2,400000,F2,2026-06-25,2026-06-25,MYR,1.0,-2687.50,SST-S,CC165,MYC0000165,Cred 165,PC01
1100,C2CB165,2026,3,230000,F2,2026-06-25,2026-06-25,MYR,1.0,-215.00,SST-S,CC165,MYC0000165,Cred 165,PC01
1100,C2CB166,2026,1,140000,F2,2026-06-26,2026-06-26,MYR,1.0,2916.00,SST-S,CC166,MYC0000166,Cred 166,PC01
1100,C2CB166,2026,2,400000,F2,2026-06-26,2026-06-26,MYR,1.0,-2700.00,SST-S,CC166,MYC0000166,Cred 166,PC01
1100,C2CB166,2026,3,230000,F2,2026-06-26,2026-06-26,MYR,1.0,-216.00,SST-S,CC166,MYC0000166,Cred 166,PC01
1100,C2CB167,2026,1,140000,F2,2026-06-27,2026-06-27,MYR,1.0,2929.50,SST-S,CC167,MYC0000167,Cred 167,PC01
1100,C2CB167,2026,2,400000,F2,2026-06-27,2026-06-27,MYR,1.0,-2712.50,SST-S,CC167,MYC0000167,Cred 167,PC01
1100,C2CB167,2026,3,230000,F2,2026-06-27,2026-06-27,MYR,1.0,-217.00,SST-S,CC167,MYC0000167,Cred 167,PC01
1100,C2CB168,2026,1,140000,F2,2026-06-20,2026-06-20,MYR,1.0,2943.00,SST-S,CC168,MYC0000168,Cred 168,PC01
1100,C2CB168,2026,2,400000,F2,2026-06-20,2026-06-20,MYR,1.0,-2725.00,SST-S,CC168,MYC0000168,Cred 168,PC01
1100,C2CB168,2026,3,230000,F2,2026-06-20,2026-06-20,MYR,1.0,-218.00,SST-S,CC168,MYC0000168,Cred 168,PC01
1100,C2CB169,2026,1,140000,F2,2026-06-21,2026-06-21,MYR,1.0,2956.50,SST-S,CC169,MYC0000169,Cred 169,PC01
1100,C2CB169,2026,2,400000,F2,2026-06-21,2026-06-21,MYR,1.0,-2737.50,SST-S,CC169,MYC0000169,Cred 169,PC01
1100,C2CB169,2026,3,230000,F2,2026-06-21,2026-06-21,MYR,1.0,-219.00,SST-S,CC169,MYC0000169,Cred 169,PC01
1100,C2CB170,2026,1,140000,F2,2026-06-22,2026-06-22,MYR,1.0,2970.00,SST-S,CC170,MYC0000170,Cred 170,PC01
1100,C2CB170,2026,2,400000,F2,2026-06-22,2026-06-22,MYR,1.0,-2750.00,SST-S,CC170,MYC0000170,Cred 170,PC01
1100,C2CB170,2026,3,230000,F2,2026-06-22,2026-06-22,MYR,1.0,-220.00,SST-S,CC170,MYC0000170,Cred 170,PC01
1100,C2CB171,2026,1,140000,F2,2026-06-23,2026-06-23,MYR,1.0,2983.50,SST-S,CC171,MYC0000171,Cred 171,PC01
1100,C2CB171,2026,2,400000,F2,2026-06-23,2026-06-23,MYR,1.0,-2762.50,SST-S,CC171,MYC0000171,Cred 171,PC01
1100,C2CB171,2026,3,230000,F2,2026-06-23,2026-06-23,MYR,1.0,-221.00,SST-S,CC171,MYC0000171,Cred 171,PC01
1100,C2CB172,2026,1,140000,F2,2026-06-24,2026-06-24,MYR,1.0,2997.00,SST-S,CC172,MYC0000172,Cred 172,PC01
1100,C2CB172,2026,2,400000,F2,2026-06-24,2026-06-24,MYR,1.0,-2775.00,SST-S,CC172,MYC0000172,Cred 172,PC01
1100,C2CB172,2026,3,230000,F2,2026-06-24,2026-06-24,MYR,1.0,-222.00,SST-S,CC172,MYC0000172,Cred 172,PC01
1100,C2CB173,2026,1,140000,F2,2026-06-25,2026-06-25,MYR,1.0,3010.50,SST-S,CC173,MYC0000173,Cred 173,PC01
1100,C2CB173,2026,2,400000,F2,2026-06-25,2026-06-25,MYR,1.0,-2787.50,SST-S,CC173,MYC0000173,Cred 173,PC01
1100,C2CB173,2026,3,230000,F2,2026-06-25,2026-06-25,MYR,1.0,-223.00,SST-S,CC173,MYC0000173,Cred 173,PC01
1100,C2CB174,2026,1,140000,F2,2026-06-26,2026-06-26,MYR,1.0,3024.00,SST-S,CC174,MYC0000174,Cred 174,PC01
1100,C2CB174,2026,2,400000,F2,2026-06-26,2026-06-26,MYR,1.0,-2800.00,SST-S,CC174,MYC0000174,Cred 174,PC01
1100,C2CB174,2026,3,230000,F2,2026-06-26,2026-06-26,MYR,1.0,-224.00,SST-S,CC174,MYC0000174,Cred 174,PC01
1100,C2CB175,2026,1,140000,F2,2026-06-27,2026-06-27,MYR,1.0,3037.50,SST-S,CC175,MYC0000175,Cred 175,PC01
1100,C2CB175,2026,2,400000,F2,2026-06-27,2026-06-27,MYR,1.0,-2812.50,SST-S,CC175,MYC0000175,Cred 175,PC01
1100,C2CB175,2026,3,230000,F2,2026-06-27,2026-06-27,MYR,1.0,-225.00,SST-S,CC175,MYC0000175,Cred 175,PC01
1100,C2CB176,2026,1,140000,F2,2026-06-20,2026-06-20,MYR,1.0,3051.00,SST-S,CC176,MYC0000176,Cred 176,PC01
1100,C2CB176,2026,2,400000,F2,2026-06-20,2026-06-20,MYR,1.0,-2825.00,SST-S,CC176,MYC0000176,Cred 176,PC01
1100,C2CB176,2026,3,230000,F2,2026-06-20,2026-06-20,MYR,1.0,-226.00,SST-S,CC176,MYC0000176,Cred 176,PC01
1100,C2CB177,2026,1,140000,F2,2026-06-21,2026-06-21,MYR,1.0,3064.50,SST-S,CC177,MYC0000177,Cred 177,PC01
1100,C2CB177,2026,2,400000,F2,2026-06-21,2026-06-21,MYR,1.0,-2837.50,SST-S,CC177,MYC0000177,Cred 177,PC01
1100,C2CB177,2026,3,230000,F2,2026-06-21,2026-06-21,MYR,1.0,-227.00,SST-S,CC177,MYC0000177,Cred 177,PC01
1100,C2CB178,2026,1,140000,F2,2026-06-22,2026-06-22,MYR,1.0,3078.00,SST-S,CC178,MYC0000178,Cred 178,PC01
1100,C2CB178,2026,2,400000,F2,2026-06-22,2026-06-22,MYR,1.0,-2850.00,SST-S,CC178,MYC0000178,Cred 178,PC01
1100,C2CB178,2026,3,230000,F2,2026-06-22,2026-06-22,MYR,1.0,-228.00,SST-S,CC178,MYC0000178,Cred 178,PC01
1100,C2CB179,2026,1,140000,F2,2026-06-23,2026-06-23,MYR,1.0,3091.50,SST-S,CC179,MYC0000179,Cred 179,PC01
1100,C2CB179,2026,2,400000,F2,2026-06-23,2026-06-23,MYR,1.0,-2862.50,SST-S,CC179,MYC0000179,Cred 179,PC01
1100,C2CB179,2026,3,230000,F2,2026-06-23,2026-06-23,MYR,1.0,-229.00,SST-S,CC179,MYC0000179,Cred 179,PC01
1100,C2CB180,2026,1,140000,F2,2026-06-24,2026-06-24,MYR,1.0,3105.00,SST-S,CC180,MYC0000180,Cred 180,PC01
1100,C2CB180,2026,2,400000,F2,2026-06-24,2026-06-24,MYR,1.0,-2875.00,SST-S,CC180,MYC0000180,Cred 180,PC01
1100,C2CB180,2026,3,230000,F2,2026-06-24,2026-06-24,MYR,1.0,-230.00,SST-S,CC180,MYC0000180,Cred 180,PC01
1100,C2CB181,2026,1,140000,F2,2026-06-25,2026-06-25,MYR,1.0,3118.50,SST-S,CC181,MYC0000181,Cred 181,PC01
1100,C2CB181,2026,2,400000,F2,2026-06-25,2026-06-25,MYR,1.0,-2887.50,SST-S,CC181,MYC0000181,Cred 181,PC01
1100,C2CB181,2026,3,230000,F2,2026-06-25,2026-06-25,MYR,1.0,-231.00,SST-S,CC181,MYC0000181,Cred 181,PC01
1100,C2CB182,2026,1,140000,F2,2026-06-26,2026-06-26,MYR,1.0,3132.00,SST-S,CC182,MYC0000182,Cred 182,PC01
1100,C2CB182,2026,2,400000,F2,2026-06-26,2026-06-26,MYR,1.0,-2900.00,SST-S,CC182,MYC0000182,Cred 182,PC01
1100,C2CB182,2026,3,230000,F2,2026-06-26,2026-06-26,MYR,1.0,-232.00,SST-S,CC182,MYC0000182,Cred 182,PC01
1100,C2CB183,2026,1,140000,F2,2026-06-27,2026-06-27,MYR,1.0,3145.50,SST-S,CC183,MYC0000183,Cred 183,PC01
1100,C2CB183,2026,2,400000,F2,2026-06-27,2026-06-27,MYR,1.0,-2912.50,SST-S,CC183,MYC0000183,Cred 183,PC01
1100,C2CB183,2026,3,230000,F2,2026-06-27,2026-06-27,MYR,1.0,-233.00,SST-S,CC183,MYC0000183,Cred 183,PC01
1100,C2CB184,2026,1,140000,F2,2026-06-20,2026-06-20,MYR,1.0,3159.00,SST-S,CC184,MYC0000184,Cred 184,PC01
1100,C2CB184,2026,2,400000,F2,2026-06-20,2026-06-20,MYR,1.0,-2925.00,SST-S,CC184,MYC0000184,Cred 184,PC01
1100,C2CB184,2026,3,230000,F2,2026-06-20,2026-06-20,MYR,1.0,-234.00,SST-S,CC184,MYC0000184,Cred 184,PC01
1100,C2CB185,2026,1,140000,F2,2026-06-21,2026-06-21,MYR,1.0,3172.50,SST-S,CC185,MYC0000185,Cred 185,PC01
1100,C2CB185,2026,2,400000,F2,2026-06-21,2026-06-21,MYR,1.0,-2937.50,SST-S,CC185,MYC0000185,Cred 185,PC01
1100,C2CB185,2026,3,230000,F2,2026-06-21,2026-06-21,MYR,1.0,-235.00,SST-S,CC185,MYC0000185,Cred 185,PC01
1100,C2CB186,2026,1,140000,F2,2026-06-22,2026-06-22,MYR,1.0,3186.00,SST-S,CC186,MYC0000186,Cred 186,PC01
1100,C2CB186,2026,2,400000,F2,2026-06-22,2026-06-22,MYR,1.0,-2950.00,SST-S,CC186,MYC0000186,Cred 186,PC01
1100,C2CB186,2026,3,230000,F2,2026-06-22,2026-06-22,MYR,1.0,-236.00,SST-S,CC186,MYC0000186,Cred 186,PC01
1100,C2CB187,2026,1,140000,F2,2026-06-23,2026-06-23,MYR,1.0,3199.50,SST-S,CC187,MYC0000187,Cred 187,PC01
1100,C2CB187,2026,2,400000,F2,2026-06-23,2026-06-23,MYR,1.0,-2962.50,SST-S,CC187,MYC0000187,Cred 187,PC01
1100,C2CB187,2026,3,230000,F2,2026-06-23,2026-06-23,MYR,1.0,-237.00,SST-S,CC187,MYC0000187,Cred 187,PC01
1100,C2CB188,2026,1,140000,F2,2026-06-24,2026-06-24,MYR,1.0,3213.00,SST-S,CC188,MYC0000188,Cred 188,PC01
1100,C2CB188,2026,2,400000,F2,2026-06-24,2026-06-24,MYR,1.0,-2975.00,SST-S,CC188,MYC0000188,Cred 188,PC01
1100,C2CB188,2026,3,230000,F2,2026-06-24,2026-06-24,MYR,1.0,-238.00,SST-S,CC188,MYC0000188,Cred 188,PC01
1100,C2CB189,2026,1,140000,F2,2026-06-25,2026-06-25,MYR,1.0,3226.50,SST-S,CC189,MYC0000189,Cred 189,PC01
1100,C2CB189,2026,2,400000,F2,2026-06-25,2026-06-25,MYR,1.0,-2987.50,SST-S,CC189,MYC0000189,Cred 189,PC01
1100,C2CB189,2026,3,230000,F2,2026-06-25,2026-06-25,MYR,1.0,-239.00,SST-S,CC189,MYC0000189,Cred 189,PC01
1100,C2CB190,2026,1,140000,F2,2026-06-26,2026-06-26,MYR,1.0,3240.00,SST-S,CC190,MYC0000190,Cred 190,PC01
1100,C2CB190,2026,2,400000,F2,2026-06-26,2026-06-26,MYR,1.0,-3000.00,SST-S,CC190,MYC0000190,Cred 190,PC01
1100,C2CB190,2026,3,230000,F2,2026-06-26,2026-06-26,MYR,1.0,-240.00,SST-S,CC190,MYC0000190,Cred 190,PC01
1100,C2CB191,2026,1,140000,F2,2026-06-27,2026-06-27,MYR,1.0,3253.50,SST-S,CC191,MYC0000191,Cred 191,PC01
1100,C2CB191,2026,2,400000,F2,2026-06-27,2026-06-27,MYR,1.0,-3012.50,SST-S,CC191,MYC0000191,Cred 191,PC01
1100,C2CB191,2026,3,230000,F2,2026-06-27,2026-06-27,MYR,1.0,-241.00,SST-S,CC191,MYC0000191,Cred 191,PC01
1100,C2CB192,2026,1,140000,F2,2026-06-20,2026-06-20,MYR,1.0,3267.00,SST-S,CC192,MYC0000192,Cred 192,PC01
1100,C2CB192,2026,2,400000,F2,2026-06-20,2026-06-20,MYR,1.0,-3025.00,SST-S,CC192,MYC0000192,Cred 192,PC01
1100,C2CB192,2026,3,230000,F2,2026-06-20,2026-06-20,MYR,1.0,-242.00,SST-S,CC192,MYC0000192,Cred 192,PC01
1100,C2CB193,2026,1,140000,F2,2026-06-21,2026-06-21,MYR,1.0,3280.50,SST-S,CC193,MYC0000193,Cred 193,PC01
1100,C2CB193,2026,2,400000,F2,2026-06-21,2026-06-21,MYR,1.0,-3037.50,SST-S,CC193,MYC0000193,Cred 193,PC01
1100,C2CB193,2026,3,230000,F2,2026-06-21,2026-06-21,MYR,1.0,-243.00,SST-S,CC193,MYC0000193,Cred 193,PC01
1100,C2CB194,2026,1,140000,F2,2026-06-22,2026-06-22,MYR,1.0,3294.00,SST-S,CC194,MYC0000194,Cred 194,PC01
1100,C2CB194,2026,2,400000,F2,2026-06-22,2026-06-22,MYR,1.0,-3050.00,SST-S,CC194,MYC0000194,Cred 194,PC01
1100,C2CB194,2026,3,230000,F2,2026-06-22,2026-06-22,MYR,1.0,-244.00,SST-S,CC194,MYC0000194,Cred 194,PC01
1100,C2CB195,2026,1,140000,F2,2026-06-23,2026-06-23,MYR,1.0,3307.50,SST-S,CC195,MYC0000195,Cred 195,PC01
1100,C2CB195,2026,2,400000,F2,2026-06-23,2026-06-23,MYR,1.0,-3062.50,SST-S,CC195,MYC0000195,Cred 195,PC01
1100,C2CB195,2026,3,230000,F2,2026-06-23,2026-06-23,MYR,1.0,-245.00,SST-S,CC195,MYC0000195,Cred 195,PC01
1100,C2CB196,2026,1,140000,F2,2026-06-24,2026-06-24,MYR,1.0,3321.00,SST-S,CC196,MYC0000196,Cred 196,PC01
1100,C2CB196,2026,2,400000,F2,2026-06-24,2026-06-24,MYR,1.0,-3075.00,SST-S,CC196,MYC0000196,Cred 196,PC01
1100,C2CB196,2026,3,230000,F2,2026-06-24,2026-06-24,MYR,1.0,-246.00,SST-S,CC196,MYC0000196,Cred 196,PC01
1100,C2CB197,2026,1,140000,F2,2026-06-25,2026-06-25,MYR,1.0,3334.50,SST-S,CC197,MYC0000197,Cred 197,PC01
1100,C2CB197,2026,2,400000,F2,2026-06-25,2026-06-25,MYR,1.0,-3087.50,SST-S,CC197,MYC0000197,Cred 197,PC01
1100,C2CB197,2026,3,230000,F2,2026-06-25,2026-06-25,MYR,1.0,-247.00,SST-S,CC197,MYC0000197,Cred 197,PC01
1100,C2CB198,2026,1,140000,F2,2026-06-26,2026-06-26,MYR,1.0,3348.00,SST-S,CC198,MYC0000198,Cred 198,PC01
1100,C2CB198,2026,2,400000,F2,2026-06-26,2026-06-26,MYR,1.0,-3100.00,SST-S,CC198,MYC0000198,Cred 198,PC01
1100,C2CB198,2026,3,230000,F2,2026-06-26,2026-06-26,MYR,1.0,-248.00,SST-S,CC198,MYC0000198,Cred 198,PC01
1100,C2CB199,2026,1,140000,F2,2026-06-27,2026-06-27,MYR,1.0,3361.50,SST-S,CC199,MYC0000199,Cred 199,PC01
1100,C2CB199,2026,2,400000,F2,2026-06-27,2026-06-27,MYR,1.0,-3112.50,SST-S,CC199,MYC0000199,Cred 199,PC01
1100,C2CB199,2026,3,230000,F2,2026-06-27,2026-06-27,MYR,1.0,-249.00,SST-S,CC199,MYC0000199,Cred 199,PC01
1100,C2CB200,2026,1,140000,F2,2026-06-20,2026-06-20,MYR,1.0,675.00,SST-S,CC200,MYC0000200,Cred 200,PC01
1100,C2CB200,2026,2,400000,F2,2026-06-20,2026-06-20,MYR,1.0,-625.00,SST-S,CC200,MYC0000200,Cred 200,PC01
1100,C2CB200,2026,3,230000,F2,2026-06-20,2026-06-20,MYR,1.0,-50.00,SST-S,CC200,MYC0000200,Cred 200,PC01
1100,C2CB201,2026,1,140000,F2,2026-06-21,2026-06-21,MYR,1.0,688.50,SST-S,CC201,MYC0000201,Cred 201,PC01
1100,C2CB201,2026,2,400000,F2,2026-06-21,2026-06-21,MYR,1.0,-637.50,SST-S,CC201,MYC0000201,Cred 201,PC01
1100,C2CB201,2026,3,230000,F2,2026-06-21,2026-06-21,MYR,1.0,-51.00,SST-S,CC201,MYC0000201,Cred 201,PC01
1100,C2CB202,2026,1,140000,F2,2026-06-22,2026-06-22,MYR,1.0,702.00,SST-S,CC202,MYC0000202,Cred 202,PC01
1100,C2CB202,2026,2,400000,F2,2026-06-22,2026-06-22,MYR,1.0,-650.00,SST-S,CC202,MYC0000202,Cred 202,PC01
1100,C2CB202,2026,3,230000,F2,2026-06-22,2026-06-22,MYR,1.0,-52.00,SST-S,CC202,MYC0000202,Cred 202,PC01
1100,C2CB203,2026,1,140000,F2,2026-06-23,2026-06-23,MYR,1.0,715.50,SST-S,CC203,MYC0000203,Cred 203,PC01
1100,C2CB203,2026,2,400000,F2,2026-06-23,2026-06-23,MYR,1.0,-662.50,SST-S,CC203,MYC0000203,Cred 203,PC01
1100,C2CB203,2026,3,230000,F2,2026-06-23,2026-06-23,MYR,1.0,-53.00,SST-S,CC203,MYC0000203,Cred 203,PC01
1100,C2CB204,2026,1,140000,F2,2026-06-24,2026-06-24,MYR,1.0,729.00,SST-S,CC204,MYC0000204,Cred 204,PC01
1100,C2CB204,2026,2,400000,F2,2026-06-24,2026-06-24,MYR,1.0,-675.00,SST-S,CC204,MYC0000204,Cred 204,PC01
1100,C2CB204,2026,3,230000,F2,2026-06-24,2026-06-24,MYR,1.0,-54.00,SST-S,CC204,MYC0000204,Cred 204,PC01
1100,C2CB205,2026,1,140000,F2,2026-06-25,2026-06-25,MYR,1.0,742.50,SST-S,CC205,MYC0000205,Cred 205,PC01
1100,C2CB205,2026,2,400000,F2,2026-06-25,2026-06-25,MYR,1.0,-687.50,SST-S,CC205,MYC0000205,Cred 205,PC01
1100,C2CB205,2026,3,230000,F2,2026-06-25,2026-06-25,MYR,1.0,-55.00,SST-S,CC205,MYC0000205,Cred 205,PC01
1100,C2CB206,2026,1,140000,F2,2026-06-26,2026-06-26,MYR,1.0,756.00,SST-S,CC206,MYC0000206,Cred 206,PC01
1100,C2CB206,2026,2,400000,F2,2026-06-26,2026-06-26,MYR,1.0,-700.00,SST-S,CC206,MYC0000206,Cred 206,PC01
1100,C2CB206,2026,3,230000,F2,2026-06-26,2026-06-26,MYR,1.0,-56.00,SST-S,CC206,MYC0000206,Cred 206,PC01
1100,C2CB207,2026,1,140000,F2,2026-06-27,2026-06-27,MYR,1.0,769.50,SST-S,CC207,MYC0000207,Cred 207,PC01
1100,C2CB207,2026,2,400000,F2,2026-06-27,2026-06-27,MYR,1.0,-712.50,SST-S,CC207,MYC0000207,Cred 207,PC01
1100,C2CB207,2026,3,230000,F2,2026-06-27,2026-06-27,MYR,1.0,-57.00,SST-S,CC207,MYC0000207,Cred 207,PC01
1100,C2CB208,2026,1,140000,F2,2026-06-20,2026-06-20,MYR,1.0,783.00,SST-S,CC208,MYC0000208,Cred 208,PC01
1100,C2CB208,2026,2,400000,F2,2026-06-20,2026-06-20,MYR,1.0,-725.00,SST-S,CC208,MYC0000208,Cred 208,PC01
1100,C2CB208,2026,3,230000,F2,2026-06-20,2026-06-20,MYR,1.0,-58.00,SST-S,CC208,MYC0000208,Cred 208,PC01
1100,C2CB209,2026,1,140000,F2,2026-06-21,2026-06-21,MYR,1.0,796.50,SST-S,CC209,MYC0000209,Cred 209,PC01
1100,C2CB209,2026,2,400000,F2,2026-06-21,2026-06-21,MYR,1.0,-737.50,SST-S,CC209,MYC0000209,Cred 209,PC01
1100,C2CB209,2026,3,230000,F2,2026-06-21,2026-06-21,MYR,1.0,-59.00,SST-S,CC209,MYC0000209,Cred 209,PC01
1100,C2CB210,2026,1,140000,F2,2026-06-22,2026-06-22,MYR,1.0,810.00,SST-S,CC210,MYC0000210,Cred 210,PC01
1100,C2CB210,2026,2,400000,F2,2026-06-22,2026-06-22,MYR,1.0,-750.00,SST-S,CC210,MYC0000210,Cred 210,PC01
1100,C2CB210,2026,3,230000,F2,2026-06-22,2026-06-22,MYR,1.0,-60.00,SST-S,CC210,MYC0000210,Cred 210,PC01
1100,C2CB211,2026,1,140000,F2,2026-06-23,2026-06-23,MYR,1.0,823.50,SST-S,CC211,MYC0000211,Cred 211,PC01
1100,C2CB211,2026,2,400000,F2,2026-06-23,2026-06-23,MYR,1.0,-762.50,SST-S,CC211,MYC0000211,Cred 211,PC01
1100,C2CB211,2026,3,230000,F2,2026-06-23,2026-06-23,MYR,1.0,-61.00,SST-S,CC211,MYC0000211,Cred 211,PC01
1100,C2CB212,2026,1,140000,F2,2026-06-24,2026-06-24,MYR,1.0,837.00,SST-S,CC212,MYC0000212,Cred 212,PC01
1100,C2CB212,2026,2,400000,F2,2026-06-24,2026-06-24,MYR,1.0,-775.00,SST-S,CC212,MYC0000212,Cred 212,PC01
1100,C2CB212,2026,3,230000,F2,2026-06-24,2026-06-24,MYR,1.0,-62.00,SST-S,CC212,MYC0000212,Cred 212,PC01
1100,C2CB213,2026,1,140000,F2,2026-06-25,2026-06-25,MYR,1.0,850.50,SST-S,CC213,MYC0000213,Cred 213,PC01
1100,C2CB213,2026,2,400000,F2,2026-06-25,2026-06-25,MYR,1.0,-787.50,SST-S,CC213,MYC0000213,Cred 213,PC01
1100,C2CB213,2026,3,230000,F2,2026-06-25,2026-06-25,MYR,1.0,-63.00,SST-S,CC213,MYC0000213,Cred 213,PC01
1100,C2CB214,2026,1,140000,F2,2026-06-26,2026-06-26,MYR,1.0,864.00,SST-S,CC214,MYC0000214,Cred 214,PC01
1100,C2CB214,2026,2,400000,F2,2026-06-26,2026-06-26,MYR,1.0,-800.00,SST-S,CC214,MYC0000214,Cred 214,PC01
1100,C2CB214,2026,3,230000,F2,2026-06-26,2026-06-26,MYR,1.0,-64.00,SST-S,CC214,MYC0000214,Cred 214,PC01
1100,C2CB215,2026,1,140000,F2,2026-06-27,2026-06-27,MYR,1.0,877.50,SST-S,CC215,MYC0000215,Cred 215,PC01
1100,C2CB215,2026,2,400000,F2,2026-06-27,2026-06-27,MYR,1.0,-812.50,SST-S,CC215,MYC0000215,Cred 215,PC01
1100,C2CB215,2026,3,230000,F2,2026-06-27,2026-06-27,MYR,1.0,-65.00,SST-S,CC215,MYC0000215,Cred 215,PC01
1100,C2CB216,2026,1,140000,F2,2026-06-20,2026-06-20,MYR,1.0,891.00,SST-S,CC216,MYC0000216,Cred 216,PC01
1100,C2CB216,2026,2,400000,F2,2026-06-20,2026-06-20,MYR,1.0,-825.00,SST-S,CC216,MYC0000216,Cred 216,PC01
1100,C2CB216,2026,3,230000,F2,2026-06-20,2026-06-20,MYR,1.0,-66.00,SST-S,CC216,MYC0000216,Cred 216,PC01
1100,C2CB217,2026,1,140000,F2,2026-06-21,2026-06-21,MYR,1.0,904.50,SST-S,CC217,MYC0000217,Cred 217,PC01
1100,C2CB217,2026,2,400000,F2,2026-06-21,2026-06-21,MYR,1.0,-837.50,SST-S,CC217,MYC0000217,Cred 217,PC01
1100,C2CB217,2026,3,230000,F2,2026-06-21,2026-06-21,MYR,1.0,-67.00,SST-S,CC217,MYC0000217,Cred 217,PC01
1100,C2CB218,2026,1,140000,F2,2026-06-22,2026-06-22,MYR,1.0,918.00,SST-S,CC218,MYC0000218,Cred 218,PC01
1100,C2CB218,2026,2,400000,F2,2026-06-22,2026-06-22,MYR,1.0,-850.00,SST-S,CC218,MYC0000218,Cred 218,PC01
1100,C2CB218,2026,3,230000,F2,2026-06-22,2026-06-22,MYR,1.0,-68.00,SST-S,CC218,MYC0000218,Cred 218,PC01
1100,C2CB219,2026,1,140000,F2,2026-06-23,2026-06-23,MYR,1.0,931.50,SST-S,CC219,MYC0000219,Cred 219,PC01
1100,C2CB219,2026,2,400000,F2,2026-06-23,2026-06-23,MYR,1.0,-862.50,SST-S,CC219,MYC0000219,Cred 219,PC01
1100,C2CB219,2026,3,230000,F2,2026-06-23,2026-06-23,MYR,1.0,-69.00,SST-S,CC219,MYC0000219,Cred 219,PC01
1100,C2CB220,2026,1,140000,F2,2026-06-24,2026-06-24,MYR,1.0,945.00,SST-S,CC220,MYC0000220,Cred 220,PC01
1100,C2CB220,2026,2,400000,F2,2026-06-24,2026-06-24,MYR,1.0,-875.00,SST-S,CC220,MYC0000220,Cred 220,PC01
1100,C2CB220,2026,3,230000,F2,2026-06-24,2026-06-24,MYR,1.0,-70.00,SST-S,CC220,MYC0000220,Cred 220,PC01
1100,C2CB221,2026,1,140000,F2,2026-06-25,2026-06-25,MYR,1.0,958.50,SST-S,CC221,MYC0000221,Cred 221,PC01
1100,C2CB221,2026,2,400000,F2,2026-06-25,2026-06-25,MYR,1.0,-887.50,SST-S,CC221,MYC0000221,Cred 221,PC01
1100,C2CB221,2026,3,230000,F2,2026-06-25,2026-06-25,MYR,1.0,-71.00,SST-S,CC221,MYC0000221,Cred 221,PC01
1100,C2CB222,2026,1,140000,F2,2026-06-26,2026-06-26,MYR,1.0,972.00,SST-S,CC222,MYC0000222,Cred 222,PC01
1100,C2CB222,2026,2,400000,F2,2026-06-26,2026-06-26,MYR,1.0,-900.00,SST-S,CC222,MYC0000222,Cred 222,PC01
1100,C2CB222,2026,3,230000,F2,2026-06-26,2026-06-26,MYR,1.0,-72.00,SST-S,CC222,MYC0000222,Cred 222,PC01
1100,C2CB223,2026,1,140000,F2,2026-06-27,2026-06-27,MYR,1.0,985.50,SST-S,CC223,MYC0000223,Cred 223,PC01
1100,C2CB223,2026,2,400000,F2,2026-06-27,2026-06-27,MYR,1.0,-912.50,SST-S,CC223,MYC0000223,Cred 223,PC01
1100,C2CB223,2026,3,230000,F2,2026-06-27,2026-06-27,MYR,1.0,-73.00,SST-S,CC223,MYC0000223,Cred 223,PC01
1100,C2CB224,2026,1,140000,F2,2026-06-20,2026-06-20,MYR,1.0,999.00,SST-S,CC224,MYC0000224,Cred 224,PC01
1100,C2CB224,2026,2,400000,F2,2026-06-20,2026-06-20,MYR,1.0,-925.00,SST-S,CC224,MYC0000224,Cred 224,PC01
1100,C2CB224,2026,3,230000,F2,2026-06-20,2026-06-20,MYR,1.0,-74.00,SST-S,CC224,MYC0000224,Cred 224,PC01
1100,C2CB225,2026,1,140000,F2,2026-06-21,2026-06-21,MYR,1.0,1012.50,SST-S,CC225,MYC0000225,Cred 225,PC01
1100,C2CB225,2026,2,400000,F2,2026-06-21,2026-06-21,MYR,1.0,-937.50,SST-S,CC225,MYC0000225,Cred 225,PC01
1100,C2CB225,2026,3,230000,F2,2026-06-21,2026-06-21,MYR,1.0,-75.00,SST-S,CC225,MYC0000225,Cred 225,PC01
1100,C2CB226,2026,1,140000,F2,2026-06-22,2026-06-22,MYR,1.0,1026.00,SST-S,CC226,MYC0000226,Cred 226,PC01
1100,C2CB226,2026,2,400000,F2,2026-06-22,2026-06-22,MYR,1.0,-950.00,SST-S,CC226,MYC0000226,Cred 226,PC01
1100,C2CB226,2026,3,230000,F2,2026-06-22,2026-06-22,MYR,1.0,-76.00,SST-S,CC226,MYC0000226,Cred 226,PC01
1100,C2CB227,2026,1,140000,F2,2026-06-23,2026-06-23,MYR,1.0,1039.50,SST-S,CC227,MYC0000227,Cred 227,PC01
1100,C2CB227,2026,2,400000,F2,2026-06-23,2026-06-23,MYR,1.0,-962.50,SST-S,CC227,MYC0000227,Cred 227,PC01
1100,C2CB227,2026,3,230000,F2,2026-06-23,2026-06-23,MYR,1.0,-77.00,SST-S,CC227,MYC0000227,Cred 227,PC01
1100,C2CB228,2026,1,140000,F2,2026-06-24,2026-06-24,MYR,1.0,1053.00,SST-S,CC228,MYC0000228,Cred 228,PC01
1100,C2CB228,2026,2,400000,F2,2026-06-24,2026-06-24,MYR,1.0,-975.00,SST-S,CC228,MYC0000228,Cred 228,PC01
1100,C2CB228,2026,3,230000,F2,2026-06-24,2026-06-24,MYR,1.0,-78.00,SST-S,CC228,MYC0000228,Cred 228,PC01
1100,C2CB229,2026,1,140000,F2,2026-06-25,2026-06-25,MYR,1.0,1066.50,SST-S,CC229,MYC0000229,Cred 229,PC01
1100,C2CB229,2026,2,400000,F2,2026-06-25,2026-06-25,MYR,1.0,-987.50,SST-S,CC229,MYC0000229,Cred 229,PC01
1100,C2CB229,2026,3,230000,F2,2026-06-25,2026-06-25,MYR,1.0,-79.00,SST-S,CC229,MYC0000229,Cred 229,PC01
1100,C2CB230,2026,1,140000,F2,2026-06-26,2026-06-26,MYR,1.0,1080.00,SST-S,CC230,MYC0000230,Cred 230,PC01
1100,C2CB230,2026,2,400000,F2,2026-06-26,2026-06-26,MYR,1.0,-1000.00,SST-S,CC230,MYC0000230,Cred 230,PC01
1100,C2CB230,2026,3,230000,F2,2026-06-26,2026-06-26,MYR,1.0,-80.00,SST-S,CC230,MYC0000230,Cred 230,PC01
1100,C2CB231,2026,1,140000,F2,2026-06-27,2026-06-27,MYR,1.0,1093.50,SST-S,CC231,MYC0000231,Cred 231,PC01
1100,C2CB231,2026,2,400000,F2,2026-06-27,2026-06-27,MYR,1.0,-1012.50,SST-S,CC231,MYC0000231,Cred 231,PC01
1100,C2CB231,2026,3,230000,F2,2026-06-27,2026-06-27,MYR,1.0,-81.00,SST-S,CC231,MYC0000231,Cred 231,PC01
1100,C2CB232,2026,1,140000,F2,2026-06-20,2026-06-20,MYR,1.0,1107.00,SST-S,CC232,MYC0000232,Cred 232,PC01
1100,C2CB232,2026,2,400000,F2,2026-06-20,2026-06-20,MYR,1.0,-1025.00,SST-S,CC232,MYC0000232,Cred 232,PC01
1100,C2CB232,2026,3,230000,F2,2026-06-20,2026-06-20,MYR,1.0,-82.00,SST-S,CC232,MYC0000232,Cred 232,PC01
1100,C2CB233,2026,1,140000,F2,2026-06-21,2026-06-21,MYR,1.0,1120.50,SST-S,CC233,MYC0000233,Cred 233,PC01
1100,C2CB233,2026,2,400000,F2,2026-06-21,2026-06-21,MYR,1.0,-1037.50,SST-S,CC233,MYC0000233,Cred 233,PC01
1100,C2CB233,2026,3,230000,F2,2026-06-21,2026-06-21,MYR,1.0,-83.00,SST-S,CC233,MYC0000233,Cred 233,PC01
1100,C2CB234,2026,1,140000,F2,2026-06-22,2026-06-22,MYR,1.0,1134.00,SST-S,CC234,MYC0000234,Cred 234,PC01
1100,C2CB234,2026,2,400000,F2,2026-06-22,2026-06-22,MYR,1.0,-1050.00,SST-S,CC234,MYC0000234,Cred 234,PC01
1100,C2CB234,2026,3,230000,F2,2026-06-22,2026-06-22,MYR,1.0,-84.00,SST-S,CC234,MYC0000234,Cred 234,PC01
1100,C2CB235,2026,1,140000,F2,2026-06-23,2026-06-23,MYR,1.0,1147.50,SST-S,CC235,MYC0000235,Cred 235,PC01
1100,C2CB235,2026,2,400000,F2,2026-06-23,2026-06-23,MYR,1.0,-1062.50,SST-S,CC235,MYC0000235,Cred 235,PC01
1100,C2CB235,2026,3,230000,F2,2026-06-23,2026-06-23,MYR,1.0,-85.00,SST-S,CC235,MYC0000235,Cred 235,PC01
1100,C2CB236,2026,1,140000,F2,2026-06-24,2026-06-24,MYR,1.0,1161.00,SST-S,CC236,MYC0000236,Cred 236,PC01
1100,C2CB236,2026,2,400000,F2,2026-06-24,2026-06-24,MYR,1.0,-1075.00,SST-S,CC236,MYC0000236,Cred 236,PC01
1100,C2CB236,2026,3,230000,F2,2026-06-24,2026-06-24,MYR,1.0,-86.00,SST-S,CC236,MYC0000236,Cred 236,PC01
1100,C2CB237,2026,1,140000,F2,2026-06-25,2026-06-25,MYR,1.0,1174.50,SST-S,CC237,MYC0000237,Cred 237,PC01
1100,C2CB237,2026,2,400000,F2,2026-06-25,2026-06-25,MYR,1.0,-1087.50,SST-S,CC237,MYC0000237,Cred 237,PC01
1100,C2CB237,2026,3,230000,F2,2026-06-25,2026-06-25,MYR,1.0,-87.00,SST-S,CC237,MYC0000237,Cred 237,PC01
1100,C2CB238,2026,1,140000,F2,2026-06-26,2026-06-26,MYR,1.0,1188.00,SST-S,CC238,MYC0000238,Cred 238,PC01
1100,C2CB238,2026,2,400000,F2,2026-06-26,2026-06-26,MYR,1.0,-1100.00,SST-S,CC238,MYC0000238,Cred 238,PC01
1100,C2CB238,2026,3,230000,F2,2026-06-26,2026-06-26,MYR,1.0,-88.00,SST-S,CC238,MYC0000238,Cred 238,PC01
1100,C2CB239,2026,1,140000,F2,2026-06-27,2026-06-27,MYR,1.0,1201.50,SST-S,CC239,MYC0000239,Cred 239,PC01
1100,C2CB239,2026,2,400000,F2,2026-06-27,2026-06-27,MYR,1.0,-1112.50,SST-S,CC239,MYC0000239,Cred 239,PC01
1100,C2CB239,2026,3,230000,F2,2026-06-27,2026-06-27,MYR,1.0,-89.00,SST-S,CC239,MYC0000239,Cred 239,PC01
1100,C2CB240,2026,1,140000,F2,2026-06-20,2026-06-20,MYR,1.0,1215.00,SST-S,CC240,MYC0000240,Cred 240,PC01
1100,C2CB240,2026,2,400000,F2,2026-06-20,2026-06-20,MYR,1.0,-1125.00,SST-S,CC240,MYC0000240,Cred 240,PC01
1100,C2CB240,2026,3,230000,F2,2026-06-20,2026-06-20,MYR,1.0,-90.00,SST-S,CC240,MYC0000240,Cred 240,PC01
1100,C2CB241,2026,1,140000,F2,2026-06-21,2026-06-21,MYR,1.0,1228.50,SST-S,CC241,MYC0000241,Cred 241,PC01
1100,C2CB241,2026,2,400000,F2,2026-06-21,2026-06-21,MYR,1.0,-1137.50,SST-S,CC241,MYC0000241,Cred 241,PC01
1100,C2CB241,2026,3,230000,F2,2026-06-21,2026-06-21,MYR,1.0,-91.00,SST-S,CC241,MYC0000241,Cred 241,PC01
1100,C2CB242,2026,1,140000,F2,2026-06-22,2026-06-22,MYR,1.0,1242.00,SST-S,CC242,MYC0000242,Cred 242,PC01
1100,C2CB242,2026,2,400000,F2,2026-06-22,2026-06-22,MYR,1.0,-1150.00,SST-S,CC242,MYC0000242,Cred 242,PC01
1100,C2CB242,2026,3,230000,F2,2026-06-22,2026-06-22,MYR,1.0,-92.00,SST-S,CC242,MYC0000242,Cred 242,PC01
1100,C2CB243,2026,1,140000,F2,2026-06-23,2026-06-23,MYR,1.0,1255.50,SST-S,CC243,MYC0000243,Cred 243,PC01
1100,C2CB243,2026,2,400000,F2,2026-06-23,2026-06-23,MYR,1.0,-1162.50,SST-S,CC243,MYC0000243,Cred 243,PC01
1100,C2CB243,2026,3,230000,F2,2026-06-23,2026-06-23,MYR,1.0,-93.00,SST-S,CC243,MYC0000243,Cred 243,PC01
1100,C2CB244,2026,1,140000,F2,2026-06-24,2026-06-24,MYR,1.0,1269.00,SST-S,CC244,MYC0000244,Cred 244,PC01
1100,C2CB244,2026,2,400000,F2,2026-06-24,2026-06-24,MYR,1.0,-1175.00,SST-S,CC244,MYC0000244,Cred 244,PC01
1100,C2CB244,2026,3,230000,F2,2026-06-24,2026-06-24,MYR,1.0,-94.00,SST-S,CC244,MYC0000244,Cred 244,PC01
1100,C2CB245,2026,1,140000,F2,2026-06-25,2026-06-25,MYR,1.0,1282.50,SST-S,CC245,MYC0000245,Cred 245,PC01
1100,C2CB245,2026,2,400000,F2,2026-06-25,2026-06-25,MYR,1.0,-1187.50,SST-S,CC245,MYC0000245,Cred 245,PC01
1100,C2CB245,2026,3,230000,F2,2026-06-25,2026-06-25,MYR,1.0,-95.00,SST-S,CC245,MYC0000245,Cred 245,PC01
1100,C2CB246,2026,1,140000,F2,2026-06-26,2026-06-26,MYR,1.0,1296.00,SST-S,CC246,MYC0000246,Cred 246,PC01
1100,C2CB246,2026,2,400000,F2,2026-06-26,2026-06-26,MYR,1.0,-1200.00,SST-S,CC246,MYC0000246,Cred 246,PC01
1100,C2CB246,2026,3,230000,F2,2026-06-26,2026-06-26,MYR,1.0,-96.00,SST-S,CC246,MYC0000246,Cred 246,PC01
1100,C2CB247,2026,1,140000,F2,2026-06-27,2026-06-27,MYR,1.0,1309.50,SST-S,CC247,MYC0000247,Cred 247,PC01
1100,C2CB247,2026,2,400000,F2,2026-06-27,2026-06-27,MYR,1.0,-1212.50,SST-S,CC247,MYC0000247,Cred 247,PC01
1100,C2CB247,2026,3,230000,F2,2026-06-27,2026-06-27,MYR,1.0,-97.00,SST-S,CC247,MYC0000247,Cred 247,PC01
1100,C2CB248,2026,1,140000,F2,2026-06-20,2026-06-20,MYR,1.0,1323.00,SST-S,CC248,MYC0000248,Cred 248,PC01
1100,C2CB248,2026,2,400000,F2,2026-06-20,2026-06-20,MYR,1.0,-1225.00,SST-S,CC248,MYC0000248,Cred 248,PC01
1100,C2CB248,2026,3,230000,F2,2026-06-20,2026-06-20,MYR,1.0,-98.00,SST-S,CC248,MYC0000248,Cred 248,PC01
1100,C2CB249,2026,1,140000,F2,2026-06-21,2026-06-21,MYR,1.0,1336.50,SST-S,CC249,MYC0000249,Cred 249,PC01
1100,C2CB249,2026,2,400000,F2,2026-06-21,2026-06-21,MYR,1.0,-1237.50,SST-S,CC249,MYC0000249,Cred 249,PC01
1100,C2CB249,2026,3,230000,F2,2026-06-21,2026-06-21,MYR,1.0,-99.00,SST-S,CC249,MYC0000249,Cred 249,PC01
1100,C2CB250,2026,1,140000,F2,2026-06-22,2026-06-22,MYR,1.0,1350.00,SST-S,CC250,MYC0000250,Cred 250,PC01
1100,C2CB250,2026,2,400000,F2,2026-06-22,2026-06-22,MYR,1.0,-1250.00,SST-S,CC250,MYC0000250,Cred 250,PC01
1100,C2CB250,2026,3,230000,F2,2026-06-22,2026-06-22,MYR,1.0,-100.00,SST-S,CC250,MYC0000250,Cred 250,PC01
1100,C2CB251,2026,1,140000,F2,2026-06-23,2026-06-23,MYR,1.0,1363.50,SST-S,CC251,MYC0000251,Cred 251,PC01
1100,C2CB251,2026,2,400000,F2,2026-06-23,2026-06-23,MYR,1.0,-1262.50,SST-S,CC251,MYC0000251,Cred 251,PC01
1100,C2CB251,2026,3,230000,F2,2026-06-23,2026-06-23,MYR,1.0,-101.00,SST-S,CC251,MYC0000251,Cred 251,PC01
1100,C2CB252,2026,1,140000,F2,2026-06-24,2026-06-24,MYR,1.0,1377.00,SST-S,CC252,MYC0000252,Cred 252,PC01
1100,C2CB252,2026,2,400000,F2,2026-06-24,2026-06-24,MYR,1.0,-1275.00,SST-S,CC252,MYC0000252,Cred 252,PC01
1100,C2CB252,2026,3,230000,F2,2026-06-24,2026-06-24,MYR,1.0,-102.00,SST-S,CC252,MYC0000252,Cred 252,PC01
1100,C2CB253,2026,1,140000,F2,2026-06-25,2026-06-25,MYR,1.0,1390.50,SST-S,CC253,MYC0000253,Cred 253,PC01
1100,C2CB253,2026,2,400000,F2,2026-06-25,2026-06-25,MYR,1.0,-1287.50,SST-S,CC253,MYC0000253,Cred 253,PC01
1100,C2CB253,2026,3,230000,F2,2026-06-25,2026-06-25,MYR,1.0,-103.00,SST-S,CC253,MYC0000253,Cred 253,PC01
1100,C2CB254,2026,1,140000,F2,2026-06-26,2026-06-26,MYR,1.0,1404.00,SST-S,CC254,MYC0000254,Cred 254,PC01
1100,C2CB254,2026,2,400000,F2,2026-06-26,2026-06-26,MYR,1.0,-1300.00,SST-S,CC254,MYC0000254,Cred 254,PC01
1100,C2CB254,2026,3,230000,F2,2026-06-26,2026-06-26,MYR,1.0,-104.00,SST-S,CC254,MYC0000254,Cred 254,PC01
1100,C2CB255,2026,1,140000,F2,2026-06-27,2026-06-27,MYR,1.0,1417.50,SST-S,CC255,MYC0000255,Cred 255,PC01
1100,C2CB255,2026,2,400000,F2,2026-06-27,2026-06-27,MYR,1.0,-1312.50,SST-S,CC255,MYC0000255,Cred 255,PC01
1100,C2CB255,2026,3,230000,F2,2026-06-27,2026-06-27,MYR,1.0,-105.00,SST-S,CC255,MYC0000255,Cred 255,PC01
1100,C2CB256,2026,1,140000,F2,2026-06-20,2026-06-20,MYR,1.0,1431.00,SST-S,CC256,MYC0000256,Cred 256,PC01
1100,C2CB256,2026,2,400000,F2,2026-06-20,2026-06-20,MYR,1.0,-1325.00,SST-S,CC256,MYC0000256,Cred 256,PC01
1100,C2CB256,2026,3,230000,F2,2026-06-20,2026-06-20,MYR,1.0,-106.00,SST-S,CC256,MYC0000256,Cred 256,PC01
1100,C2CB257,2026,1,140000,F2,2026-06-21,2026-06-21,MYR,1.0,1444.50,SST-S,CC257,MYC0000257,Cred 257,PC01
1100,C2CB257,2026,2,400000,F2,2026-06-21,2026-06-21,MYR,1.0,-1337.50,SST-S,CC257,MYC0000257,Cred 257,PC01
1100,C2CB257,2026,3,230000,F2,2026-06-21,2026-06-21,MYR,1.0,-107.00,SST-S,CC257,MYC0000257,Cred 257,PC01
1100,C2CB258,2026,1,140000,F2,2026-06-22,2026-06-22,MYR,1.0,1458.00,SST-S,CC258,MYC0000258,Cred 258,PC01
1100,C2CB258,2026,2,400000,F2,2026-06-22,2026-06-22,MYR,1.0,-1350.00,SST-S,CC258,MYC0000258,Cred 258,PC01
1100,C2CB258,2026,3,230000,F2,2026-06-22,2026-06-22,MYR,1.0,-108.00,SST-S,CC258,MYC0000258,Cred 258,PC01
1100,C2CB259,2026,1,140000,F2,2026-06-23,2026-06-23,MYR,1.0,1471.50,SST-S,CC259,MYC0000259,Cred 259,PC01
1100,C2CB259,2026,2,400000,F2,2026-06-23,2026-06-23,MYR,1.0,-1362.50,SST-S,CC259,MYC0000259,Cred 259,PC01
1100,C2CB259,2026,3,230000,F2,2026-06-23,2026-06-23,MYR,1.0,-109.00,SST-S,CC259,MYC0000259,Cred 259,PC01
1100,C2CB260,2026,1,140000,F2,2026-06-24,2026-06-24,MYR,1.0,1485.00,SST-S,CC260,MYC0000260,Cred 260,PC01
1100,C2CB260,2026,2,400000,F2,2026-06-24,2026-06-24,MYR,1.0,-1375.00,SST-S,CC260,MYC0000260,Cred 260,PC01
1100,C2CB260,2026,3,230000,F2,2026-06-24,2026-06-24,MYR,1.0,-110.00,SST-S,CC260,MYC0000260,Cred 260,PC01
1100,C2CB261,2026,1,140000,F2,2026-06-25,2026-06-25,MYR,1.0,1498.50,SST-S,CC261,MYC0000261,Cred 261,PC01
1100,C2CB261,2026,2,400000,F2,2026-06-25,2026-06-25,MYR,1.0,-1387.50,SST-S,CC261,MYC0000261,Cred 261,PC01
1100,C2CB261,2026,3,230000,F2,2026-06-25,2026-06-25,MYR,1.0,-111.00,SST-S,CC261,MYC0000261,Cred 261,PC01
1100,C2CB262,2026,1,140000,F2,2026-06-26,2026-06-26,MYR,1.0,1512.00,SST-S,CC262,MYC0000262,Cred 262,PC01
1100,C2CB262,2026,2,400000,F2,2026-06-26,2026-06-26,MYR,1.0,-1400.00,SST-S,CC262,MYC0000262,Cred 262,PC01
1100,C2CB262,2026,3,230000,F2,2026-06-26,2026-06-26,MYR,1.0,-112.00,SST-S,CC262,MYC0000262,Cred 262,PC01
1100,C2CB263,2026,1,140000,F2,2026-06-27,2026-06-27,MYR,1.0,1525.50,SST-S,CC263,MYC0000263,Cred 263,PC01
1100,C2CB263,2026,2,400000,F2,2026-06-27,2026-06-27,MYR,1.0,-1412.50,SST-S,CC263,MYC0000263,Cred 263,PC01
1100,C2CB263,2026,3,230000,F2,2026-06-27,2026-06-27,MYR,1.0,-113.00,SST-S,CC263,MYC0000263,Cred 263,PC01
1100,C2CB264,2026,1,140000,F2,2026-06-20,2026-06-20,MYR,1.0,1539.00,SST-S,CC264,MYC0000264,Cred 264,PC01
1100,C2CB264,2026,2,400000,F2,2026-06-20,2026-06-20,MYR,1.0,-1425.00,SST-S,CC264,MYC0000264,Cred 264,PC01
1100,C2CB264,2026,3,230000,F2,2026-06-20,2026-06-20,MYR,1.0,-114.00,SST-S,CC264,MYC0000264,Cred 264,PC01
1100,C2CB265,2026,1,140000,F2,2026-06-21,2026-06-21,MYR,1.0,1552.50,SST-S,CC265,MYC0000265,Cred 265,PC01
1100,C2CB265,2026,2,400000,F2,2026-06-21,2026-06-21,MYR,1.0,-1437.50,SST-S,CC265,MYC0000265,Cred 265,PC01
1100,C2CB265,2026,3,230000,F2,2026-06-21,2026-06-21,MYR,1.0,-115.00,SST-S,CC265,MYC0000265,Cred 265,PC01
1100,C2CB266,2026,1,140000,F2,2026-06-22,2026-06-22,MYR,1.0,1566.00,SST-S,CC266,MYC0000266,Cred 266,PC01
1100,C2CB266,2026,2,400000,F2,2026-06-22,2026-06-22,MYR,1.0,-1450.00,SST-S,CC266,MYC0000266,Cred 266,PC01
1100,C2CB266,2026,3,230000,F2,2026-06-22,2026-06-22,MYR,1.0,-116.00,SST-S,CC266,MYC0000266,Cred 266,PC01
1100,C2CB267,2026,1,140000,F2,2026-06-23,2026-06-23,MYR,1.0,1579.50,SST-S,CC267,MYC0000267,Cred 267,PC01
1100,C2CB267,2026,2,400000,F2,2026-06-23,2026-06-23,MYR,1.0,-1462.50,SST-S,CC267,MYC0000267,Cred 267,PC01
1100,C2CB267,2026,3,230000,F2,2026-06-23,2026-06-23,MYR,1.0,-117.00,SST-S,CC267,MYC0000267,Cred 267,PC01
1100,C2CB268,2026,1,140000,F2,2026-06-24,2026-06-24,MYR,1.0,1593.00,SST-S,CC268,MYC0000268,Cred 268,PC01
1100,C2CB268,2026,2,400000,F2,2026-06-24,2026-06-24,MYR,1.0,-1475.00,SST-S,CC268,MYC0000268,Cred 268,PC01
1100,C2CB268,2026,3,230000,F2,2026-06-24,2026-06-24,MYR,1.0,-118.00,SST-S,CC268,MYC0000268,Cred 268,PC01
1100,C2CB269,2026,1,140000,F2,2026-06-25,2026-06-25,MYR,1.0,1606.50,SST-S,CC269,MYC0000269,Cred 269,PC01
1100,C2CB269,2026,2,400000,F2,2026-06-25,2026-06-25,MYR,1.0,-1487.50,SST-S,CC269,MYC0000269,Cred 269,PC01
1100,C2CB269,2026,3,230000,F2,2026-06-25,2026-06-25,MYR,1.0,-119.00,SST-S,CC269,MYC0000269,Cred 269,PC01
1100,C2CB270,2026,1,140000,F2,2026-06-26,2026-06-26,MYR,1.0,1620.00,SST-S,CC270,MYC0000270,Cred 270,PC01
1100,C2CB270,2026,2,400000,F2,2026-06-26,2026-06-26,MYR,1.0,-1500.00,SST-S,CC270,MYC0000270,Cred 270,PC01
1100,C2CB270,2026,3,230000,F2,2026-06-26,2026-06-26,MYR,1.0,-120.00,SST-S,CC270,MYC0000270,Cred 270,PC01
1100,C2CB271,2026,1,140000,F2,2026-06-27,2026-06-27,MYR,1.0,1633.50,SST-S,CC271,MYC0000271,Cred 271,PC01
1100,C2CB271,2026,2,400000,F2,2026-06-27,2026-06-27,MYR,1.0,-1512.50,SST-S,CC271,MYC0000271,Cred 271,PC01
1100,C2CB271,2026,3,230000,F2,2026-06-27,2026-06-27,MYR,1.0,-121.00,SST-S,CC271,MYC0000271,Cred 271,PC01
1100,C2CB272,2026,1,140000,F2,2026-06-20,2026-06-20,MYR,1.0,1647.00,SST-S,CC272,MYC0000272,Cred 272,PC01
1100,C2CB272,2026,2,400000,F2,2026-06-20,2026-06-20,MYR,1.0,-1525.00,SST-S,CC272,MYC0000272,Cred 272,PC01
1100,C2CB272,2026,3,230000,F2,2026-06-20,2026-06-20,MYR,1.0,-122.00,SST-S,CC272,MYC0000272,Cred 272,PC01
1100,C2CB273,2026,1,140000,F2,2026-06-21,2026-06-21,MYR,1.0,1660.50,SST-S,CC273,MYC0000273,Cred 273,PC01
1100,C2CB273,2026,2,400000,F2,2026-06-21,2026-06-21,MYR,1.0,-1537.50,SST-S,CC273,MYC0000273,Cred 273,PC01
1100,C2CB273,2026,3,230000,F2,2026-06-21,2026-06-21,MYR,1.0,-123.00,SST-S,CC273,MYC0000273,Cred 273,PC01
1100,C2CB274,2026,1,140000,F2,2026-06-22,2026-06-22,MYR,1.0,1674.00,SST-S,CC274,MYC0000274,Cred 274,PC01
1100,C2CB274,2026,2,400000,F2,2026-06-22,2026-06-22,MYR,1.0,-1550.00,SST-S,CC274,MYC0000274,Cred 274,PC01
1100,C2CB274,2026,3,230000,F2,2026-06-22,2026-06-22,MYR,1.0,-124.00,SST-S,CC274,MYC0000274,Cred 274,PC01
1100,C2CB275,2026,1,140000,F2,2026-06-23,2026-06-23,MYR,1.0,1687.50,SST-S,CC275,MYC0000275,Cred 275,PC01
1100,C2CB275,2026,2,400000,F2,2026-06-23,2026-06-23,MYR,1.0,-1562.50,SST-S,CC275,MYC0000275,Cred 275,PC01
1100,C2CB275,2026,3,230000,F2,2026-06-23,2026-06-23,MYR,1.0,-125.00,SST-S,CC275,MYC0000275,Cred 275,PC01
1100,C2CB276,2026,1,140000,F2,2026-06-24,2026-06-24,MYR,1.0,1701.00,SST-S,CC276,MYC0000276,Cred 276,PC01
1100,C2CB276,2026,2,400000,F2,2026-06-24,2026-06-24,MYR,1.0,-1575.00,SST-S,CC276,MYC0000276,Cred 276,PC01
1100,C2CB276,2026,3,230000,F2,2026-06-24,2026-06-24,MYR,1.0,-126.00,SST-S,CC276,MYC0000276,Cred 276,PC01
1100,C2CB277,2026,1,140000,F2,2026-06-25,2026-06-25,MYR,1.0,1714.50,SST-S,CC277,MYC0000277,Cred 277,PC01
1100,C2CB277,2026,2,400000,F2,2026-06-25,2026-06-25,MYR,1.0,-1587.50,SST-S,CC277,MYC0000277,Cred 277,PC01
1100,C2CB277,2026,3,230000,F2,2026-06-25,2026-06-25,MYR,1.0,-127.00,SST-S,CC277,MYC0000277,Cred 277,PC01
1100,C2CB278,2026,1,140000,F2,2026-06-26,2026-06-26,MYR,1.0,1728.00,SST-S,CC278,MYC0000278,Cred 278,PC01
1100,C2CB278,2026,2,400000,F2,2026-06-26,2026-06-26,MYR,1.0,-1600.00,SST-S,CC278,MYC0000278,Cred 278,PC01
1100,C2CB278,2026,3,230000,F2,2026-06-26,2026-06-26,MYR,1.0,-128.00,SST-S,CC278,MYC0000278,Cred 278,PC01
1100,C2CB279,2026,1,140000,F2,2026-06-27,2026-06-27,MYR,1.0,1741.50,SST-S,CC279,MYC0000279,Cred 279,PC01
1100,C2CB279,2026,2,400000,F2,2026-06-27,2026-06-27,MYR,1.0,-1612.50,SST-S,CC279,MYC0000279,Cred 279,PC01
1100,C2CB279,2026,3,230000,F2,2026-06-27,2026-06-27,MYR,1.0,-129.00,SST-S,CC279,MYC0000279,Cred 279,PC01
1100,C2CB280,2026,1,140000,F2,2026-06-20,2026-06-20,MYR,1.0,1755.00,SST-S,CC280,MYC0000280,Cred 280,PC01
1100,C2CB280,2026,2,400000,F2,2026-06-20,2026-06-20,MYR,1.0,-1625.00,SST-S,CC280,MYC0000280,Cred 280,PC01
1100,C2CB280,2026,3,230000,F2,2026-06-20,2026-06-20,MYR,1.0,-130.00,SST-S,CC280,MYC0000280,Cred 280,PC01
1100,C2CB281,2026,1,140000,F2,2026-06-21,2026-06-21,MYR,1.0,1768.50,SST-S,CC281,MYC0000281,Cred 281,PC01
1100,C2CB281,2026,2,400000,F2,2026-06-21,2026-06-21,MYR,1.0,-1637.50,SST-S,CC281,MYC0000281,Cred 281,PC01
1100,C2CB281,2026,3,230000,F2,2026-06-21,2026-06-21,MYR,1.0,-131.00,SST-S,CC281,MYC0000281,Cred 281,PC01
1100,C2CB282,2026,1,140000,F2,2026-06-22,2026-06-22,MYR,1.0,1782.00,SST-S,CC282,MYC0000282,Cred 282,PC01
1100,C2CB282,2026,2,400000,F2,2026-06-22,2026-06-22,MYR,1.0,-1650.00,SST-S,CC282,MYC0000282,Cred 282,PC01
1100,C2CB282,2026,3,230000,F2,2026-06-22,2026-06-22,MYR,1.0,-132.00,SST-S,CC282,MYC0000282,Cred 282,PC01
1100,C2CB283,2026,1,140000,F2,2026-06-23,2026-06-23,MYR,1.0,1795.50,SST-S,CC283,MYC0000283,Cred 283,PC01
1100,C2CB283,2026,2,400000,F2,2026-06-23,2026-06-23,MYR,1.0,-1662.50,SST-S,CC283,MYC0000283,Cred 283,PC01
1100,C2CB283,2026,3,230000,F2,2026-06-23,2026-06-23,MYR,1.0,-133.00,SST-S,CC283,MYC0000283,Cred 283,PC01
1100,C2CB284,2026,1,140000,F2,2026-06-24,2026-06-24,MYR,1.0,1809.00,SST-S,CC284,MYC0000284,Cred 284,PC01
1100,C2CB284,2026,2,400000,F2,2026-06-24,2026-06-24,MYR,1.0,-1675.00,SST-S,CC284,MYC0000284,Cred 284,PC01
1100,C2CB284,2026,3,230000,F2,2026-06-24,2026-06-24,MYR,1.0,-134.00,SST-S,CC284,MYC0000284,Cred 284,PC01
1100,C2CB285,2026,1,140000,F2,2026-06-25,2026-06-25,MYR,1.0,1822.50,SST-S,CC285,MYC0000285,Cred 285,PC01
1100,C2CB285,2026,2,400000,F2,2026-06-25,2026-06-25,MYR,1.0,-1687.50,SST-S,CC285,MYC0000285,Cred 285,PC01
1100,C2CB285,2026,3,230000,F2,2026-06-25,2026-06-25,MYR,1.0,-135.00,SST-S,CC285,MYC0000285,Cred 285,PC01
1100,C2CB286,2026,1,140000,F2,2026-06-26,2026-06-26,MYR,1.0,1836.00,SST-S,CC286,MYC0000286,Cred 286,PC01
1100,C2CB286,2026,2,400000,F2,2026-06-26,2026-06-26,MYR,1.0,-1700.00,SST-S,CC286,MYC0000286,Cred 286,PC01
1100,C2CB286,2026,3,230000,F2,2026-06-26,2026-06-26,MYR,1.0,-136.00,SST-S,CC286,MYC0000286,Cred 286,PC01
1100,C2CB287,2026,1,140000,F2,2026-06-27,2026-06-27,MYR,1.0,1849.50,SST-S,CC287,MYC0000287,Cred 287,PC01
1100,C2CB287,2026,2,400000,F2,2026-06-27,2026-06-27,MYR,1.0,-1712.50,SST-S,CC287,MYC0000287,Cred 287,PC01
1100,C2CB287,2026,3,230000,F2,2026-06-27,2026-06-27,MYR,1.0,-137.00,SST-S,CC287,MYC0000287,Cred 287,PC01
1100,C2CB288,2026,1,140000,F2,2026-06-20,2026-06-20,MYR,1.0,1863.00,SST-S,CC288,MYC0000288,Cred 288,PC01
1100,C2CB288,2026,2,400000,F2,2026-06-20,2026-06-20,MYR,1.0,-1725.00,SST-S,CC288,MYC0000288,Cred 288,PC01
1100,C2CB288,2026,3,230000,F2,2026-06-20,2026-06-20,MYR,1.0,-138.00,SST-S,CC288,MYC0000288,Cred 288,PC01
1100,C2CB289,2026,1,140000,F2,2026-06-21,2026-06-21,MYR,1.0,1876.50,SST-S,CC289,MYC0000289,Cred 289,PC01
1100,C2CB289,2026,2,400000,F2,2026-06-21,2026-06-21,MYR,1.0,-1737.50,SST-S,CC289,MYC0000289,Cred 289,PC01
1100,C2CB289,2026,3,230000,F2,2026-06-21,2026-06-21,MYR,1.0,-139.00,SST-S,CC289,MYC0000289,Cred 289,PC01
1100,C2CB290,2026,1,140000,F2,2026-06-22,2026-06-22,MYR,1.0,1890.00,SST-S,CC290,MYC0000290,Cred 290,PC01
1100,C2CB290,2026,2,400000,F2,2026-06-22,2026-06-22,MYR,1.0,-1750.00,SST-S,CC290,MYC0000290,Cred 290,PC01
1100,C2CB290,2026,3,230000,F2,2026-06-22,2026-06-22,MYR,1.0,-140.00,SST-S,CC290,MYC0000290,Cred 290,PC01
1100,C2CB291,2026,1,140000,F2,2026-06-23,2026-06-23,MYR,1.0,1903.50,SST-S,CC291,MYC0000291,Cred 291,PC01
1100,C2CB291,2026,2,400000,F2,2026-06-23,2026-06-23,MYR,1.0,-1762.50,SST-S,CC291,MYC0000291,Cred 291,PC01
1100,C2CB291,2026,3,230000,F2,2026-06-23,2026-06-23,MYR,1.0,-141.00,SST-S,CC291,MYC0000291,Cred 291,PC01
1100,C2CB292,2026,1,140000,F2,2026-06-24,2026-06-24,MYR,1.0,1917.00,SST-S,CC292,MYC0000292,Cred 292,PC01
1100,C2CB292,2026,2,400000,F2,2026-06-24,2026-06-24,MYR,1.0,-1775.00,SST-S,CC292,MYC0000292,Cred 292,PC01
1100,C2CB292,2026,3,230000,F2,2026-06-24,2026-06-24,MYR,1.0,-142.00,SST-S,CC292,MYC0000292,Cred 292,PC01
1100,C2CB293,2026,1,140000,F2,2026-06-25,2026-06-25,MYR,1.0,1930.50,SST-S,CC293,MYC0000293,Cred 293,PC01
1100,C2CB293,2026,2,400000,F2,2026-06-25,2026-06-25,MYR,1.0,-1787.50,SST-S,CC293,MYC0000293,Cred 293,PC01
1100,C2CB293,2026,3,230000,F2,2026-06-25,2026-06-25,MYR,1.0,-143.00,SST-S,CC293,MYC0000293,Cred 293,PC01
1100,C2CB294,2026,1,140000,F2,2026-06-26,2026-06-26,MYR,1.0,1944.00,SST-S,CC294,MYC0000294,Cred 294,PC01
1100,C2CB294,2026,2,400000,F2,2026-06-26,2026-06-26,MYR,1.0,-1800.00,SST-S,CC294,MYC0000294,Cred 294,PC01
1100,C2CB294,2026,3,230000,F2,2026-06-26,2026-06-26,MYR,1.0,-144.00,SST-S,CC294,MYC0000294,Cred 294,PC01
1100,C2CB295,2026,1,140000,F2,2026-06-27,2026-06-27,MYR,1.0,1957.50,SST-S,CC295,MYC0000295,Cred 295,PC01
1100,C2CB295,2026,2,400000,F2,2026-06-27,2026-06-27,MYR,1.0,-1812.50,SST-S,CC295,MYC0000295,Cred 295,PC01
1100,C2CB295,2026,3,230000,F2,2026-06-27,2026-06-27,MYR,1.0,-145.00,SST-S,CC295,MYC0000295,Cred 295,PC01
1100,C2CB296,2026,1,140000,F2,2026-06-20,2026-06-20,MYR,1.0,1971.00,SST-S,CC296,MYC0000296,Cred 296,PC01
1100,C2CB296,2026,2,400000,F2,2026-06-20,2026-06-20,MYR,1.0,-1825.00,SST-S,CC296,MYC0000296,Cred 296,PC01
1100,C2CB296,2026,3,230000,F2,2026-06-20,2026-06-20,MYR,1.0,-146.00,SST-S,CC296,MYC0000296,Cred 296,PC01
1100,C2CB297,2026,1,140000,F2,2026-06-21,2026-06-21,MYR,1.0,1984.50,SST-S,CC297,MYC0000297,Cred 297,PC01
1100,C2CB297,2026,2,400000,F2,2026-06-21,2026-06-21,MYR,1.0,-1837.50,SST-S,CC297,MYC0000297,Cred 297,PC01
1100,C2CB297,2026,3,230000,F2,2026-06-21,2026-06-21,MYR,1.0,-147.00,SST-S,CC297,MYC0000297,Cred 297,PC01
1100,C2CB298,2026,1,140000,F2,2026-06-22,2026-06-22,MYR,1.0,1998.00,SST-S,CC298,MYC0000298,Cred 298,PC01
1100,C2CB298,2026,2,400000,F2,2026-06-22,2026-06-22,MYR,1.0,-1850.00,SST-S,CC298,MYC0000298,Cred 298,PC01
1100,C2CB298,2026,3,230000,F2,2026-06-22,2026-06-22,MYR,1.0,-148.00,SST-S,CC298,MYC0000298,Cred 298,PC01
1100,C2CB299,2026,1,140000,F2,2026-06-23,2026-06-23,MYR,1.0,2011.50,SST-S,CC299,MYC0000299,Cred 299,PC01
1100,C2CB299,2026,2,400000,F2,2026-06-23,2026-06-23,MYR,1.0,-1862.50,SST-S,CC299,MYC0000299,Cred 299,PC01
1100,C2CB299,2026,3,230000,F2,2026-06-23,2026-06-23,MYR,1.0,-149.00,SST-S,CC299,MYC0000299,Cred 299,PC01
1100,C2CB300,2026,1,140000,F2,2026-06-24,2026-06-24,MYR,1.0,2025.00,SST-S,CC300,MYC0000300,Cred 300,PC01
1100,C2CB300,2026,2,400000,F2,2026-06-24,2026-06-24,MYR,1.0,-1875.00,SST-S,CC300,MYC0000300,Cred 300,PC01
1100,C2CB300,2026,3,230000,F2,2026-06-24,2026-06-24,MYR,1.0,-150.00,SST-S,CC300,MYC0000300,Cred 300,PC01
1100,C2CB301,2026,1,140000,F2,2026-06-25,2026-06-25,MYR,1.0,2038.50,SST-S,CC301,MYC0000301,Cred 301,PC01
1100,C2CB301,2026,2,400000,F2,2026-06-25,2026-06-25,MYR,1.0,-1887.50,SST-S,CC301,MYC0000301,Cred 301,PC01
1100,C2CB301,2026,3,230000,F2,2026-06-25,2026-06-25,MYR,1.0,-151.00,SST-S,CC301,MYC0000301,Cred 301,PC01
1100,C2CB302,2026,1,140000,F2,2026-06-26,2026-06-26,MYR,1.0,2052.00,SST-S,CC302,MYC0000302,Cred 302,PC01
1100,C2CB302,2026,2,400000,F2,2026-06-26,2026-06-26,MYR,1.0,-1900.00,SST-S,CC302,MYC0000302,Cred 302,PC01
1100,C2CB302,2026,3,230000,F2,2026-06-26,2026-06-26,MYR,1.0,-152.00,SST-S,CC302,MYC0000302,Cred 302,PC01
1100,C2CB303,2026,1,140000,F2,2026-06-27,2026-06-27,MYR,1.0,2065.50,SST-S,CC303,MYC0000303,Cred 303,PC01
1100,C2CB303,2026,2,400000,F2,2026-06-27,2026-06-27,MYR,1.0,-1912.50,SST-S,CC303,MYC0000303,Cred 303,PC01
1100,C2CB303,2026,3,230000,F2,2026-06-27,2026-06-27,MYR,1.0,-153.00,SST-S,CC303,MYC0000303,Cred 303,PC01
1100,C2CB304,2026,1,140000,F2,2026-06-20,2026-06-20,MYR,1.0,2079.00,SST-S,CC304,MYC0000304,Cred 304,PC01
1100,C2CB304,2026,2,400000,F2,2026-06-20,2026-06-20,MYR,1.0,-1925.00,SST-S,CC304,MYC0000304,Cred 304,PC01
1100,C2CB304,2026,3,230000,F2,2026-06-20,2026-06-20,MYR,1.0,-154.00,SST-S,CC304,MYC0000304,Cred 304,PC01
1100,C2CB305,2026,1,140000,F2,2026-06-21,2026-06-21,MYR,1.0,2092.50,SST-S,CC305,MYC0000305,Cred 305,PC01
1100,C2CB305,2026,2,400000,F2,2026-06-21,2026-06-21,MYR,1.0,-1937.50,SST-S,CC305,MYC0000305,Cred 305,PC01
1100,C2CB305,2026,3,230000,F2,2026-06-21,2026-06-21,MYR,1.0,-155.00,SST-S,CC305,MYC0000305,Cred 305,PC01
1100,C2CB306,2026,1,140000,F2,2026-06-22,2026-06-22,MYR,1.0,2106.00,SST-S,CC306,MYC0000306,Cred 306,PC01
1100,C2CB306,2026,2,400000,F2,2026-06-22,2026-06-22,MYR,1.0,-1950.00,SST-S,CC306,MYC0000306,Cred 306,PC01
1100,C2CB306,2026,3,230000,F2,2026-06-22,2026-06-22,MYR,1.0,-156.00,SST-S,CC306,MYC0000306,Cred 306,PC01
1100,C2CB307,2026,1,140000,F2,2026-06-23,2026-06-23,MYR,1.0,2119.50,SST-S,CC307,MYC0000307,Cred 307,PC01
1100,C2CB307,2026,2,400000,F2,2026-06-23,2026-06-23,MYR,1.0,-1962.50,SST-S,CC307,MYC0000307,Cred 307,PC01
1100,C2CB307,2026,3,230000,F2,2026-06-23,2026-06-23,MYR,1.0,-157.00,SST-S,CC307,MYC0000307,Cred 307,PC01
1100,C2CB308,2026,1,140000,F2,2026-06-24,2026-06-24,MYR,1.0,2133.00,SST-S,CC308,MYC0000308,Cred 308,PC01
1100,C2CB308,2026,2,400000,F2,2026-06-24,2026-06-24,MYR,1.0,-1975.00,SST-S,CC308,MYC0000308,Cred 308,PC01
1100,C2CB308,2026,3,230000,F2,2026-06-24,2026-06-24,MYR,1.0,-158.00,SST-S,CC308,MYC0000308,Cred 308,PC01
1100,C2CB309,2026,1,140000,F2,2026-06-25,2026-06-25,MYR,1.0,2146.50,SST-S,CC309,MYC0000309,Cred 309,PC01
1100,C2CB309,2026,2,400000,F2,2026-06-25,2026-06-25,MYR,1.0,-1987.50,SST-S,CC309,MYC0000309,Cred 309,PC01
1100,C2CB309,2026,3,230000,F2,2026-06-25,2026-06-25,MYR,1.0,-159.00,SST-S,CC309,MYC0000309,Cred 309,PC01
1100,C2CB310,2026,1,140000,F2,2026-06-26,2026-06-26,MYR,1.0,2160.00,SST-S,CC310,MYC0000310,Cred 310,PC01
1100,C2CB310,2026,2,400000,F2,2026-06-26,2026-06-26,MYR,1.0,-2000.00,SST-S,CC310,MYC0000310,Cred 310,PC01
1100,C2CB310,2026,3,230000,F2,2026-06-26,2026-06-26,MYR,1.0,-160.00,SST-S,CC310,MYC0000310,Cred 310,PC01
1100,C2CB311,2026,1,140000,F2,2026-06-27,2026-06-27,MYR,1.0,2173.50,SST-S,CC311,MYC0000311,Cred 311,PC01
1100,C2CB311,2026,2,400000,F2,2026-06-27,2026-06-27,MYR,1.0,-2012.50,SST-S,CC311,MYC0000311,Cred 311,PC01
1100,C2CB311,2026,3,230000,F2,2026-06-27,2026-06-27,MYR,1.0,-161.00,SST-S,CC311,MYC0000311,Cred 311,PC01
1100,C2CB312,2026,1,140000,F2,2026-06-20,2026-06-20,MYR,1.0,2187.00,SST-S,CC312,MYC0000312,Cred 312,PC01
1100,C2CB312,2026,2,400000,F2,2026-06-20,2026-06-20,MYR,1.0,-2025.00,SST-S,CC312,MYC0000312,Cred 312,PC01
1100,C2CB312,2026,3,230000,F2,2026-06-20,2026-06-20,MYR,1.0,-162.00,SST-S,CC312,MYC0000312,Cred 312,PC01
1100,C2CB313,2026,1,140000,F2,2026-06-21,2026-06-21,MYR,1.0,2200.50,SST-S,CC313,MYC0000313,Cred 313,PC01
1100,C2CB313,2026,2,400000,F2,2026-06-21,2026-06-21,MYR,1.0,-2037.50,SST-S,CC313,MYC0000313,Cred 313,PC01
1100,C2CB313,2026,3,230000,F2,2026-06-21,2026-06-21,MYR,1.0,-163.00,SST-S,CC313,MYC0000313,Cred 313,PC01
1100,C2CB314,2026,1,140000,F2,2026-06-22,2026-06-22,MYR,1.0,2214.00,SST-S,CC314,MYC0000314,Cred 314,PC01
1100,C2CB314,2026,2,400000,F2,2026-06-22,2026-06-22,MYR,1.0,-2050.00,SST-S,CC314,MYC0000314,Cred 314,PC01
1100,C2CB314,2026,3,230000,F2,2026-06-22,2026-06-22,MYR,1.0,-164.00,SST-S,CC314,MYC0000314,Cred 314,PC01
1100,C2CB315,2026,1,140000,F2,2026-06-23,2026-06-23,MYR,1.0,2227.50,SST-S,CC315,MYC0000315,Cred 315,PC01
1100,C2CB315,2026,2,400000,F2,2026-06-23,2026-06-23,MYR,1.0,-2062.50,SST-S,CC315,MYC0000315,Cred 315,PC01
1100,C2CB315,2026,3,230000,F2,2026-06-23,2026-06-23,MYR,1.0,-165.00,SST-S,CC315,MYC0000315,Cred 315,PC01
1100,C2CB316,2026,1,140000,F2,2026-06-24,2026-06-24,MYR,1.0,2241.00,SST-S,CC316,MYC0000316,Cred 316,PC01
1100,C2CB316,2026,2,400000,F2,2026-06-24,2026-06-24,MYR,1.0,-2075.00,SST-S,CC316,MYC0000316,Cred 316,PC01
1100,C2CB316,2026,3,230000,F2,2026-06-24,2026-06-24,MYR,1.0,-166.00,SST-S,CC316,MYC0000316,Cred 316,PC01
1100,C2CB317,2026,1,140000,F2,2026-06-25,2026-06-25,MYR,1.0,2254.50,SST-S,CC317,MYC0000317,Cred 317,PC01
1100,C2CB317,2026,2,400000,F2,2026-06-25,2026-06-25,MYR,1.0,-2087.50,SST-S,CC317,MYC0000317,Cred 317,PC01
1100,C2CB317,2026,3,230000,F2,2026-06-25,2026-06-25,MYR,1.0,-167.00,SST-S,CC317,MYC0000317,Cred 317,PC01
1100,C2CB318,2026,1,140000,F2,2026-06-26,2026-06-26,MYR,1.0,2268.00,SST-S,CC318,MYC0000318,Cred 318,PC01
1100,C2CB318,2026,2,400000,F2,2026-06-26,2026-06-26,MYR,1.0,-2100.00,SST-S,CC318,MYC0000318,Cred 318,PC01
1100,C2CB318,2026,3,230000,F2,2026-06-26,2026-06-26,MYR,1.0,-168.00,SST-S,CC318,MYC0000318,Cred 318,PC01
1100,C2CB319,2026,1,140000,F2,2026-06-27,2026-06-27,MYR,1.0,2281.50,SST-S,CC319,MYC0000319,Cred 319,PC01
1100,C2CB319,2026,2,400000,F2,2026-06-27,2026-06-27,MYR,1.0,-2112.50,SST-S,CC319,MYC0000319,Cred 319,PC01
1100,C2CB319,2026,3,230000,F2,2026-06-27,2026-06-27,MYR,1.0,-169.00,SST-S,CC319,MYC0000319,Cred 319,PC01
1100,C2CB320,2026,1,140000,F2,2026-06-20,2026-06-20,MYR,1.0,2295.00,SST-S,CC320,MYC0000320,Cred 320,PC01
1100,C2CB320,2026,2,400000,F2,2026-06-20,2026-06-20,MYR,1.0,-2125.00,SST-S,CC320,MYC0000320,Cred 320,PC01
1100,C2CB320,2026,3,230000,F2,2026-06-20,2026-06-20,MYR,1.0,-170.00,SST-S,CC320,MYC0000320,Cred 320,PC01
1100,C2CB321,2026,1,140000,F2,2026-06-21,2026-06-21,MYR,1.0,2308.50,SST-S,CC321,MYC0000321,Cred 321,PC01
1100,C2CB321,2026,2,400000,F2,2026-06-21,2026-06-21,MYR,1.0,-2137.50,SST-S,CC321,MYC0000321,Cred 321,PC01
1100,C2CB321,2026,3,230000,F2,2026-06-21,2026-06-21,MYR,1.0,-171.00,SST-S,CC321,MYC0000321,Cred 321,PC01
1100,C2CB322,2026,1,140000,F2,2026-06-22,2026-06-22,MYR,1.0,2322.00,SST-S,CC322,MYC0000322,Cred 322,PC01
1100,C2CB322,2026,2,400000,F2,2026-06-22,2026-06-22,MYR,1.0,-2150.00,SST-S,CC322,MYC0000322,Cred 322,PC01
1100,C2CB322,2026,3,230000,F2,2026-06-22,2026-06-22,MYR,1.0,-172.00,SST-S,CC322,MYC0000322,Cred 322,PC01
1100,C2CB323,2026,1,140000,F2,2026-06-23,2026-06-23,MYR,1.0,2335.50,SST-S,CC323,MYC0000323,Cred 323,PC01
1100,C2CB323,2026,2,400000,F2,2026-06-23,2026-06-23,MYR,1.0,-2162.50,SST-S,CC323,MYC0000323,Cred 323,PC01
1100,C2CB323,2026,3,230000,F2,2026-06-23,2026-06-23,MYR,1.0,-173.00,SST-S,CC323,MYC0000323,Cred 323,PC01
1100,C2CB324,2026,1,140000,F2,2026-06-24,2026-06-24,MYR,1.0,2349.00,SST-S,CC324,MYC0000324,Cred 324,PC01
1100,C2CB324,2026,2,400000,F2,2026-06-24,2026-06-24,MYR,1.0,-2175.00,SST-S,CC324,MYC0000324,Cred 324,PC01
1100,C2CB324,2026,3,230000,F2,2026-06-24,2026-06-24,MYR,1.0,-174.00,SST-S,CC324,MYC0000324,Cred 324,PC01
1100,C2CB325,2026,1,140000,F2,2026-06-25,2026-06-25,MYR,1.0,2362.50,SST-S,CC325,MYC0000325,Cred 325,PC01
1100,C2CB325,2026,2,400000,F2,2026-06-25,2026-06-25,MYR,1.0,-2187.50,SST-S,CC325,MYC0000325,Cred 325,PC01
1100,C2CB325,2026,3,230000,F2,2026-06-25,2026-06-25,MYR,1.0,-175.00,SST-S,CC325,MYC0000325,Cred 325,PC01
1100,C2CB326,2026,1,140000,F2,2026-06-26,2026-06-26,MYR,1.0,2376.00,SST-S,CC326,MYC0000326,Cred 326,PC01
1100,C2CB326,2026,2,400000,F2,2026-06-26,2026-06-26,MYR,1.0,-2200.00,SST-S,CC326,MYC0000326,Cred 326,PC01
1100,C2CB326,2026,3,230000,F2,2026-06-26,2026-06-26,MYR,1.0,-176.00,SST-S,CC326,MYC0000326,Cred 326,PC01
1100,C2CB327,2026,1,140000,F2,2026-06-27,2026-06-27,MYR,1.0,2389.50,SST-S,CC327,MYC0000327,Cred 327,PC01
1100,C2CB327,2026,2,400000,F2,2026-06-27,2026-06-27,MYR,1.0,-2212.50,SST-S,CC327,MYC0000327,Cred 327,PC01
1100,C2CB327,2026,3,230000,F2,2026-06-27,2026-06-27,MYR,1.0,-177.00,SST-S,CC327,MYC0000327,Cred 327,PC01
1100,C2CB328,2026,1,140000,F2,2026-06-20,2026-06-20,MYR,1.0,2403.00,SST-S,CC328,MYC0000328,Cred 328,PC01
1100,C2CB328,2026,2,400000,F2,2026-06-20,2026-06-20,MYR,1.0,-2225.00,SST-S,CC328,MYC0000328,Cred 328,PC01
1100,C2CB328,2026,3,230000,F2,2026-06-20,2026-06-20,MYR,1.0,-178.00,SST-S,CC328,MYC0000328,Cred 328,PC01
1100,C2CB329,2026,1,140000,F2,2026-06-21,2026-06-21,MYR,1.0,2416.50,SST-S,CC329,MYC0000329,Cred 329,PC01
1100,C2CB329,2026,2,400000,F2,2026-06-21,2026-06-21,MYR,1.0,-2237.50,SST-S,CC329,MYC0000329,Cred 329,PC01
1100,C2CB329,2026,3,230000,F2,2026-06-21,2026-06-21,MYR,1.0,-179.00,SST-S,CC329,MYC0000329,Cred 329,PC01
1100,C2CB330,2026,1,140000,F2,2026-06-22,2026-06-22,MYR,1.0,2430.00,SST-S,CC330,MYC0000330,Cred 330,PC01
1100,C2CB330,2026,2,400000,F2,2026-06-22,2026-06-22,MYR,1.0,-2250.00,SST-S,CC330,MYC0000330,Cred 330,PC01
1100,C2CB330,2026,3,230000,F2,2026-06-22,2026-06-22,MYR,1.0,-180.00,SST-S,CC330,MYC0000330,Cred 330,PC01
1100,C2CB331,2026,1,140000,F2,2026-06-23,2026-06-23,MYR,1.0,2443.50,SST-S,CC331,MYC0000331,Cred 331,PC01
1100,C2CB331,2026,2,400000,F2,2026-06-23,2026-06-23,MYR,1.0,-2262.50,SST-S,CC331,MYC0000331,Cred 331,PC01
1100,C2CB331,2026,3,230000,F2,2026-06-23,2026-06-23,MYR,1.0,-181.00,SST-S,CC331,MYC0000331,Cred 331,PC01
1100,C2CB332,2026,1,140000,F2,2026-06-24,2026-06-24,MYR,1.0,2457.00,SST-S,CC332,MYC0000332,Cred 332,PC01
1100,C2CB332,2026,2,400000,F2,2026-06-24,2026-06-24,MYR,1.0,-2275.00,SST-S,CC332,MYC0000332,Cred 332,PC01
1100,C2CB332,2026,3,230000,F2,2026-06-24,2026-06-24,MYR,1.0,-182.00,SST-S,CC332,MYC0000332,Cred 332,PC01
1100,C2CB333,2026,1,140000,F2,2026-06-25,2026-06-25,MYR,1.0,2470.50,SST-S,CC333,MYC0000333,Cred 333,PC01
1100,C2CB333,2026,2,400000,F2,2026-06-25,2026-06-25,MYR,1.0,-2287.50,SST-S,CC333,MYC0000333,Cred 333,PC01
1100,C2CB333,2026,3,230000,F2,2026-06-25,2026-06-25,MYR,1.0,-183.00,SST-S,CC333,MYC0000333,Cred 333,PC01
1100,C2CB334,2026,1,140000,F2,2026-06-26,2026-06-26,MYR,1.0,2484.00,SST-S,CC334,MYC0000334,Cred 334,PC01
1100,C2CB334,2026,2,400000,F2,2026-06-26,2026-06-26,MYR,1.0,-2300.00,SST-S,CC334,MYC0000334,Cred 334,PC01
1100,C2CB334,2026,3,230000,F2,2026-06-26,2026-06-26,MYR,1.0,-184.00,SST-S,CC334,MYC0000334,Cred 334,PC01
1100,C2CB335,2026,1,140000,F2,2026-06-27,2026-06-27,MYR,1.0,2497.50,SST-S,CC335,MYC0000335,Cred 335,PC01
1100,C2CB335,2026,2,400000,F2,2026-06-27,2026-06-27,MYR,1.0,-2312.50,SST-S,CC335,MYC0000335,Cred 335,PC01
1100,C2CB335,2026,3,230000,F2,2026-06-27,2026-06-27,MYR,1.0,-185.00,SST-S,CC335,MYC0000335,Cred 335,PC01
1100,C2CB336,2026,1,140000,F2,2026-06-20,2026-06-20,MYR,1.0,2511.00,SST-S,CC336,MYC0000336,Cred 336,PC01
1100,C2CB336,2026,2,400000,F2,2026-06-20,2026-06-20,MYR,1.0,-2325.00,SST-S,CC336,MYC0000336,Cred 336,PC01
1100,C2CB336,2026,3,230000,F2,2026-06-20,2026-06-20,MYR,1.0,-186.00,SST-S,CC336,MYC0000336,Cred 336,PC01
1100,C2CB337,2026,1,140000,F2,2026-06-21,2026-06-21,MYR,1.0,2524.50,SST-S,CC337,MYC0000337,Cred 337,PC01
1100,C2CB337,2026,2,400000,F2,2026-06-21,2026-06-21,MYR,1.0,-2337.50,SST-S,CC337,MYC0000337,Cred 337,PC01
1100,C2CB337,2026,3,230000,F2,2026-06-21,2026-06-21,MYR,1.0,-187.00,SST-S,CC337,MYC0000337,Cred 337,PC01
1100,C2CB338,2026,1,140000,F2,2026-06-22,2026-06-22,MYR,1.0,2538.00,SST-S,CC338,MYC0000338,Cred 338,PC01
1100,C2CB338,2026,2,400000,F2,2026-06-22,2026-06-22,MYR,1.0,-2350.00,SST-S,CC338,MYC0000338,Cred 338,PC01
1100,C2CB338,2026,3,230000,F2,2026-06-22,2026-06-22,MYR,1.0,-188.00,SST-S,CC338,MYC0000338,Cred 338,PC01
1100,C2CB339,2026,1,140000,F2,2026-06-23,2026-06-23,MYR,1.0,2551.50,SST-S,CC339,MYC0000339,Cred 339,PC01
1100,C2CB339,2026,2,400000,F2,2026-06-23,2026-06-23,MYR,1.0,-2362.50,SST-S,CC339,MYC0000339,Cred 339,PC01
1100,C2CB339,2026,3,230000,F2,2026-06-23,2026-06-23,MYR,1.0,-189.00,SST-S,CC339,MYC0000339,Cred 339,PC01
1100,C2CB340,2026,1,140000,F2,2026-06-24,2026-06-24,MYR,1.0,2565.00,SST-S,CC340,MYC0000340,Cred 340,PC01
1100,C2CB340,2026,2,400000,F2,2026-06-24,2026-06-24,MYR,1.0,-2375.00,SST-S,CC340,MYC0000340,Cred 340,PC01
1100,C2CB340,2026,3,230000,F2,2026-06-24,2026-06-24,MYR,1.0,-190.00,SST-S,CC340,MYC0000340,Cred 340,PC01
1100,C2CB341,2026,1,140000,F2,2026-06-25,2026-06-25,MYR,1.0,2578.50,SST-S,CC341,MYC0000341,Cred 341,PC01
1100,C2CB341,2026,2,400000,F2,2026-06-25,2026-06-25,MYR,1.0,-2387.50,SST-S,CC341,MYC0000341,Cred 341,PC01
1100,C2CB341,2026,3,230000,F2,2026-06-25,2026-06-25,MYR,1.0,-191.00,SST-S,CC341,MYC0000341,Cred 341,PC01
1100,C2CB342,2026,1,140000,F2,2026-06-26,2026-06-26,MYR,1.0,2592.00,SST-S,CC342,MYC0000342,Cred 342,PC01
1100,C2CB342,2026,2,400000,F2,2026-06-26,2026-06-26,MYR,1.0,-2400.00,SST-S,CC342,MYC0000342,Cred 342,PC01
1100,C2CB342,2026,3,230000,F2,2026-06-26,2026-06-26,MYR,1.0,-192.00,SST-S,CC342,MYC0000342,Cred 342,PC01
1100,C2CB343,2026,1,140000,F2,2026-06-27,2026-06-27,MYR,1.0,2605.50,SST-S,CC343,MYC0000343,Cred 343,PC01
1100,C2CB343,2026,2,400000,F2,2026-06-27,2026-06-27,MYR,1.0,-2412.50,SST-S,CC343,MYC0000343,Cred 343,PC01
1100,C2CB343,2026,3,230000,F2,2026-06-27,2026-06-27,MYR,1.0,-193.00,SST-S,CC343,MYC0000343,Cred 343,PC01
1100,C2CB344,2026,1,140000,F2,2026-06-20,2026-06-20,MYR,1.0,2619.00,SST-S,CC344,MYC0000344,Cred 344,PC01
1100,C2CB344,2026,2,400000,F2,2026-06-20,2026-06-20,MYR,1.0,-2425.00,SST-S,CC344,MYC0000344,Cred 344,PC01
1100,C2CB344,2026,3,230000,F2,2026-06-20,2026-06-20,MYR,1.0,-194.00,SST-S,CC344,MYC0000344,Cred 344,PC01
1100,C2CB345,2026,1,140000,F2,2026-06-21,2026-06-21,MYR,1.0,2632.50,SST-S,CC345,MYC0000345,Cred 345,PC01
1100,C2CB345,2026,2,400000,F2,2026-06-21,2026-06-21,MYR,1.0,-2437.50,SST-S,CC345,MYC0000345,Cred 345,PC01
1100,C2CB345,2026,3,230000,F2,2026-06-21,2026-06-21,MYR,1.0,-195.00,SST-S,CC345,MYC0000345,Cred 345,PC01
1100,C2CB346,2026,1,140000,F2,2026-06-22,2026-06-22,MYR,1.0,2646.00,SST-S,CC346,MYC0000346,Cred 346,PC01
1100,C2CB346,2026,2,400000,F2,2026-06-22,2026-06-22,MYR,1.0,-2450.00,SST-S,CC346,MYC0000346,Cred 346,PC01
1100,C2CB346,2026,3,230000,F2,2026-06-22,2026-06-22,MYR,1.0,-196.00,SST-S,CC346,MYC0000346,Cred 346,PC01
1100,C2CB347,2026,1,140000,F2,2026-06-23,2026-06-23,MYR,1.0,2659.50,SST-S,CC347,MYC0000347,Cred 347,PC01
1100,C2CB347,2026,2,400000,F2,2026-06-23,2026-06-23,MYR,1.0,-2462.50,SST-S,CC347,MYC0000347,Cred 347,PC01
1100,C2CB347,2026,3,230000,F2,2026-06-23,2026-06-23,MYR,1.0,-197.00,SST-S,CC347,MYC0000347,Cred 347,PC01
1100,C2CB348,2026,1,140000,F2,2026-06-24,2026-06-24,MYR,1.0,2673.00,SST-S,CC348,MYC0000348,Cred 348,PC01
1100,C2CB348,2026,2,400000,F2,2026-06-24,2026-06-24,MYR,1.0,-2475.00,SST-S,CC348,MYC0000348,Cred 348,PC01
1100,C2CB348,2026,3,230000,F2,2026-06-24,2026-06-24,MYR,1.0,-198.00,SST-S,CC348,MYC0000348,Cred 348,PC01
1100,C2CB349,2026,1,140000,F2,2026-06-25,2026-06-25,MYR,1.0,2686.50,SST-S,CC349,MYC0000349,Cred 349,PC01
1100,C2CB349,2026,2,400000,F2,2026-06-25,2026-06-25,MYR,1.0,-2487.50,SST-S,CC349,MYC0000349,Cred 349,PC01
1100,C2CB349,2026,3,230000,F2,2026-06-25,2026-06-25,MYR,1.0,-199.00,SST-S,CC349,MYC0000349,Cred 349,PC01
1100,C2CB350,2026,1,140000,F2,2026-06-26,2026-06-26,MYR,1.0,2700.00,SST-S,CC350,MYC0000350,Cred 350,PC01
1100,C2CB350,2026,2,400000,F2,2026-06-26,2026-06-26,MYR,1.0,-2500.00,SST-S,CC350,MYC0000350,Cred 350,PC01
1100,C2CB350,2026,3,230000,F2,2026-06-26,2026-06-26,MYR,1.0,-200.00,SST-S,CC350,MYC0000350,Cred 350,PC01
1100,C2CB351,2026,1,140000,F2,2026-06-27,2026-06-27,MYR,1.0,2713.50,SST-S,CC351,MYC0000351,Cred 351,PC01
1100,C2CB351,2026,2,400000,F2,2026-06-27,2026-06-27,MYR,1.0,-2512.50,SST-S,CC351,MYC0000351,Cred 351,PC01
1100,C2CB351,2026,3,230000,F2,2026-06-27,2026-06-27,MYR,1.0,-201.00,SST-S,CC351,MYC0000351,Cred 351,PC01
1100,C2CB352,2026,1,140000,F2,2026-06-20,2026-06-20,MYR,1.0,2727.00,SST-S,CC352,MYC0000352,Cred 352,PC01
1100,C2CB352,2026,2,400000,F2,2026-06-20,2026-06-20,MYR,1.0,-2525.00,SST-S,CC352,MYC0000352,Cred 352,PC01
1100,C2CB352,2026,3,230000,F2,2026-06-20,2026-06-20,MYR,1.0,-202.00,SST-S,CC352,MYC0000352,Cred 352,PC01
1100,C2CB353,2026,1,140000,F2,2026-06-21,2026-06-21,MYR,1.0,2740.50,SST-S,CC353,MYC0000353,Cred 353,PC01
1100,C2CB353,2026,2,400000,F2,2026-06-21,2026-06-21,MYR,1.0,-2537.50,SST-S,CC353,MYC0000353,Cred 353,PC01
1100,C2CB353,2026,3,230000,F2,2026-06-21,2026-06-21,MYR,1.0,-203.00,SST-S,CC353,MYC0000353,Cred 353,PC01
1100,C2CB354,2026,1,140000,F2,2026-06-22,2026-06-22,MYR,1.0,2754.00,SST-S,CC354,MYC0000354,Cred 354,PC01
1100,C2CB354,2026,2,400000,F2,2026-06-22,2026-06-22,MYR,1.0,-2550.00,SST-S,CC354,MYC0000354,Cred 354,PC01
1100,C2CB354,2026,3,230000,F2,2026-06-22,2026-06-22,MYR,1.0,-204.00,SST-S,CC354,MYC0000354,Cred 354,PC01
1100,C2CB355,2026,1,140000,F2,2026-06-23,2026-06-23,MYR,1.0,2767.50,SST-S,CC355,MYC0000355,Cred 355,PC01
1100,C2CB355,2026,2,400000,F2,2026-06-23,2026-06-23,MYR,1.0,-2562.50,SST-S,CC355,MYC0000355,Cred 355,PC01
1100,C2CB355,2026,3,230000,F2,2026-06-23,2026-06-23,MYR,1.0,-205.00,SST-S,CC355,MYC0000355,Cred 355,PC01
1100,C2CB356,2026,1,140000,F2,2026-06-24,2026-06-24,MYR,1.0,2781.00,SST-S,CC356,MYC0000356,Cred 356,PC01
1100,C2CB356,2026,2,400000,F2,2026-06-24,2026-06-24,MYR,1.0,-2575.00,SST-S,CC356,MYC0000356,Cred 356,PC01
1100,C2CB356,2026,3,230000,F2,2026-06-24,2026-06-24,MYR,1.0,-206.00,SST-S,CC356,MYC0000356,Cred 356,PC01
1100,C2CB357,2026,1,140000,F2,2026-06-25,2026-06-25,MYR,1.0,2794.50,SST-S,CC357,MYC0000357,Cred 357,PC01
1100,C2CB357,2026,2,400000,F2,2026-06-25,2026-06-25,MYR,1.0,-2587.50,SST-S,CC357,MYC0000357,Cred 357,PC01
1100,C2CB357,2026,3,230000,F2,2026-06-25,2026-06-25,MYR,1.0,-207.00,SST-S,CC357,MYC0000357,Cred 357,PC01
1100,C2CB358,2026,1,140000,F2,2026-06-26,2026-06-26,MYR,1.0,2808.00,SST-S,CC358,MYC0000358,Cred 358,PC01
1100,C2CB358,2026,2,400000,F2,2026-06-26,2026-06-26,MYR,1.0,-2600.00,SST-S,CC358,MYC0000358,Cred 358,PC01
1100,C2CB358,2026,3,230000,F2,2026-06-26,2026-06-26,MYR,1.0,-208.00,SST-S,CC358,MYC0000358,Cred 358,PC01
1100,C2CB359,2026,1,140000,F2,2026-06-27,2026-06-27,MYR,1.0,2821.50,SST-S,CC359,MYC0000359,Cred 359,PC01
1100,C2CB359,2026,2,400000,F2,2026-06-27,2026-06-27,MYR,1.0,-2612.50,SST-S,CC359,MYC0000359,Cred 359,PC01
1100,C2CB359,2026,3,230000,F2,2026-06-27,2026-06-27,MYR,1.0,-209.00,SST-S,CC359,MYC0000359,Cred 359,PC01
1100,C2CB360,2026,1,140000,F2,2026-06-20,2026-06-20,MYR,1.0,2835.00,SST-S,CC360,MYC0000360,Cred 360,PC01
1100,C2CB360,2026,2,400000,F2,2026-06-20,2026-06-20,MYR,1.0,-2625.00,SST-S,CC360,MYC0000360,Cred 360,PC01
1100,C2CB360,2026,3,230000,F2,2026-06-20,2026-06-20,MYR,1.0,-210.00,SST-S,CC360,MYC0000360,Cred 360,PC01
1100,C2CB361,2026,1,140000,F2,2026-06-21,2026-06-21,MYR,1.0,2848.50,SST-S,CC361,MYC0000361,Cred 361,PC01
1100,C2CB361,2026,2,400000,F2,2026-06-21,2026-06-21,MYR,1.0,-2637.50,SST-S,CC361,MYC0000361,Cred 361,PC01
1100,C2CB361,2026,3,230000,F2,2026-06-21,2026-06-21,MYR,1.0,-211.00,SST-S,CC361,MYC0000361,Cred 361,PC01
1100,C2CB362,2026,1,140000,F2,2026-06-22,2026-06-22,MYR,1.0,2862.00,SST-S,CC362,MYC0000362,Cred 362,PC01
1100,C2CB362,2026,2,400000,F2,2026-06-22,2026-06-22,MYR,1.0,-2650.00,SST-S,CC362,MYC0000362,Cred 362,PC01
1100,C2CB362,2026,3,230000,F2,2026-06-22,2026-06-22,MYR,1.0,-212.00,SST-S,CC362,MYC0000362,Cred 362,PC01
1100,C2CB363,2026,1,140000,F2,2026-06-23,2026-06-23,MYR,1.0,2875.50,SST-S,CC363,MYC0000363,Cred 363,PC01
1100,C2CB363,2026,2,400000,F2,2026-06-23,2026-06-23,MYR,1.0,-2662.50,SST-S,CC363,MYC0000363,Cred 363,PC01
1100,C2CB363,2026,3,230000,F2,2026-06-23,2026-06-23,MYR,1.0,-213.00,SST-S,CC363,MYC0000363,Cred 363,PC01
1100,C2CB364,2026,1,140000,F2,2026-06-24,2026-06-24,MYR,1.0,2889.00,SST-S,CC364,MYC0000364,Cred 364,PC01
1100,C2CB364,2026,2,400000,F2,2026-06-24,2026-06-24,MYR,1.0,-2675.00,SST-S,CC364,MYC0000364,Cred 364,PC01
1100,C2CB364,2026,3,230000,F2,2026-06-24,2026-06-24,MYR,1.0,-214.00,SST-S,CC364,MYC0000364,Cred 364,PC01
1100,C2CB365,2026,1,140000,F2,2026-06-25,2026-06-25,MYR,1.0,2902.50,SST-S,CC365,MYC0000365,Cred 365,PC01
1100,C2CB365,2026,2,400000,F2,2026-06-25,2026-06-25,MYR,1.0,-2687.50,SST-S,CC365,MYC0000365,Cred 365,PC01
1100,C2CB365,2026,3,230000,F2,2026-06-25,2026-06-25,MYR,1.0,-215.00,SST-S,CC365,MYC0000365,Cred 365,PC01
1100,C2CB366,2026,1,140000,F2,2026-06-26,2026-06-26,MYR,1.0,2916.00,SST-S,CC366,MYC0000366,Cred 366,PC01
1100,C2CB366,2026,2,400000,F2,2026-06-26,2026-06-26,MYR,1.0,-2700.00,SST-S,CC366,MYC0000366,Cred 366,PC01
1100,C2CB366,2026,3,230000,F2,2026-06-26,2026-06-26,MYR,1.0,-216.00,SST-S,CC366,MYC0000366,Cred 366,PC01
1100,C2CB367,2026,1,140000,F2,2026-06-27,2026-06-27,MYR,1.0,2929.50,SST-S,CC367,MYC0000367,Cred 367,PC01
1100,C2CB367,2026,2,400000,F2,2026-06-27,2026-06-27,MYR,1.0,-2712.50,SST-S,CC367,MYC0000367,Cred 367,PC01
1100,C2CB367,2026,3,230000,F2,2026-06-27,2026-06-27,MYR,1.0,-217.00,SST-S,CC367,MYC0000367,Cred 367,PC01
1100,C2CB368,2026,1,140000,F2,2026-06-20,2026-06-20,MYR,1.0,2943.00,SST-S,CC368,MYC0000368,Cred 368,PC01
1100,C2CB368,2026,2,400000,F2,2026-06-20,2026-06-20,MYR,1.0,-2725.00,SST-S,CC368,MYC0000368,Cred 368,PC01
1100,C2CB368,2026,3,230000,F2,2026-06-20,2026-06-20,MYR,1.0,-218.00,SST-S,CC368,MYC0000368,Cred 368,PC01
1100,C2CB369,2026,1,140000,F2,2026-06-21,2026-06-21,MYR,1.0,2956.50,SST-S,CC369,MYC0000369,Cred 369,PC01
1100,C2CB369,2026,2,400000,F2,2026-06-21,2026-06-21,MYR,1.0,-2737.50,SST-S,CC369,MYC0000369,Cred 369,PC01
1100,C2CB369,2026,3,230000,F2,2026-06-21,2026-06-21,MYR,1.0,-219.00,SST-S,CC369,MYC0000369,Cred 369,PC01
1100,C2CB370,2026,1,140000,F2,2026-06-22,2026-06-22,MYR,1.0,2970.00,SST-S,CC370,MYC0000370,Cred 370,PC01
1100,C2CB370,2026,2,400000,F2,2026-06-22,2026-06-22,MYR,1.0,-2750.00,SST-S,CC370,MYC0000370,Cred 370,PC01
1100,C2CB370,2026,3,230000,F2,2026-06-22,2026-06-22,MYR,1.0,-220.00,SST-S,CC370,MYC0000370,Cred 370,PC01
1100,C2CB371,2026,1,140000,F2,2026-06-23,2026-06-23,MYR,1.0,2983.50,SST-S,CC371,MYC0000371,Cred 371,PC01
1100,C2CB371,2026,2,400000,F2,2026-06-23,2026-06-23,MYR,1.0,-2762.50,SST-S,CC371,MYC0000371,Cred 371,PC01
1100,C2CB371,2026,3,230000,F2,2026-06-23,2026-06-23,MYR,1.0,-221.00,SST-S,CC371,MYC0000371,Cred 371,PC01
1100,C2CB372,2026,1,140000,F2,2026-06-24,2026-06-24,MYR,1.0,2997.00,SST-S,CC372,MYC0000372,Cred 372,PC01
1100,C2CB372,2026,2,400000,F2,2026-06-24,2026-06-24,MYR,1.0,-2775.00,SST-S,CC372,MYC0000372,Cred 372,PC01
1100,C2CB372,2026,3,230000,F2,2026-06-24,2026-06-24,MYR,1.0,-222.00,SST-S,CC372,MYC0000372,Cred 372,PC01
1100,C2CB373,2026,1,140000,F2,2026-06-25,2026-06-25,MYR,1.0,3010.50,SST-S,CC373,MYC0000373,Cred 373,PC01
1100,C2CB373,2026,2,400000,F2,2026-06-25,2026-06-25,MYR,1.0,-2787.50,SST-S,CC373,MYC0000373,Cred 373,PC01
1100,C2CB373,2026,3,230000,F2,2026-06-25,2026-06-25,MYR,1.0,-223.00,SST-S,CC373,MYC0000373,Cred 373,PC01
1100,C2CB374,2026,1,140000,F2,2026-06-26,2026-06-26,MYR,1.0,3024.00,SST-S,CC374,MYC0000374,Cred 374,PC01
1100,C2CB374,2026,2,400000,F2,2026-06-26,2026-06-26,MYR,1.0,-2800.00,SST-S,CC374,MYC0000374,Cred 374,PC01
1100,C2CB374,2026,3,230000,F2,2026-06-26,2026-06-26,MYR,1.0,-224.00,SST-S,CC374,MYC0000374,Cred 374,PC01
1100,C2CB375,2026,1,140000,F2,2026-06-27,2026-06-27,MYR,1.0,3037.50,SST-S,CC375,MYC0000375,Cred 375,PC01
1100,C2CB375,2026,2,400000,F2,2026-06-27,2026-06-27,MYR,1.0,-2812.50,SST-S,CC375,MYC0000375,Cred 375,PC01
1100,C2CB375,2026,3,230000,F2,2026-06-27,2026-06-27,MYR,1.0,-225.00,SST-S,CC375,MYC0000375,Cred 375,PC01
1100,C2CB376,2026,1,140000,F2,2026-06-20,2026-06-20,MYR,1.0,3051.00,SST-S,CC376,MYC0000376,Cred 376,PC01
1100,C2CB376,2026,2,400000,F2,2026-06-20,2026-06-20,MYR,1.0,-2825.00,SST-S,CC376,MYC0000376,Cred 376,PC01
1100,C2CB376,2026,3,230000,F2,2026-06-20,2026-06-20,MYR,1.0,-226.00,SST-S,CC376,MYC0000376,Cred 376,PC01
1100,C2CB377,2026,1,140000,F2,2026-06-21,2026-06-21,MYR,1.0,3064.50,SST-S,CC377,MYC0000377,Cred 377,PC01
1100,C2CB377,2026,2,400000,F2,2026-06-21,2026-06-21,MYR,1.0,-2837.50,SST-S,CC377,MYC0000377,Cred 377,PC01
1100,C2CB377,2026,3,230000,F2,2026-06-21,2026-06-21,MYR,1.0,-227.00,SST-S,CC377,MYC0000377,Cred 377,PC01
1100,C2CB378,2026,1,140000,F2,2026-06-22,2026-06-22,MYR,1.0,3078.00,SST-S,CC378,MYC0000378,Cred 378,PC01
1100,C2CB378,2026,2,400000,F2,2026-06-22,2026-06-22,MYR,1.0,-2850.00,SST-S,CC378,MYC0000378,Cred 378,PC01
1100,C2CB378,2026,3,230000,F2,2026-06-22,2026-06-22,MYR,1.0,-228.00,SST-S,CC378,MYC0000378,Cred 378,PC01
1100,C2CB379,2026,1,140000,F2,2026-06-23,2026-06-23,MYR,1.0,3091.50,SST-S,CC379,MYC0000379,Cred 379,PC01
1100,C2CB379,2026,2,400000,F2,2026-06-23,2026-06-23,MYR,1.0,-2862.50,SST-S,CC379,MYC0000379,Cred 379,PC01
1100,C2CB379,2026,3,230000,F2,2026-06-23,2026-06-23,MYR,1.0,-229.00,SST-S,CC379,MYC0000379,Cred 379,PC01
1100,C2CB380,2026,1,140000,F2,2026-06-24,2026-06-24,MYR,1.0,3105.00,SST-S,CC380,MYC0000380,Cred 380,PC01
1100,C2CB380,2026,2,400000,F2,2026-06-24,2026-06-24,MYR,1.0,-2875.00,SST-S,CC380,MYC0000380,Cred 380,PC01
1100,C2CB380,2026,3,230000,F2,2026-06-24,2026-06-24,MYR,1.0,-230.00,SST-S,CC380,MYC0000380,Cred 380,PC01
1100,C2CB381,2026,1,140000,F2,2026-06-25,2026-06-25,MYR,1.0,3118.50,SST-S,CC381,MYC0000381,Cred 381,PC01
1100,C2CB381,2026,2,400000,F2,2026-06-25,2026-06-25,MYR,1.0,-2887.50,SST-S,CC381,MYC0000381,Cred 381,PC01
1100,C2CB381,2026,3,230000,F2,2026-06-25,2026-06-25,MYR,1.0,-231.00,SST-S,CC381,MYC0000381,Cred 381,PC01
1100,C2CB382,2026,1,140000,F2,2026-06-26,2026-06-26,MYR,1.0,3132.00,SST-S,CC382,MYC0000382,Cred 382,PC01
1100,C2CB382,2026,2,400000,F2,2026-06-26,2026-06-26,MYR,1.0,-2900.00,SST-S,CC382,MYC0000382,Cred 382,PC01
1100,C2CB382,2026,3,230000,F2,2026-06-26,2026-06-26,MYR,1.0,-232.00,SST-S,CC382,MYC0000382,Cred 382,PC01
1100,C2CB383,2026,1,140000,F2,2026-06-27,2026-06-27,MYR,1.0,3145.50,SST-S,CC383,MYC0000383,Cred 383,PC01
1100,C2CB383,2026,2,400000,F2,2026-06-27,2026-06-27,MYR,1.0,-2912.50,SST-S,CC383,MYC0000383,Cred 383,PC01
1100,C2CB383,2026,3,230000,F2,2026-06-27,2026-06-27,MYR,1.0,-233.00,SST-S,CC383,MYC0000383,Cred 383,PC01
1100,C2CB384,2026,1,140000,F2,2026-06-20,2026-06-20,MYR,1.0,3159.00,SST-S,CC384,MYC0000384,Cred 384,PC01
1100,C2CB384,2026,2,400000,F2,2026-06-20,2026-06-20,MYR,1.0,-2925.00,SST-S,CC384,MYC0000384,Cred 384,PC01
1100,C2CB384,2026,3,230000,F2,2026-06-20,2026-06-20,MYR,1.0,-234.00,SST-S,CC384,MYC0000384,Cred 384,PC01
1100,C2CB385,2026,1,140000,F2,2026-06-21,2026-06-21,MYR,1.0,3172.50,SST-S,CC385,MYC0000385,Cred 385,PC01
1100,C2CB385,2026,2,400000,F2,2026-06-21,2026-06-21,MYR,1.0,-2937.50,SST-S,CC385,MYC0000385,Cred 385,PC01
1100,C2CB385,2026,3,230000,F2,2026-06-21,2026-06-21,MYR,1.0,-235.00,SST-S,CC385,MYC0000385,Cred 385,PC01
1100,C2CB386,2026,1,140000,F2,2026-06-22,2026-06-22,MYR,1.0,3186.00,SST-S,CC386,MYC0000386,Cred 386,PC01
1100,C2CB386,2026,2,400000,F2,2026-06-22,2026-06-22,MYR,1.0,-2950.00,SST-S,CC386,MYC0000386,Cred 386,PC01
1100,C2CB386,2026,3,230000,F2,2026-06-22,2026-06-22,MYR,1.0,-236.00,SST-S,CC386,MYC0000386,Cred 386,PC01
1100,C2CB387,2026,1,140000,F2,2026-06-23,2026-06-23,MYR,1.0,3199.50,SST-S,CC387,MYC0000387,Cred 387,PC01
1100,C2CB387,2026,2,400000,F2,2026-06-23,2026-06-23,MYR,1.0,-2962.50,SST-S,CC387,MYC0000387,Cred 387,PC01
1100,C2CB387,2026,3,230000,F2,2026-06-23,2026-06-23,MYR,1.0,-237.00,SST-S,CC387,MYC0000387,Cred 387,PC01
1100,C2CB388,2026,1,140000,F2,2026-06-24,2026-06-24,MYR,1.0,3213.00,SST-S,CC388,MYC0000388,Cred 388,PC01
1100,C2CB388,2026,2,400000,F2,2026-06-24,2026-06-24,MYR,1.0,-2975.00,SST-S,CC388,MYC0000388,Cred 388,PC01
1100,C2CB388,2026,3,230000,F2,2026-06-24,2026-06-24,MYR,1.0,-238.00,SST-S,CC388,MYC0000388,Cred 388,PC01
1100,C2CB389,2026,1,140000,F2,2026-06-25,2026-06-25,MYR,1.0,3226.50,SST-S,CC389,MYC0000389,Cred 389,PC01
1100,C2CB389,2026,2,400000,F2,2026-06-25,2026-06-25,MYR,1.0,-2987.50,SST-S,CC389,MYC0000389,Cred 389,PC01
1100,C2CB389,2026,3,230000,F2,2026-06-25,2026-06-25,MYR,1.0,-239.00,SST-S,CC389,MYC0000389,Cred 389,PC01
1100,C2CB390,2026,1,140000,F2,2026-06-26,2026-06-26,MYR,1.0,3240.00,SST-S,CC390,MYC0000390,Cred 390,PC01
1100,C2CB390,2026,2,400000,F2,2026-06-26,2026-06-26,MYR,1.0,-3000.00,SST-S,CC390,MYC0000390,Cred 390,PC01
1100,C2CB390,2026,3,230000,F2,2026-06-26,2026-06-26,MYR,1.0,-240.00,SST-S,CC390,MYC0000390,Cred 390,PC01
1100,C2CB391,2026,1,140000,F2,2026-06-27,2026-06-27,MYR,1.0,3253.50,SST-S,CC391,MYC0000391,Cred 391,PC01
1100,C2CB391,2026,2,400000,F2,2026-06-27,2026-06-27,MYR,1.0,-3012.50,SST-S,CC391,MYC0000391,Cred 391,PC01
1100,C2CB391,2026,3,230000,F2,2026-06-27,2026-06-27,MYR,1.0,-241.00,SST-S,CC391,MYC0000391,Cred 391,PC01
1100,C2CB392,2026,1,140000,F2,2026-06-20,2026-06-20,MYR,1.0,3267.00,SST-S,CC392,MYC0000392,Cred 392,PC01
1100,C2CB392,2026,2,400000,F2,2026-06-20,2026-06-20,MYR,1.0,-3025.00,SST-S,CC392,MYC0000392,Cred 392,PC01
1100,C2CB392,2026,3,230000,F2,2026-06-20,2026-06-20,MYR,1.0,-242.00,SST-S,CC392,MYC0000392,Cred 392,PC01
1100,C2CB393,2026,1,140000,F2,2026-06-21,2026-06-21,MYR,1.0,3280.50,SST-S,CC393,MYC0000393,Cred 393,PC01
1100,C2CB393,2026,2,400000,F2,2026-06-21,2026-06-21,MYR,1.0,-3037.50,SST-S,CC393,MYC0000393,Cred 393,PC01
1100,C2CB393,2026,3,230000,F2,2026-06-21,2026-06-21,MYR,1.0,-243.00,SST-S,CC393,MYC0000393,Cred 393,PC01
1100,C2CB394,2026,1,140000,F2,2026-06-22,2026-06-22,MYR,1.0,3294.00,SST-S,CC394,MYC0000394,Cred 394,PC01
1100,C2CB394,2026,2,400000,F2,2026-06-22,2026-06-22,MYR,1.0,-3050.00,SST-S,CC394,MYC0000394,Cred 394,PC01
1100,C2CB394,2026,3,230000,F2,2026-06-22,2026-06-22,MYR,1.0,-244.00,SST-S,CC394,MYC0000394,Cred 394,PC01
1100,C2CB395,2026,1,140000,F2,2026-06-23,2026-06-23,MYR,1.0,3307.50,SST-S,CC395,MYC0000395,Cred 395,PC01
1100,C2CB395,2026,2,400000,F2,2026-06-23,2026-06-23,MYR,1.0,-3062.50,SST-S,CC395,MYC0000395,Cred 395,PC01
1100,C2CB395,2026,3,230000,F2,2026-06-23,2026-06-23,MYR,1.0,-245.00,SST-S,CC395,MYC0000395,Cred 395,PC01
1100,C2CB396,2026,1,140000,F2,2026-06-24,2026-06-24,MYR,1.0,3321.00,SST-S,CC396,MYC0000396,Cred 396,PC01
1100,C2CB396,2026,2,400000,F2,2026-06-24,2026-06-24,MYR,1.0,-3075.00,SST-S,CC396,MYC0000396,Cred 396,PC01
1100,C2CB396,2026,3,230000,F2,2026-06-24,2026-06-24,MYR,1.0,-246.00,SST-S,CC396,MYC0000396,Cred 396,PC01
1100,C2CB397,2026,1,140000,F2,2026-06-25,2026-06-25,MYR,1.0,3334.50,SST-S,CC397,MYC0000397,Cred 397,PC01
1100,C2CB397,2026,2,400000,F2,2026-06-25,2026-06-25,MYR,1.0,-3087.50,SST-S,CC397,MYC0000397,Cred 397,PC01
1100,C2CB397,2026,3,230000,F2,2026-06-25,2026-06-25,MYR,1.0,-247.00,SST-S,CC397,MYC0000397,Cred 397,PC01
1100,C2CB398,2026,1,140000,F2,2026-06-26,2026-06-26,MYR,1.0,3348.00,SST-S,CC398,MYC0000398,Cred 398,PC01
1100,C2CB398,2026,2,400000,F2,2026-06-26,2026-06-26,MYR,1.0,-3100.00,SST-S,CC398,MYC0000398,Cred 398,PC01
1100,C2CB398,2026,3,230000,F2,2026-06-26,2026-06-26,MYR,1.0,-248.00,SST-S,CC398,MYC0000398,Cred 398,PC01
1100,C2CB399,2026,1,140000,F2,2026-06-27,2026-06-27,MYR,1.0,3361.50,SST-S,CC399,MYC0000399,Cred 399,PC01
1100,C2CB399,2026,2,400000,F2,2026-06-27,2026-06-27,MYR,1.0,-3112.50,SST-S,CC399,MYC0000399,Cred 399,PC01
1100,C2CB399,2026,3,230000,F2,2026-06-27,2026-06-27,MYR,1.0,-249.00,SST-S,CC399,MYC0000399,Cred 399,PC01
